product_id,timestamp,price,midprice,log_return,spread_abs,spread_bps,vol_60s,mean_return_60s,n_ticks_60s,trade_intensity_60s,spread_mean_60s,price_range_60s,future_vol_60s,vol_spike
BTC-USD,2026-04-06T15:02:34.590029066Z,69705.9,69705.905,0.0,0.010000000009313226,0.0014345986913609724,0.0,0.0,1,0.016666666666666666,0.010000000009313226,0.0,3.956424847354689e-05,0
BTC-USD,2026-04-06T15:02:34.840682702Z,69705.9,69705.905,0.0,0.010000000009313226,0.0014345986913609724,0.0,0.0,2,0.03333333333333333,0.010000000009313226,0.0,3.951200383076082e-05,0
BTC-USD,2026-04-06T15:02:35.087776268Z,69705.9,69705.905,0.0,0.010000000009313226,0.0014345986913609724,0.0,0.0,3,0.05,0.010000000009313226,0.0,3.951200383076082e-05,0
BTC-USD,2026-04-06T15:02:35.340169409Z,69705.9,69705.905,0.0,0.010000000009313226,0.0014345986913609724,0.0,0.0,4,0.06666666666666667,0.010000000009313226,0.0,3.951200383076082e-05,0
BTC-USD,2026-04-06T15:02:35.587742522Z,69705.9,69705.905,0.0,0.010000000009313226,0.0014345986913609724,0.0,0.0,5,0.08333333333333333,0.010000000009313226,0.0,3.9461026659354514e-05,0
BTC-USD,2026-04-06T15:02:35.763637311Z,69705.91,69705.905,1.4345986924098155e-07,0.010000000009313226,0.0014345986913609724,5.7383947696392623e-08,2.8691973848196312e-08,6,0.1,0.010000000009313226,0.010000000009313226,3.946099388138025e-05,0
BTC-USD,2026-04-06T15:02:35.841715768Z,69705.91,69705.905,0.0,0.010000000009313226,0.0014345986913609724,5.3464336611010985e-08,2.390997820683026e-08,7,0.11666666666666667,0.010000000009313226,0.010000000009313226,3.9513060135612235e-05,0
BTC-USD,2026-04-06T15:02:36.089040062Z,69705.91,69705.905,0.0,0.010000000009313226,0.0014345986913609724,5.0200496886685755e-08,2.0494267034425937e-08,8,0.13333333333333333,0.010000000009313226,0.010000000009313226,3.948008375775362e-05,0
BTC-USD,2026-04-06T15:02:36.33958347Z,69705.91,69705.905,0.0,0.010000000009313226,0.0014345986913609724,4.744489214118521e-08,1.7932483655122694e-08,9,0.15,0.010000000009313226,0.010000000009313226,3.948008375775362e-05,0
BTC-USD,2026-04-06T15:02:36.524376254Z,69705.9,69705.905,-1.4345986917156736e-07,0.010000000009313226,0.0014345986913609724,6.76276308959279e-08,7.712687912090256e-18,10,0.16666666666666666,0.010000000009313226,0.010000000009313226,3.947729102894798e-05,0
BTC-USD,2026-04-06T15:02:36.593723148Z,69705.9,69694.33499999999,0.0,0.00999999999476131,0.0014348368478960753,6.41572039176917e-08,6.941419120881231e-18,11,0.18333333333333332,0.010000000007990324,0.010000000009313226,3.947729102894798e-05,0
BTC-USD,2026-04-06T15:02:36.765234978Z,69699.49,69694.33499999999,-9.196201100272221e-05,0.00999999999476131,0.0014348368478960753,2.6437290132072133e-05,-8.36018281842298e-06,12,0.2,0.010000000006887907,6.419999999998254,3.926426953570748e-05,0
BTC-USD,2026-04-06T15:02:36.844760487Z,69699.49,69691.725,0.0,0.00999999999476131,0.0014348905834604194,2.5417024598838073e-05,-7.663500916887733e-06,13,0.21666666666666667,0.01000000000595509,6.419999999998254,3.926426953570748e-05,0
BTC-USD,2026-04-06T15:02:37.010117213Z,69694.34,69691.725,-7.389136237018625e-05,0.00999999999476131,0.0014348905834604194,3.012925580413567e-05,-1.2757951797910694e-05,14,0.23333333333333334,0.010000000005155536,11.570000000006985,3.914595047135921e-05,0
BTC-USD,2026-04-06T15:02:37.09023746Z,69694.34,69690.455,0.0,0.010000000009313226,0.00143491673419455,2.921860458904089e-05,-1.1846669526631359e-05,15,0.25,0.010000000005432715,11.570000000006985,3.9197828480364774e-05,0
BTC-USD,2026-04-06T15:02:37.218182668Z,69690.46,69690.455,-5.567321545809242e-05,0.010000000009313226,0.00143491673419455,3.0270878206502623e-05,-1.476843925539543e-05,16,0.26666666666666666,0.010000000005675247,15.44999999999709,3.9102918002361024e-05,0
BTC-USD,2026-04-06T15:02:37.343563824Z,69690.46,69690.41,0.0,0.10000000000582077,0.014349176594860149,2.9526858677795926e-05,-1.3845411801933216e-05,17,0.2833333333333333,0.01529411765274263,15.44999999999709,3.9052369615195565e-05,0
BTC-USD,2026-04-06T15:02:37.497866526Z,69690.36,69690.41,-1.4349176594548328e-06,0.10000000000582077,0.014349176594860149,2.8793715079606633e-05,-1.3115382734728605e-05,18,0.3,0.020000000005691417,15.55000000000291,3.9104348641958236e-05,0
BTC-USD,2026-04-06T15:02:37.588501304Z,69690.36,69686.545,0.0,0.010000000009313226,0.0014349972450654895,2.8143267844364107e-05,-1.2386750360577016e-05,19,0.31666666666666665,0.019473684216408355,15.55000000000291,3.91043759835609e-05,0
BTC-USD,2026-04-06T15:02:37.723139337Z,69689.13,69686.545,-1.7649655627628935e-05,0.010000000009313226,0.0014349972450654895,2.741784265631711e-05,-1.266374537463238e-05,20,0.3333333333333333,0.019000000006053598,16.779999999998836,3.909699840990778e-05,0
BTC-USD,2026-04-06T15:02:37.842948936Z,69689.13,69685.775,0.0,1.5500000000029104,0.22242703048117216,2.6865754918829774e-05,-1.2030558105900762e-05,21,0.35,0.09190476191066582,16.779999999998836,3.909697293148476e-05,0
BTC-USD,2026-04-06T15:02:37.954072789Z,69686.0,69685.775,-4.4914756320362794e-05,1.5500000000029104,0.22242703048117216,2.7137438913460906e-05,-1.3596472306589428e-05,22,0.36666666666666664,0.15818181818758603,19.910000000003492,3.9036132009994905e-05,0
BTC-USD,2026-04-06T15:02:38.090876247Z,69686.0,69681.38500000001,0.0,0.00999999999476131,0.0014351035064474262,2.666433910148792e-05,-1.297845083810809e-05,23,0.38333333333333336,0.15173913044007192,19.910000000003492,3.912398067498412e-05,0
BTC-USD,2026-04-06T15:02:38.234178561Z,69682.37,69681.38500000001,-5.209216410903555e-05,0.00999999999476131,0.0014351035064474262,2.727084722011365e-05,-1.467904706727885e-05,24,0.4,0.14583333333818396,23.54000000000815,3.904073709899213e-05,0
BTC-USD,2026-04-06T15:02:38.342396685Z,69682.37,69681.38500000001,0.0,0.00999999999476131,0.0014351035064474262,2.6857320392692134e-05,-1.406742010614223e-05,25,0.4166666666666667,0.14040000000444708,23.54000000000815,3.93438096731151e-05,0
BTC-USD,2026-04-06T15:02:38.49859904Z,69681.38,69681.38500000001,-1.4207424814663127e-05,0.00999999999476131,0.0014351035064474262,2.6314706629930628e-05,-1.4073020294483066e-05,26,0.43333333333333335,0.13538461538868993,24.529999999998836,3.933966174189596e-05,0
BTC-USD,2026-04-06T15:02:38.588587346Z,69681.38,69681.38500000001,0.0,0.00999999999476131,0.0014351035064474262,2.5945228716424926e-05,-1.3531750283156795e-05,27,0.45,0.13074074074447034,24.529999999998836,3.937910172800657e-05,0
BTC-USD,2026-04-06T15:02:38.840669104Z,69681.38,69681.38500000001,0.0,0.00999999999476131,0.0014351035064474262,2.5588158213100478e-05,-1.303057434674358e-05,28,0.4666666666666667,0.12642857143198075,24.529999999998836,3.93269270887353e-05,0
BTC-USD,2026-04-06T15:02:39.088113003Z,69681.38,69681.38500000001,0.0,0.00999999999476131,0.0014351035064474262,2.5243164159271445e-05,-1.2565196691502738e-05,29,0.48333333333333334,0.12241379310655938,24.529999999998836,3.9313770414126166e-05,0
BTC-USD,2026-04-06T15:02:39.265118524Z,69681.39,69681.38500000001,1.4351035063057873e-07,0.00999999999476131,0.0014351035064474262,2.491227872810474e-05,-1.2126965414187795e-05,30,0.5,0.11866666666949945,24.529999999998836,3.93656884653332e-05,0
BTC-USD,2026-04-06T15:02:39.339686955Z,69681.39,69681.38500000001,0.0,0.00999999999476131,0.0014351035064474262,2.4590098611610343e-05,-1.172273323371487e-05,31,0.5166666666666667,0.11516129032515304,24.529999999998836,3.936566035144103e-05,0
BTC-USD,2026-04-06T15:02:39.588683882Z,69681.39,69681.38500000001,0.0,0.00999999999476131,0.0014351035064474262,2.4278742848414827e-05,-1.1344580548756324e-05,32,0.5333333333333333,0.1118750000023283,24.529999999998836,3.941781410305138e-05,0
BTC-USD,2026-04-06T15:02:39.764681169Z,69681.38,69681.38500000001,-1.435103506866735e-07,0.00999999999476131,0.0014351035064474262,2.397571766893195e-05,-1.0994547105066648e-05,33,0.55,0.1087878787899778,24.529999999998836,3.9417842300844665e-05,0
BTC-USD,2026-04-06T15:02:39.839381752Z,69681.38,69681.38500000001,0.0,0.00999999999476131,0.0014351035064474262,2.368475935064435e-05,-1.0661379010973719e-05,34,0.5666666666666667,0.10588235294305966,24.529999999998836,3.947020399764557e-05,0
BTC-USD,2026-04-06T15:02:40.088003591Z,69681.38,69681.38500000001,0.0,0.00999999999476131,0.0014351035064474262,2.3403280410799336e-05,-1.0347809040062728e-05,35,0.5833333333333334,0.10314285714453685,24.529999999998836,3.9417842300844665e-05,0
BTC-USD,2026-04-06T15:02:40.317070867Z,69681.39,69681.38500000001,1.4351035063057873e-07,0.00999999999476131,0.0014351035064474262,2.3132650483870088e-05,-1.0048057057471489e-05,36,0.6,0.10055555555704308,24.529999999998836,3.9470174289437286e-05,0
BTC-USD,2026-04-06T15:02:40.342783932Z,69681.39,69687.33499999999,0.0,0.00999999999476131,0.0014349809753467127,2.2868793666045725e-05,-9.768944361430615e-06,37,0.6166666666666667,0.09810810810941385,24.529999999998836,3.9470174289437286e-05,0
BTC-USD,2026-04-06T15:02:40.589232208Z,69681.39,69689.125,0.0,0.010000000009313226,0.0014349441192314045,2.261319578759271e-05,-9.504918838148705e-06,38,0.6333333333333333,0.09578947368572699,24.529999999998836,3.947020403159558e-05,0
BTC-USD,2026-04-06T15:02:40.609391718Z,69682.72,69689.125,1.9086693124211275e-05,0.010000000009313226,0.0014349441192314045,2.2778199823594467e-05,-8.75250799703397e-06,39,0.65,0.09358974359145997,24.529999999998836,3.9506508867702544e-05,0
BTC-USD,2026-04-06T15:02:40.754408578Z,69685.17,69689.125,3.5158744245232355e-05,0.010000000009313226,0.0014349441192314045,2.353116853429017e-05,-7.626578452360474e-06,40,0.6666666666666666,0.0915000000019063,24.529999999998836,3.945716206363934e-05,0
BTC-USD,2026-04-06T15:02:40.842565621Z,69685.17,69689.125,0.0,0.010000000009313226,0.0014349441192314045,2.3265656229942936e-05,-7.435913991051462e-06,41,0.6833333333333333,0.08951219512403817,24.529999999998836,3.950982454430695e-05,0
BTC-USD,2026-04-06T15:02:41.014154119Z,69689.12,69689.125,5.668190311225018e-05,0.010000000009313226,0.0014349441192314045,2.5018263702234443e-05,-5.872064793409959e-06,42,0.7,0.08761904762130664,24.529999999998836,3.9387913215528826e-05,0
BTC-USD,2026-04-06T15:02:41.0870419Z,69689.12,69689.125,0.0,0.010000000009313226,0.0014349441192314045,2.4734838757429174e-05,-5.732253726900198e-06,43,0.7166666666666667,0.08581395349079515,24.529999999998836,3.944376723725696e-05,0
BTC-USD,2026-04-06T15:02:41.340431813Z,69689.12,69689.125,0.0,0.010000000009313226,0.0014349441192314045,2.446079397785594e-05,-5.598945500693216e-06,44,0.7333333333333333,0.08409090909348875,24.529999999998836,3.9832465585411784e-05,0
BTC-USD,2026-04-06T15:02:41.588729116Z,69689.12,69689.125,0.0,0.010000000009313226,0.0014349441192314045,2.419562542119659e-05,-5.4716967393138255e-06,45,0.75,0.08244444444717373,24.529999999998836,3.9779458134663886e-05,0
BTC-USD,2026-04-06T15:02:42.08667827Z,69689.12,69689.125,0.0,0.010000000009313226,0.0014349441192314045,2.393886606558167e-05,-5.350103478440184e-06,46,0.7666666666666667,0.08086956522026373,24.529999999998836,3.972692776782003e-05,0
BTC-USD,2026-04-06T15:02:42.591395498Z,69689.12,69684.005,0.0,0.00999999999476131,0.0014350495489978382,2.3690082422114464e-05,-5.23379688108279e-06,47,0.7833333333333333,0.07936170213035942,24.529999999998836,3.959981186277338e-05,0
BTC-USD,2026-04-06T15:02:42.834629238Z,69689.11,69684.005,-1.4349443230666212e-07,0.00999999999476131,0.0014350495489978382,2.3448213702776832e-05,-5.12549257366202e-06,48,0.8,0.07791666666920112,24.529999999998836,3.965206403888549e-05,0
BTC-USD,2026-04-06T15:02:42.840630997Z,69689.11,69684.005,0.0,0.00999999999476131,0.0014350495489978382,2.3214221343200487e-05,-5.018711478377395e-06,49,0.8166666666666667,0.07653061224727378,24.529999999998836,3.970449745337373e-05,0
BTC-USD,2026-04-06T15:02:43.088263539Z,69689.11,69684.005,0.0,0.00999999999476131,0.0014350495489978382,2.2987075746956852e-05,-4.9162887951452034e-06,50,0.8333333333333334,0.07520000000222353,24.529999999998836,3.965206403888549e-05,0
BTC-USD,2026-04-06T15:02:43.108094213Z,69686.0,69684.005,-4.462776747605304e-05,0.00999999999476131,0.0014350495489978382,2.342534457661786e-05,-5.71051836876336e-06,51,0.85,0.0739215686295282,24.529999999998836,3.964591890149724e-05,0
BTC-USD,2026-04-06T15:02:43.270902517Z,69684.0,69684.005,-2.8700581188726383e-05,0.00999999999476131,0.0014350495489978382,2.341254809658521e-05,-6.16130391425283e-06,52,0.8666666666666667,0.07269230769424422,24.529999999998836,3.967592567328661e-05,0
BTC-USD,2026-04-06T15:02:43.344340893Z,69684.0,69678.775,0.0,0.00999999999476131,0.0014351572619870701,2.3201769437251435e-05,-6.042817300517199e-06,53,0.8833333333333333,0.0715094339640653,24.529999999998836,3.967592567328661e-05,0
BTC-USD,2026-04-06T15:02:43.53652821Z,69684.01,69678.775,1.4350495494745337e-07,0.00999999999476131,0.0014351572619870701,2.2997250843731224e-05,-5.926094239093338e-06,54,0.9,0.07037037037204115,24.529999999998836,3.9698028272453015e-05,0
BTC-USD,2026-04-06T15:02:43.591075076Z,69684.01,69678.775,0.0,0.00999999999476131,0.0014351572619870701,2.2797322051228196e-05,-5.816351753184201e-06,55,0.9166666666666666,0.06927272727427242,24.529999999998836,3.975082285160023e-05,0
BTC-USD,2026-04-06T15:02:43.77224964Z,69678.77,69678.775,-7.519941841657561e-05,0.00999999999476131,0.0014351572619870701,2.441729963938365e-05,-7.0778620561549545e-06,56,0.9333333333333333,0.06821428571570973,27.139999999999418,3.962612581891609e-05,0
BTC-USD,2026-04-06T15:02:43.844171664Z,69678.77,69676.185,0.0,0.010000000009313226,0.001435210611676461,2.4216453324238956e-05,-6.951471662295045e-06,57,0.95,0.06719298245770276,27.139999999999418,3.957334846033428e-05,0
BTC-USD,2026-04-06T15:02:43.980448297Z,69676.21,69676.185,-3.6740703493846046e-05,0.010000000009313226,0.001435210611676461,2.431961167712375e-05,-7.474089764602957e-06,58,0.9666666666666667,0.06620689655342019,29.69999999999709,3.9533752358883116e-05,0
BTC-USD,2026-04-06T15:02:44.0893066Z,69676.21,69676.185,0.0,0.010000000009313226,0.001435210611676461,2.412867055184114e-05,-7.345226147971871e-06,59,0.9833333333333333,0.06525423728996074,29.69999999999709,3.9533752358883116e-05,0
BTC-USD,2026-04-06T15:02:44.345067064Z,69676.21,69688.13500000001,0.0,1.9900000000052387,0.28555793608269736,2.3942097160937077e-05,-7.22073078953167e-06,60,1.0,0.09733333333521538,29.69999999999709,3.9533752358883116e-05,0
BTC-USD,2026-04-06T15:02:44.523221455Z,69687.15,69688.13500000001,0.0001569996593432204,1.9900000000052387,0.28555793608269736,3.171200646209714e-05,-4.4837242873191345e-06,61,1.0166666666666666,0.128360655739642,29.69999999999709,3.871455482491314e-05,0
BTC-USD,2026-04-06T15:02:44.596962681Z,69687.15,69704.735,0.0,1.4700000000011642,0.210889547173684,3.1456150964709183e-05,-4.410220610477837e-06,62,1.0333333333333334,0.15000000000192462,29.69999999999709,3.8766280056448675e-05,0
BTC-USD,2026-04-06T15:02:44.748998585Z,69699.07,69704.735,0.00017103555902533039,1.4700000000011642,0.210889547173684,3.8236025429582754e-05,-1.580449971190608e-06,63,1.05,0.1709523809542935,29.69999999999709,3.7701191057278665e-05,0
BTC-USD,2026-04-06T15:02:44.848667078Z,69699.07,69714.565,0.0,0.6900000000023283,0.09897501332789328,3.7931865377602395e-05,-1.5553634637113921e-06,64,1.0666666666666667,0.17906250000191903,29.69999999999709,3.7701191057278665e-05,0
BTC-USD,2026-04-06T15:02:45.002068162Z,69710.03,69714.565,0.0001572350732135155,0.6900000000023283,0.09897501332789328,4.24754509303704e-05,9.25737109370278e-07,65,1.0833333333333333,0.18692307692500226,33.81999999999243,3.6818118873758275e-05,0
BTC-USD,2026-04-06T15:02:45.090556724Z,69710.03,69711.795,0.0,0.010000000009313226,0.0014344774810795254,4.2147604263696875e-05,9.114949999953507e-07,66,1.1,0.18424242424446152,33.81999999999243,3.691537827607293e-05,0
BTC-USD,2026-04-06T15:02:45.270736199Z,69714.24,69711.795,6.0391207374275356e-05,0.010000000009313226,0.0014344774810795254,4.245346258526444e-05,1.8127027632420174e-06,67,1.1166666666666667,0.181641791046922,38.029999999998836,3.681374767581308e-05,0
BTC-USD,2026-04-06T15:02:45.343757017Z,69714.24,69711.795,0.0,0.010000000009313226,0.0014344774810795254,4.2136027922675285e-05,1.7856474981190022e-06,68,1.1333333333333333,0.1791176470610748,38.029999999998836,3.681370573230796e-05,0
BTC-USD,2026-04-06T15:02:45.479314038Z,69711.79,69711.795,-3.5144083214077496e-05,0.010000000009313226,0.0014344774810795254,4.206062745052575e-05,1.242563222939642e-06,69,1.15,0.17666666666902028,38.029999999998836,3.677879763300891e-05,0
BTC-USD,2026-04-06T15:02:45.589870976Z,69711.79,69711.795,0.0,0.010000000009313226,0.0014344774810795254,4.175499198329949e-05,1.2245550602883426e-06,70,1.1666666666666667,0.17428571428816733,38.029999999998836,3.677879763300892e-05,0
BTC-USD,2026-04-06T15:02:45.845882689Z,69711.79,69702.005,0.0,0.00999999999476131,0.001434678958626988,4.145592386489168e-05,1.2070614165699378e-06,71,1.1833333333333333,0.1719718309882602,38.029999999998836,3.677879763300892e-05,0
BTC-USD,2026-04-06T15:02:46.023306063Z,69702.01,69702.005,-0.0001403017494112992,0.00999999999476131,0.001434678958626988,4.4412322003052593e-05,-7.860204260761063e-07,72,1.2,0.1697222222244616,38.029999999998836,3.6138109671042056e-05,0
BTC-USD,2026-04-06T15:02:46.089458844Z,69702.01,69706.015,0.0,0.010000000009313226,0.0014345964274838012,4.410292063144035e-05,-7.751034757139381e-07,73,1.2166666666666666,0.16753424657767874,38.029999999998836,3.611741177207288e-05,0
BTC-USD,2026-04-06T15:02:46.247006843Z,69707.32,69706.015,7.617854561919121e-05,0.010000000009313226,0.0014345964274838012,4.470383675037973e-05,2.790561009285982e-07,74,1.2333333333333334,0.16540540540783596,38.029999999998836,3.592740410229548e-05,0
BTC-USD,2026-04-06T15:02:46.340526542Z,69707.32,69708.015,0.0,0.010000000009313226,0.0014345552673266089,4.440076808669011e-05,2.752850725376712e-07,75,1.25,0.16333333333585567,38.029999999998836,3.58795161531335e-05,0
BTC-USD,2026-04-06T15:02:46.519269353Z,69706.02,69708.015,-1.8649578297747543e-05,0.010000000009313226,0.0014345552673266089,4.415715304970308e-05,2.2953560933868327e-08,76,1.2666666666666666,0.1613157894762959,38.029999999998836,3.5919570391649006e-05,0
BTC-USD,2026-04-06T15:02:46.58721846Z,69706.02,69708.015,0.0,0.010000000009313226,0.0014345552673266089,4.3865683585633134e-05,2.2651540395264797e-08,77,1.2833333333333334,0.15935064935334806,38.029999999998836,3.59676954269332e-05,0
BTC-USD,2026-04-06T15:02:46.76670942Z,69708.01,69708.015,2.8548059332810602e-05,0.010000000009313226,0.0014345552673266089,4.3699415179409694e-05,3.9311138185520426e-07,78,1.3,0.15743589743868094,38.029999999998836,3.626274819313066e-05,0
BTC-USD,2026-04-06T15:02:46.839954861Z,69708.01,69705.57500000001,0.0,0.00999999999476131,0.0014346054809477302,4.341840960959123e-05,3.880714923442401e-07,79,1.3166666666666667,0.15556962025584653,38.029999999998836,3.631139283009582e-05,0
BTC-USD,2026-04-06T15:02:46.994452467Z,69705.58,69705.57500000001,-3.486030307721165e-05,0.00999999999476131,0.0014346054809477302,4.332232265491541e-05,-5.811046423241677e-08,80,1.3333333333333333,0.15375000000258296,38.029999999998836,3.6275036635959085e-05,0
BTC-USD,2026-04-06T15:02:47.087912687Z,69705.58,69705.57500000001,0.0,0.00999999999476131,0.0014346054809477302,4.30507071532697e-05,-5.7384083429511564e-08,81,1.35,0.1519753086444617,38.029999999998836,3.882528588114365e-05,0
BTC-USD,2026-04-06T15:02:47.357326764Z,69705.58,69700.795,0.0,0.010000000009313226,0.0014347038666220702,4.27841372133002e-05,-5.667563795507315e-08,82,1.3666666666666667,0.15024390244159405,38.029999999998836,4.1546330423149106e-05,0
BTC-USD,2026-04-06T15:02:47.495821793Z,69700.8,69700.795,-6.857648842000315e-05,0.010000000009313226,0.0014347038666220702,4.31823675680428e-05,-8.92283110906879e-07,83,1.3833333333333333,0.14855421687012077,38.029999999998836,4.146364611973215e-05,0
BTC-USD,2026-04-06T15:02:47.591973244Z,69700.8,69703.18,0.0,2.1999999999970896,0.3156240504374535,4.2921554926532e-05,-8.8153271198029e-07,84,1.4,0.17297619047877516,38.029999999998836,4.146364611973215e-05,0
BTC-USD,2026-04-06T15:02:47.764668578Z,69701.85,69703.18,1.506427603816134e-05,2.1999999999970896,0.3156240504374535,4.270034175504638e-05,-6.917016554309849e-07,85,1.4166666666666667,0.19682352941428474,38.029999999998836,4.148190941914063e-05,0
BTC-USD,2026-04-06T15:02:47.841562736Z,69701.85,69702.08499999999,0.0,0.00999999999476131,0.0014346773119859055,4.244848565803777e-05,-6.835639888965028e-07,86,1.4333333333333333,0.1946511627931275,38.029999999998836,4.148190941914063e-05,0
BTC-USD,2026-04-06T15:02:47.960379756Z,69702.09,69702.08499999999,3.443231231245592e-06,0.00999999999476131,0.0014346773119859055,4.2203289419988005e-05,-6.35577997964618e-07,87,1.45,0.1925287356345256,38.029999999998836,4.153666019257635e-05,0
BTC-USD,2026-04-06T15:02:48.089142536Z,69702.09,69707.795,0.0,0.07000000000698492,0.01004191855544777,4.196009546201263e-05,-6.282725037351396e-07,88,1.4666666666666666,0.19113636363875808,38.029999999998836,4.153666019257635e-05,0
BTC-USD,2026-04-06T15:02:48.342908005Z,69702.09,69707.89499999999,0.0,0.00999999999476131,0.0014345577347818798,4.172105779807907e-05,-6.21133043465422e-07,89,1.4833333333333334,0.1891011235978143,38.029999999998836,4.153666019257636e-05,0
BTC-USD,2026-04-06T15:02:48.496883898Z,69707.07,69707.89499999999,7.144437283936027e-05,0.00999999999476131,0.0014345577347818798,4.217566132440805e-05,1.8859174173486663e-07,90,1.5,0.18711111111333595,38.029999999998836,4.1410333386763114e-05,0
BTC-USD,2026-04-06T15:02:48.589897678Z,69707.07,69711.795,0.0,0.010000000009313226,0.0014344774810795254,4.194070225358019e-05,1.8649627793781257e-07,91,1.5166666666666666,0.1851648351671379,38.029999999998836,4.135452296623488e-05,0
BTC-USD,2026-04-06T15:02:48.739259967Z,69711.8,69711.795,6.785308189349166e-05,0.010000000009313226,0.0014344774810795254,4.230195955599367e-05,9.300851308559868e-07,92,1.5333333333333334,0.18326086956759632,38.029999999998836,4.124350761350259e-05,0
BTC-USD,2026-04-06T15:02:48.84221196Z,69711.8,69707.905,0.0,0.010000000009313226,0.0014345575310738753,4.207153998312339e-05,9.199755098684217e-07,93,1.55,0.18139784946481907,38.029999999998836,4.124350761350259e-05,0
BTC-USD,2026-04-06T15:02:49.018987816Z,69707.91,69707.905,-5.580272690293915e-05,0.010000000009313226,0.0014345575310738753,4.22517035877499e-05,3.100539785479101e-07,94,1.5666666666666667,0.17957446808763283,38.029999999998836,4.1179113766592955e-05,0
BTC-USD,2026-04-06T15:02:49.087081093Z,69707.91,69707.905,0.0,0.010000000009313226,0.0014345575310738753,4.2026371599753275e-05,3.0675553196761324e-07,95,1.5833333333333333,0.17778947368680842,38.029999999998836,4.123477576218698e-05,0
BTC-USD,2026-04-06T15:02:49.276876247Z,69707.9,69707.905,-1.434557531301354e-07,0.010000000009313226,0.0014345575310738753,4.180462025354964e-05,3.0201646580868955e-07,96,1.6,0.17604166666933452,38.029999999998836,4.1181763132302275e-05,0
BTC-USD,2026-04-06T15:02:49.341447602Z,69707.9,69707.905,0.0,0.010000000009313226,0.0014345575310738753,4.15863291771657e-05,2.988704609565157e-07,97,1.6166666666666667,0.17432989690995285,38.029999999998836,4.1237420610312115e-05,0
BTC-USD,2026-04-06T15:02:49.587987014Z,69707.9,69707.905,0.0,0.010000000009313226,0.0014345575310738753,4.137142232305047e-05,2.957893221837681e-07,98,1.6333333333333333,0.17265306122729326,38.029999999998836,4.125996264036178e-05,0
BTC-USD,2026-04-06T15:02:49.844491221Z,69707.9,69698.555,0.0,0.00999999999476131,0.001434749973620158,4.1159813141257605e-05,2.9277106379413784e-07,99,1.65,0.17101010101282324,38.029999999998836,4.187382478699307e-05,0
BTC-USD,2026-04-06T15:02:50.004240968Z,69699.42,69698.555,-0.0001216578872681117,0.00999999999476131,0.001434749973620158,4.272847116539832e-05,-9.390537678412746e-07,100,1.6666666666666667,0.16940000000264263,38.029999999998836,4.141872516131373e-05,0
BTC-USD,2026-04-06T15:02:50.089807352Z,69699.42,69694.32500000001,0.0,0.00999999999476131,0.0014348370537717824,4.251439468801765e-05,-9.29663230162862e-07,101,1.6833333333333333,0.16782178218078242,38.029999999998836,4.1474532453710676e-05,0
BTC-USD,2026-04-06T15:02:50.263131324Z,69695.0,69694.32500000001,-6.341717267421182e-05,0.00999999999476131,0.0014348370537717824,4.275342660343484e-05,-1.5483514424801784e-06,102,1.7,0.16627450980640965,38.029999999998836,4.1354705956689385e-05,0
BTC-USD,2026-04-06T15:02:50.344504099Z,69695.0,69689.13500000001,0.0,0.00999999999476131,0.0014349439112368533,4.254360830869446e-05,-1.5331715263774316e-06,103,1.7166666666666666,0.16475728155581112,38.029999999998836,4.129900464400927e-05,0
BTC-USD,2026-04-06T15:02:50.511138578Z,69689.13,69689.13500000001,-8.422766642756056e-05,0.00999999999476131,0.0014349439112368533,4.3106074342898594e-05,-2.336030700175326e-06,104,1.7333333333333334,0.16326923077157027,38.029999999998836,4.1136190702716185e-05,0
BTC-USD,2026-04-06T15:02:50.587971818Z,69689.13,69689.13500000001,0.0,0.00999999999476131,0.0014349439112368533,4.289893871168162e-05,-2.3135688665197937e-06,105,1.75,0.16180952381179114,38.029999999998836,4.1136190702716185e-05,0
BTC-USD,2026-04-06T15:02:50.763258687Z,69689.14,69689.13500000001,1.4349439117688996e-07,0.00999999999476131,0.0014349439112368533,4.2694836276634715e-05,-2.2901682640655398e-06,106,1.7666666666666666,0.16037735849276255,38.029999999998836,4.1191809798269564e-05,0
BTC-USD,2026-04-06T15:02:50.841986853Z,69689.14,69691.935,0.0,0.010000000009313226,0.0014348862618484084,4.2493545024017936e-05,-2.2685629030837893e-06,107,1.7833333333333334,0.15897196261908544,38.029999999998836,4.1191809798269564e-05,0
BTC-USD,2026-04-06T15:02:51.010066373Z,69691.94,69691.935,4.0177619521683335e-05,0.010000000009313226,0.0014348862618484084,4.249125092678911e-05,-1.871869609394377e-06,108,1.8,0.1575925925949209,38.029999999998836,4.118744812162451e-05,0
BTC-USD,2026-04-06T15:02:51.087586216Z,69691.94,69691.935,0.0,0.010000000009313226,0.0014348862618484084,4.229445467788391e-05,-1.854537483381466e-06,109,1.8166666666666667,0.15623853211248412,38.029999999998836,4.118744812162451e-05,0
BTC-USD,2026-04-06T15:02:51.26248043Z,69691.93,69691.935,-1.434886261724771e-07,0.010000000009313226,0.0014348862618484084,4.210031245396278e-05,-1.8388397874437691e-06,110,1.8333333333333333,0.15490909091154623,38.029999999998836,4.124346922231026e-05,0
BTC-USD,2026-04-06T15:02:51.341461846Z,69691.93,69691.935,0.0,0.010000000009313226,0.0014348862618484084,4.190887389682582e-05,-1.8221230621033712e-06,111,1.85,0.1536036036061207,38.029999999998836,4.124346922231026e-05,0
BTC-USD,2026-04-06T15:02:51.588007101Z,69691.93,69691.935,0.0,0.010000000009313226,0.0014348862618484084,4.17200233284418e-05,-1.8057075390213588e-06,112,1.8666666666666667,0.15232142857400635,38.029999999998836,4.1243955773468106e-05,0
BTC-USD,2026-04-06T15:02:51.840609932Z,69691.93,69688.405,0.0,0.010000000009313226,0.0014349589446498632,4.153370295956658e-05,-1.7895851502800968e-06,113,1.8833333333333333,0.15106194690529223,38.029999999998836,4.1187957454408024e-05,0
BTC-USD,2026-04-06T15:02:51.98458456Z,69691.9,69688.405,-4.304660016797633e-07,0.010000000009313226,0.0014349589446498632,4.134971303467723e-05,-1.777557547195138e-06,114,1.9,0.1498245614062047,38.029999999998836,4.124402502959794e-05,0
BTC-USD,2026-04-06T15:02:52.08754117Z,69691.9,69688.405,0.0,0.010000000009313226,0.0014349589446498632,4.116828885045998e-05,-1.7619649371320228e-06,115,1.9166666666666667,0.14860869565492738,38.029999999998836,4.124402502959794e-05,0
BTC-USD,2026-04-06T15:02:52.265132006Z,69688.4,69688.405,-5.022230545836407e-05,0.010000000009313226,0.0014349589446498632,4.1235102867589413e-05,-2.1833592025340405e-06,116,1.9333333333333333,0.1474137931062583,38.029999999998836,4.122512558352689e-05,0
BTC-USD,2026-04-06T15:02:52.588556317Z,69688.4,69688.405,0.0,0.010000000009313226,0.0014349589446498632,4.10574767897629e-05,-2.1645371404432297e-06,117,1.95,0.14623931624218184,38.029999999998836,4.1186790095218487e-05,0
BTC-USD,2026-04-06T15:02:52.840256842Z,69688.4,69688.405,0.0,0.010000000009313226,0.0014349589446498632,4.088212653743482e-05,-2.146036823003544e-06,118,1.9666666666666666,0.1450847457656321,38.029999999998836,4.1186790095218487e-05,0
BTC-USD,2026-04-06T15:02:53.08807099Z,69688.4,69688.405,0.0,0.010000000009313226,0.0014349589446498632,4.070900392436786e-05,-2.127850070266226e-06,119,1.9833333333333334,0.14394957983490675,38.029999999998836,4.1242971987102265e-05,0
BTC-USD,2026-04-06T15:02:53.317758734Z,69688.41,69688.405,1.434958944186496e-07,0.010000000009313226,0.0014349589446498632,4.053812706017917e-05,-2.108763129386521e-06,120,2.0,0.14283333333636014,38.029999999998836,4.118672214843876e-05,0
BTC-USD,2026-04-06T15:02:53.3401404Z,69688.41,69688.405,0.0,0.010000000009313226,0.0014349589446498632,4.0369319986914535e-05,-2.0911901033083003e-06,121,2.0166666666666666,0.1417355371931614,38.029999999998836,4.124290375493257e-05,0
BTC-USD,2026-04-06T15:02:53.497775972Z,69688.4,69688.405,-1.4349589447059535e-07,0.010000000009313226,0.0014349589446498632,4.020254522041013e-05,-2.0750934569542692e-06,122,2.033333333333333,0.1406557377080479,38.029999999998836,4.1242926490386624e-05,0
BTC-USD,2026-04-06T15:02:53.586724103Z,69688.4,69688.405,0.0,0.010000000009313226,0.0014349589446498632,4.0037878829657975e-05,-2.058084494192349e-06,123,2.05,0.13959349593813947,38.029999999998836,4.124295061215539e-05,0
BTC-USD,2026-04-06T15:02:53.749087838Z,69688.4,69688.405,0.0,0.010000000009313226,0.0014349589446498632,3.987521936620497e-05,-2.041352099930623e-06,124,2.066666666666667,0.13854838710000378,38.029999999998836,4.124295061215539e-05,0
BTC-USD,2026-04-06T15:02:53.841908594Z,69688.4,69688.405,0.0,0.010000000009313226,0.0014349589446498632,3.971452639204062e-05,-2.0248895829956982e-06,125,2.0833333333333335,0.13752000000327824,38.029999999998836,4.133661955566789e-05,0
BTC-USD,2026-04-06T15:02:53.973347122Z,69688.41,69688.405,1.434958944186496e-07,0.010000000009313226,0.0014349589446498632,3.955582096145964e-05,-2.0075424991763835e-06,126,2.1,0.13650793651126267,38.029999999998836,4.133659405865967e-05,0
BTC-USD,2026-04-06T15:02:54.089151101Z,69688.41,69686.545,0.0,0.010000000009313226,0.0014349972450654895,3.93989434364861e-05,-1.9916096221987932e-06,127,2.1166666666666667,0.13551181102699533,38.029999999998836,4.1280141888468685e-05,0
BTC-USD,2026-04-06T15:02:54.271005272Z,69686.54,69686.545,-2.683409034584999e-05,0.010000000009313226,0.0014349972450654895,3.930490133343983e-05,-2.1872197066369918e-06,128,2.1333333333333333,0.1345312500034197,38.029999999998836,4.131714030286845e-05,0
BTC-USD,2026-04-06T15:02:54.344985001Z,69686.54,69678.775,0.0,0.00999999999476131,0.0014351572619870701,3.915153909183207e-05,-2.17013205267889e-06,129,2.15,0.1335658914762208,38.029999999998836,4.131714030286845e-05,0
BTC-USD,2026-04-06T15:02:54.524349893Z,69683.95,69678.775,-3.7167121968188145e-05,0.00999999999476131,0.0014351572619870701,3.9120089459244454e-05,-2.4414265481479544e-06,130,2.1666666666666665,0.13261538461867112,38.029999999998836,4.128291226735703e-05,0
BTC-USD,2026-04-06T15:02:54.590067844Z,69683.95,69678.775,0.0,0.00999999999476131,0.0014351572619870701,3.896992086831048e-05,-2.4226463439314317e-06,131,2.183333333333333,0.13167938931619852,38.029999999998836,4.128291226735703e-05,0
BTC-USD,2026-04-06T15:02:54.734654252Z,69680.94,69678.775,-4.319595847226914e-05,0.00999999999476131,0.0014351572619870701,3.898276068850218e-05,-2.7338930013996582e-06,132,2.2,0.13075757576073307,38.029999999998836,4.1284112887823465e-05,0
BTC-USD,2026-04-06T15:02:54.996740091Z,69678.77,69678.775,-3.114242990564983e-05,0.00999999999476131,0.0014351572619870701,3.891286094942177e-05,-2.9491091900682204e-06,133,2.216666666666667,0.12984962406324457,38.029999999998836,4.12565045205136e-05,0
BTC-USD,2026-04-06T15:02:55.174741616Z,69678.77,69678.775,0.0,0.00999999999476131,0.0014351572619870701,3.8767133053668116e-05,-2.9269354367594367e-06,134,2.2333333333333334,0.12895522388362904,38.029999999998836,4.1200133803735045e-05,0
BTC-USD,2026-04-06T15:02:55.624250647Z,69678.77,69678.775,0.0,0.00999999999476131,0.0014351572619870701,3.862303016377669e-05,-2.9050926349925753e-06,135,2.25,0.12807407407704482,38.029999999998836,4.112385669563347e-05,0
BTC-USD,2026-04-06T15:02:55.842453413Z,69678.77,69678.775,0.0,0.00999999999476131,0.0014351572619870701,3.8480522303206576e-05,-2.8835734302889265e-06,136,2.2666666666666666,0.12720588235585156,38.029999999998836,4.112385669563347e-05,0
BTC-USD,2026-04-06T15:02:56.090649163Z,69678.77,69673.595,0.0,0.010000000009313226,0.00143526396324364,3.833958026388471e-05,-2.8623706844779784e-06,137,2.283333333333333,0.12635036496646077,38.029999999998836,4.112385669563347e-05,0
BTC-USD,2026-04-06T15:02:56.256247438Z,69673.6,69673.595,-7.420038858859601e-05,0.010000000009313226,0.00143526396324364,3.867906036834691e-05,-3.3830861436321247e-06,138,2.3,0.12550724637981478,40.63999999999942,4.1007612371294415e-05,0
BTC-USD,2026-04-06T15:02:56.344864649Z,69673.6,69662.785,0.0,0.00999999999476131,0.001435486679833617,3.853973224968849e-05,-3.358571026649283e-06,139,2.316666666666667,0.12467625899574963,40.63999999999942,4.1007612371294415e-05,0
BTC-USD,2026-04-06T15:02:56.641670109Z,69665.82,69662.785,-0.00011166976305891273,0.00999999999476131,0.001435486679833617,3.94767784499965e-05,-4.137788235514488e-06,140,2.3333333333333335,0.12385714286002829,48.419999999998254,4.0549400005589884e-05,0
BTC-USD,2026-04-06T15:02:56.722513409Z,69665.82,69655.35500000001,0.0,0.00999999999476131,0.0014356398003802162,3.933708066283084e-05,-4.108232605260813e-06,141,2.35,0.12304964539289874,48.419999999998254,4.060465051948655e-05,0
BTC-USD,2026-04-06T15:02:56.777423779Z,69655.46,69655.35500000001,-0.0001487209996792545,0.00999999999476131,0.0014356398003802162,4.103288444330731e-05,-5.133855066778499e-06,142,2.3666666666666667,0.12225352112953157,58.779999999998836,3.9869683075959064e-05,0
BTC-USD,2026-04-06T15:02:56.847703091Z,69655.46,69655.35500000001,0.0,0.00999999999476131,0.0014356398003802162,4.0890400856052504e-05,-5.097701157857524e-06,143,2.3833333333333333,0.12146853147124646,58.779999999998836,3.992419617390898e-05,0
BTC-USD,2026-04-06T15:02:56.981879406Z,69655.35,69655.35500000001,-1.579202647698579e-06,0.00999999999476131,0.0014356398003802162,4.0748231462542455e-05,-5.073096273171097e-06,144,2.4,0.12069444444710421,58.88999999999942,3.997899817701044e-05,0
BTC-USD,2026-04-06T15:02:57.117244442Z,69655.35,69658.86499999999,0.0,0.00999999999476131,0.0014355674607620026,4.0608683399280926e-05,-5.0378664379407425e-06,145,2.4166666666666665,0.11993103448536392,58.88999999999942,3.997899817701044e-05,0
BTC-USD,2026-04-06T15:02:57.257862504Z,69658.87,69658.86499999999,5.053324780103654e-05,0.00999999999476131,0.0014355674607620026,4.0728896398704356e-05,-4.654617374223657e-06,146,2.433333333333333,0.11917808219433239,58.88999999999942,3.9940927807042987e-05,0
BTC-USD,2026-04-06T15:02:57.34476773Z,69658.87,69663.055,0.0,0.00999999999476131,0.0014354811161757565,4.0590989648869475e-05,-4.622736433304317e-06,147,2.45,0.11843537415215843,58.88999999999942,3.9940927807042987e-05,0
BTC-USD,2026-04-06T15:02:57.493723057Z,69661.31,69663.055,3.502723008622242e-05,0.00999999999476131,0.0014354811161757565,4.0583765519553144e-05,-4.353008769906177e-06,148,2.466666666666667,0.117702702705149,58.88999999999942,3.989480203933345e-05,0
BTC-USD,2026-04-06T15:02:57.589439367Z,69661.31,69665.485,0.0,0.010000000009313226,0.001435431047284495,4.044799782439755e-05,-4.323596548487891e-06,149,2.4833333333333334,0.11697986577430446,58.88999999999942,3.989480203933345e-05,0
BTC-USD,2026-04-06T15:02:57.776032261Z,69665.49,69665.485,6.0002813547173665e-05,0.010000000009313226,0.001435431047284495,4.065273743857671e-05,-3.891875675362646e-06,150,2.5,0.11626666666920452,58.88999999999942,3.9763297346568603e-05,0
BTC-USD,2026-04-06T15:02:57.84169006Z,69665.49,69665.485,0.0,0.010000000009313226,0.001435431047284495,4.0518239501449686e-05,-3.865929837526895e-06,151,2.5166666666666666,0.11556291390986749,58.88999999999942,3.97632973465686e-05,0
BTC-USD,2026-04-06T15:02:58.087709114Z,69665.49,69665.485,0.0,0.010000000009313226,0.001435431047284495,4.038506758673725e-05,-3.8403276531724124e-06,152,2.533333333333333,0.11486842105525859,58.88999999999942,3.976441600733201e-05,0
BTC-USD,2026-04-06T15:02:58.341494578Z,69665.49,69660.515,0.0,2.970000000001164,0.4263534370943373,4.0253200050233644e-05,-3.8150623396647e-06,153,2.55,0.13352941176732333,58.88999999999942,3.976441600733201e-05,0
BTC-USD,2026-04-06T15:02:58.588127848Z,69665.49,69659.995,0.0,0.00999999999476131,0.0014355441734902954,4.012261573907698e-05,-3.7901272916930347e-06,154,2.566666666666667,0.13272727272983917,58.88999999999942,3.976441600733201e-05,0
BTC-USD,2026-04-06T15:02:58.766243786Z,69655.03,69659.995,-0.00015015734968057848,0.00999999999476131,0.0014355441734902954,4.1684293343718486e-05,-4.740563800711771e-06,155,2.5833333333333335,0.1319354838734838,59.2100000000064,3.904610171495395e-05,0
BTC-USD,2026-04-06T15:02:58.840844911Z,69655.03,69661.155,0.0,1.4500000000116415,0.2081504390806672,4.155134374904423e-05,-4.709979518126534e-06,156,2.6,0.14038461538718996,59.2100000000064,3.910007732910521e-05,0
BTC-USD,2026-04-06T15:02:59.09013395Z,69655.03,69661.28,0.0,1.0800000000017462,0.1550359109108742,4.141965791514347e-05,-4.679787341728287e-06,157,2.6166666666666667,0.14636942675416165,59.2100000000064,3.910007732910521e-05,0
BTC-USD,2026-04-06T15:02:59.34177502Z,69655.03,69661.755,0.0,0.00999999999476131,0.0014355079045541286,4.128921595133128e-05,-4.6499797790421195e-06,158,2.6333333333333333,0.14550632911644393,59.2100000000064,3.910007732910521e-05,0
BTC-USD,2026-04-06T15:02:59.51542489Z,69661.82,69661.755,9.747564641874768e-05,0.00999999999476131,0.0014355079045541286,4.194761136534035e-05,-4.003615056271298e-06,159,2.65,0.14465408805278554,59.2100000000064,3.8805162552800605e-05,0
BTC-USD,2026-04-06T15:02:59.588056801Z,69661.82,69661.755,0.0,0.00999999999476131,0.0014355079045541286,4.181669040299442e-05,-3.978435087363931e-06,160,2.6666666666666665,0.1438125000024229,59.2100000000064,3.8805162552800605e-05,0
BTC-USD,2026-04-06T15:02:59.734379563Z,69661.75,69661.755,-1.0048551010649748e-06,0.00999999999476131,0.0014355079045541286,4.168646713260531e-05,-3.959850212449563e-06,161,2.683333333333333,0.14298136646200263,59.2100000000064,3.8805229198827064e-05,0
BTC-USD,2026-04-06T15:02:59.838347706Z,69661.75,69661.755,0.0,0.00999999999476131,0.0014355079045541286,4.15579689228255e-05,-3.935254869515094e-06,162,2.7,0.1421604938294888,59.2100000000064,3.885913955636954e-05,0
BTC-USD,2026-04-06T15:03:00.087235606Z,69661.75,69661.755,0.0,0.00999999999476131,0.0014355079045541286,4.143065159048322e-05,-3.910963172789692e-06,163,2.716666666666667,0.14134969325381563,59.2100000000064,3.891327522470722e-05,0
BTC-USD,2026-04-06T15:03:00.342238699Z,69661.75,69661.755,0.0,0.00999999999476131,0.0014355079045541286,4.1304497160865376e-05,-3.886969533692823e-06,164,2.7333333333333334,0.1405487804900409,59.2100000000064,3.885913955636954e-05,0
BTC-USD,2026-04-06T15:03:00.588006537Z,69661.75,69661.755,0.0,0.00999999999476131,0.0014355079045541286,4.117948803994216e-05,-3.863268499950793e-06,165,2.75,0.1397575757597665,59.2100000000064,3.885915737231253e-05,0
BTC-USD,2026-04-06T15:03:00.841329866Z,69661.75,69661.755,0.0,0.00999999999476131,0.0014355079045541286,4.1055607004064484e-05,-3.839854751466243e-06,166,2.7666666666666666,0.1389759036166038,59.2100000000064,3.8829410577970315e-05,0
BTC-USD,2026-04-06T15:03:00.969944782Z,69661.76,69661.755,1.4355079049844632e-07,0.00999999999476131,0.0014355079045541286,4.0932919330786696e-05,-3.8158583325387445e-06,167,2.783333333333333,0.13820359281647301,59.2100000000064,3.8829393552784075e-05,0
BTC-USD,2026-04-06T15:03:01.086945679Z,69661.76,69661.755,0.0,0.00999999999476131,0.0014355079045541286,4.081124349633039e-05,-3.7930088814456984e-06,168,2.8,0.13744047619253424,59.2100000000064,3.8857009673116364e-05,0
BTC-USD,2026-04-06T15:03:01.259057225Z,69661.75,69661.755,-1.4355079045512752e-07,0.00999999999476131,0.0014355079045541286,4.069056853340193e-05,-3.7712859166183734e-06,169,2.816666666666667,0.13668639053455925,59.2100000000064,3.891102309562158e-05,0
BTC-USD,2026-04-06T15:03:01.345408763Z,69661.75,69658.60500000001,0.0,0.00999999999476131,0.0014355728190022336,4.057103465783989e-05,-3.7489706153366078e-06,170,2.8333333333333335,0.13594117647256046,59.2100000000064,3.885704073281467e-05,0
BTC-USD,2026-04-06T15:03:01.587305813Z,69661.75,69658.60500000001,0.0,0.00999999999476131,0.0014355728190022336,4.045254796727429e-05,-3.7269178470110986e-06,171,2.85,0.13520467836450314,59.2100000000064,3.885704073281467e-05,0
BTC-USD,2026-04-06T15:03:01.736519839Z,69658.6,69658.60500000001,-4.521952464998352e-05,0.00999999999476131,0.0014355728190022336,4.0457980271475676e-05,-3.9695646704202935e-06,172,2.8666666666666667,0.13447674418793487,59.2100000000064,3.884249440113293e-05,0
BTC-USD,2026-04-06T15:03:02.08703157Z,69658.6,69658.60500000001,0.0,0.00999999999476131,0.0014355728190022336,4.0341327307657024e-05,-3.9464858060573854e-06,173,2.8833333333333333,0.1337572254353732,59.2100000000064,3.881694881863723e-05,0
BTC-USD,2026-04-06T15:03:02.339956296Z,69658.6,69658.60500000001,0.0,0.00999999999476131,0.0014355728190022336,4.022567747652416e-05,-3.923673749374973e-06,174,2.9,0.1330459770133007,59.2100000000064,3.8965936923103707e-05,0
BTC-USD,2026-04-06T15:03:02.360904925Z,69658.61,69658.60500000001,1.4355728197153944e-07,0.00999999999476131,0.0014355728190022336,4.011109819464687e-05,-3.900298858390223e-06,175,2.9166666666666665,0.13234285714462332,59.2100000000064,3.901974420796221e-05,0
BTC-USD,2026-04-06T15:03:02.588551487Z,69658.61,69658.60500000001,0.0,0.00999999999476131,0.0014355728190022336,3.999741133922135e-05,-3.878011436342278e-06,176,2.933333333333333,0.13164772727445365,59.2100000000064,3.896593693503817e-05,0
BTC-USD,2026-04-06T15:03:02.839758122Z,69658.61,69660.035,0.0,0.00999999999476131,0.0014355433491759384,3.9884685589564056e-05,-3.85597728045397e-06,177,2.95,0.13096045197908818,59.2100000000064,3.896593693503817e-05,0
BTC-USD,2026-04-06T15:03:03.087590174Z,69658.61,69660.035,0.0,0.00999999999476131,0.0014355433491759384,3.977290748123417e-05,-3.834192098078524e-06,178,2.966666666666667,0.1302808988780526,59.2100000000064,3.896593693503817e-05,0
BTC-USD,2026-04-06T15:03:03.306980078Z,69660.03,69660.035,2.0384924803302694e-05,0.00999999999476131,0.0014355433491759384,3.9702317051960736e-05,-3.6981296435763825e-06,179,2.9833333333333334,0.1296089385490957,59.2100000000064,3.8948663760840996e-05,0
BTC-USD,2026-04-06T15:03:03.340121735Z,69660.03,69658.66500000001,0.0,0.00999999999476131,0.0014355715824817068,3.959222089907747e-05,-3.6774697014334975e-06,180,3.0,0.12894444444601605,59.2100000000064,3.900245844826554e-05,0
BTC-USD,2026-04-06T15:03:03.589240912Z,69660.03,69655.465,0.0,0.00999999999476131,0.0014356375332159955,3.94830355079098e-05,-3.6570393142033116e-06,181,3.0166666666666666,0.12828729281921353,59.2100000000064,3.900245844826554e-05,0
BTC-USD,2026-04-06T15:03:03.779546292Z,69657.89,69655.465,-3.072110178172534e-05,0.00999999999476131,0.0014356375332159955,3.9424887212645636e-05,-3.8065645212061954e-06,182,3.033333333333333,0.12763736263885941,59.2100000000064,3.901333708072647e-05,0
BTC-USD,2026-04-06T15:03:03.842183008Z,69657.89,69656.465,0.0,0.00999999999476131,0.0014356169229606053,3.931743480961637e-05,-3.7856493315292386e-06,183,3.05,0.12699453552058565,59.2100000000064,3.901333708072647e-05,0
BTC-USD,2026-04-06T15:03:04.009698091Z,69655.47,69656.465,-3.4741822324076154e-05,0.00999999999476131,0.0014356169229606053,3.927621757632083e-05,-3.954808746789058e-06,184,3.066666666666667,0.12635869565359747,59.2100000000064,3.9013204131943825e-05,0
BTC-USD,2026-04-06T15:03:04.087844072Z,69655.47,69656.465,0.0,0.00999999999476131,0.0014356169229606053,3.9170422472580234e-05,-3.933315220991291e-06,185,3.0833333333333335,0.12572972973111726,59.2100000000064,3.906713407927583e-05,0
BTC-USD,2026-04-06T15:03:04.343671827Z,69655.47,69663.225,0.0,0.00999999999476131,0.0014354776131540435,3.9065477586819646e-05,-3.912054057634582e-06,186,3.1,0.12510752688307236,59.2100000000064,3.9013235093137964e-05,0
BTC-USD,2026-04-06T15:03:04.485888865Z,69658.91,69663.225,4.93847081788271e-05,0.00999999999476131,0.0014354776131540435,3.915477338409099e-05,-3.6255123251804866e-06,187,3.1166666666666667,0.12449197861094234,59.2100000000064,3.897551510493714e-05,0
BTC-USD,2026-04-06T15:03:04.594793318Z,69658.91,69665.29000000001,0.0,1.0600000000122236,0.152156116770952,3.9050836324437404e-05,-3.606124558735671e-06,188,3.1333333333333333,0.12946808510775767,59.2100000000064,3.897551510493714e-05,0
BTC-USD,2026-04-06T15:03:04.76202937Z,69664.77,69665.29000000001,8.412066065803915e-05,1.0600000000122236,0.152156116770952,3.946612030966992e-05,-3.1394927224762305e-06,189,3.15,0.13439153439296647,59.2100000000064,3.876701413910745e-05,0
BTC-USD,2026-04-06T15:03:04.841942041Z,69664.77,69663.47,0.0,1.0199999999895226,0.14641820167578826,3.9362233053838916e-05,-3.122881649870536e-06,190,3.1666666666666665,0.13905263158031678,59.2100000000064,3.876699679756277e-05,0
BTC-USD,2026-04-06T15:03:04.975202322Z,69664.76,69663.47,-1.4354458830433245e-07,1.0199999999895226,0.14641820167578826,3.925910344495273e-05,-3.107200928493872e-06,191,3.183333333333333,0.14366492146727597,59.2100000000064,3.8767014128612854e-05,0
BTC-USD,2026-04-06T15:03:05.088119083Z,69664.76,69663.695,0.0,0.4900000000052387,0.07033792853009573,3.9156838134010446e-05,-3.090932860805422e-06,192,3.2,0.14546875000132786,59.2100000000064,3.876701412861285e-05,0
BTC-USD,2026-04-06T15:03:05.250370236Z,69662.96,69663.695,-2.5838361527636924e-05,0.4900000000052387,0.07033792853009573,3.9089042532921885e-05,-3.2094090517785034e-06,193,3.216666666666667,0.14725388601171083,59.2100000000064,3.880010018484369e-05,0
BTC-USD,2026-04-06T15:03:05.341330667Z,69662.96,69663.455,0.0,0.010000000009313226,0.0014354728758878275,3.8988324956078424e-05,-3.192779989334055e-06,194,3.2333333333333334,0.1465463917539665,59.2100000000064,3.8854149588067374e-05,0
BTC-USD,2026-04-06T15:03:05.588555795Z,69662.96,69662.91500000001,0.0,0.00999999999476131,0.0014354840010300043,3.8888381874498275e-05,-3.176322360523055e-06,195,3.25,0.14584615384750904,59.2100000000064,3.880011834516089e-05,0
BTC-USD,2026-04-06T15:03:05.77370487Z,69662.91,69662.91500000001,-7.177417948915448e-07,0.00999999999476131,0.0014354840010300043,3.8788937433957386e-05,-3.163714255058278e-06,196,3.2666666666666666,0.14515306122581134,59.2100000000064,3.8800186837437836e-05,0
BTC-USD,2026-04-06T15:03:05.843859876Z,69662.91,69658.495,0.0,0.00999999999476131,0.0014355750859620655,3.869051610417983e-05,-3.1475728557977768e-06,197,3.283333333333333,0.14446700507743038,59.2100000000064,3.8800186837437836e-05,0
BTC-USD,2026-04-06T15:03:06.087143251Z,69662.91,69658.495,0.0,0.00999999999476131,0.0014355750859620655,3.8592840138439746e-05,-3.131595328610986e-06,198,3.3,0.14378787878913407,59.2100000000064,3.8800170178904566e-05,0
BTC-USD,2026-04-06T15:03:06.341707724Z,69662.91,69658.495,0.0,0.00999999999476131,0.0014355750859620655,3.849590017656065e-05,-3.115779190587698e-06,199,3.316666666666667,0.1431155778906699,59.2100000000064,3.8746363438054714e-05,0
BTC-USD,2026-04-06T15:03:06.471686557Z,69658.5,69658.495,-6.330685285880686e-05,0.00999999999476131,0.0014355750859620655,3.863420496831647e-05,-3.418246897463171e-06,200,3.3333333333333335,0.14245000000119035,59.2100000000064,3.860969839356846e-05,0
BTC-USD,2026-04-06T15:03:06.587495361Z,69658.5,69658.495,0.0,0.00999999999476131,0.0014355750859620655,3.8538252613671784e-05,-3.4011556629758553e-06,201,3.35,0.14179104477727777,59.2100000000064,3.8609714702294995e-05,0
BTC-USD,2026-04-06T15:03:06.770296424Z,69658.49,69658.495,-1.4355750863765856e-07,0.00999999999476131,0.0014355750859620655,3.844295004580147e-05,-3.384948706984123e-06,202,3.3666666666666667,0.14113861386251284,59.2100000000064,3.86097295149552e-05,0
BTC-USD,2026-04-06T15:03:06.844391074Z,69658.49,69658.495,0.0,0.00999999999476131,0.0014355750859620655,3.8348412078643885e-05,-3.36819153516737e-06,203,3.3833333333333333,0.14049261083853376,59.2100000000064,3.864129574410342e-05,0
BTC-USD,2026-04-06T15:03:07.08790845Z,69658.49,69658.495,0.0,0.00999999999476131,0.0014355750859620655,3.8254568099515194e-05,-3.3515994586394516e-06,204,3.4,0.13985294117753488,59.2100000000064,3.86948593682243e-05,0
BTC-USD,2026-04-06T15:03:07.267894862Z,69658.5,69658.495,1.4355750867904854e-07,0.00999999999476131,0.0014355750859620655,3.8161472478784696e-05,-3.3344663362506356e-06,205,3.4166666666666665,0.1392195121961555,59.2100000000064,3.86429529722978e-05,0
BTC-USD,2026-04-06T15:03:07.339022147Z,69658.5,69658.495,0.0,0.00999999999476131,0.0014355750859620655,3.806899081899037e-05,-3.3182006468055104e-06,206,3.433333333333333,0.13859223301071183,59.2100000000064,3.869652038294219e-05,0
BTC-USD,2026-04-06T15:03:07.841250089Z,69658.5,69658.495,0.0,0.00999999999476131,0.0014355750859620655,3.797717823328254e-05,-3.3020928766753865e-06,207,3.45,0.13797101449372656,59.2100000000064,3.860265011209527e-05,0
BTC-USD,2026-04-06T15:03:08.001798569Z,69658.49,69658.495,-1.4355750863765856e-07,0.00999999999476131,0.0014355750859620655,3.78859678472506e-05,-3.2868342517090206e-06,208,3.466666666666667,0.1373557692317123,59.2100000000064,3.860266275473111e-05,0
BTC-USD,2026-04-06T15:03:08.08717064Z,69658.49,69658.495,0.0,0.00999999999476131,0.0014355750859620655,3.779546989053234e-05,-3.2710321639604197e-06,209,3.4833333333333334,0.13674641148416708,59.2100000000064,3.861231950356866e-05,0
BTC-USD,2026-04-06T15:03:08.342655454Z,69658.49,69663.995,0.0,0.00999999999476131,0.00143546174674038,3.7705617317862544e-05,-3.255381292362523e-06,210,3.5,0.13614285714374136,59.2100000000064,3.855916287346467e-05,0
BTC-USD,2026-04-06T15:03:08.589357877Z,69658.49,69661.555,0.0,0.00999999999476131,0.0014355120259318516,3.761640249521011e-05,-3.239879476684606e-06,211,3.5166666666666666,0.13554502369753765,59.2100000000064,3.860021231903729e-05,0
BTC-USD,2026-04-06T15:03:08.764918616Z,69661.56,69661.555,4.4071187176433877e-05,0.00999999999476131,0.0014355120259318516,3.7667566441236225e-05,-3.0156564119778836e-06,212,3.533333333333333,0.13495283018950568,59.2100000000064,3.851724219241667e-05,0
BTC-USD,2026-04-06T15:03:08.842448591Z,69661.56,69661.555,0.0,0.00999999999476131,0.0014355120259318516,3.757919089880968e-05,-3.0014316175817613e-06,213,3.55,0.13436619718389656,59.2100000000064,3.85701607005938e-05,0
BTC-USD,2026-04-06T15:03:09.086128511Z,69661.56,69661.555,0.0,0.00999999999476131,0.0014355120259318516,3.7491434457311365e-05,-2.987340389330204e-06,214,3.566666666666667,0.13378504672974173,59.2100000000064,3.8520801560793004e-05,0
BTC-USD,2026-04-06T15:03:09.34062443Z,69661.56,69661.555,0.0,0.00999999999476131,0.0014355120259318516,3.7404289922374265e-05,-2.9733808548006236e-06,215,3.5833333333333335,0.1332093023263232,59.2100000000064,3.8520801560793004e-05,0
BTC-USD,2026-04-06T15:03:09.520473628Z,69661.55,69661.555,-1.4355120256997342e-07,0.00999999999476131,0.0014355120259318516,3.731769854274907e-05,-2.9602188564181554e-06,216,3.6,0.132638888889603,59.2100000000064,3.852081761295474e-05,0
BTC-USD,2026-04-06T15:03:09.588377106Z,69661.55,69661.555,0.0,0.00999999999476131,0.0014355120259318516,3.72317570665131e-05,-2.9465141394902934e-06,217,3.6166666666666667,0.1320737327195807,59.2100000000064,3.857374385167642e-05,0
BTC-USD,2026-04-06T15:03:09.842273995Z,69661.55,69661.555,0.0,0.00999999999476131,0.0014355120259318516,3.714640659889954e-05,-2.932935733317527e-06,218,3.6333333333333333,0.13151376146854943,59.2100000000064,3.8520817612954754e-05,0
BTC-USD,2026-04-06T15:03:10.005358983Z,69661.56,69661.555,1.435512026131739e-07,0.00999999999476131,0.0014355120259318516,3.706169353855757e-05,-2.91882340792335e-06,219,3.65,0.13095890411022162,59.2100000000064,3.855380333192618e-05,0
BTC-USD,2026-04-06T15:03:10.089705458Z,69661.56,69661.555,0.0,0.00999999999476131,0.0014355120259318516,3.697750460921938e-05,-2.9054954471565767e-06,220,3.6666666666666665,0.1304090909096968,59.2100000000064,3.8606784091953945e-05,0
BTC-USD,2026-04-06T15:03:10.339992105Z,69661.56,69661.555,0.0,0.00999999999476131,0.0014355120259318516,3.6893886784314756e-05,-2.8922886496695012e-06,221,3.683333333333333,0.1298642533942446,59.2100000000064,3.8606784091953945e-05,0
BTC-USD,2026-04-06T15:03:10.587141804Z,69661.56,69661.555,0.0,0.00999999999476131,0.0014355120259318516,3.6810833636326556e-05,-2.8792013707117207e-06,222,3.7,0.12932432432487756,59.2100000000064,3.865892862955391e-05,0
BTC-USD,2026-04-06T15:03:10.840894538Z,69661.56,69661.555,0.0,0.00999999999476131,0.0014355120259318516,3.672833883855273e-05,-2.866231995167974e-06,223,3.716666666666667,0.1287892376686887,59.2100000000064,3.861944964562263e-05,0
BTC-USD,2026-04-06T15:03:11.089055803Z,69661.56,69662.16500000001,0.0,0.00999999999476131,0.0014354994558037795,3.664639616308303e-05,-2.853378936893678e-06,224,3.7333333333333334,0.12825892857193008,59.2100000000064,3.856676517159518e-05,0
BTC-USD,2026-04-06T15:03:11.267876238Z,69662.17,69662.16500000001,8.756584395254665e-06,0.00999999999476131,0.0014354994558037795,3.657269558336557e-05,-2.801548743446587e-06,225,3.75,0.12773333333380935,59.2100000000064,3.861562387732188e-05,0
BTC-USD,2026-04-06T15:03:11.338657587Z,69662.17,69662.16500000001,0.0,0.00999999999476131,0.0014354994558037795,3.6491808257785455e-05,-2.789097415697936e-06,226,3.7666666666666666,0.1272123893809817,59.2100000000064,3.8615606344291103e-05,0
BTC-USD,2026-04-06T15:03:11.587083753Z,69662.17,69662.16500000001,0.0,0.00999999999476131,0.0014354994558037795,3.6411455236807887e-05,-2.776756276690423e-06,227,3.783333333333333,0.12669603524271641,59.2100000000064,3.856293020244659e-05,0
BTC-USD,2026-04-06T15:03:11.842883577Z,69662.17,69662.16500000001,0.0,0.00999999999476131,0.0014354994558037795,3.633163066420197e-05,-2.7645238701851787e-06,228,3.8,0.1261842105267166,59.2100000000064,3.856293020244659e-05,0
BTC-USD,2026-04-06T15:03:12.016702489Z,69662.16,69662.16500000001,-1.435499455752845e-07,0.00999999999476131,0.0014354994558037795,3.6252282212511e-05,-2.753028370515837e-06,229,3.816666666666667,0.1256768558955727,59.2100000000064,3.8615623866337316e-05,0
BTC-USD,2026-04-06T15:03:12.085736284Z,69662.16,69662.16500000001,0.0,0.00999999999476131,0.0014354994558037795,3.6173497634731925e-05,-2.741006412565986e-06,230,3.8333333333333335,0.12517391304383005,59.2100000000064,3.861682869381437e-05,0
BTC-USD,2026-04-06T15:03:12.214035968Z,69662.17,69662.16500000001,1.4354994561884587e-07,0.00999999999476131,0.0014354994558037795,3.6095272887983456e-05,-2.728464863182574e-06,231,3.85,0.12467532467565225,59.2100000000064,3.861680983058994e-05,0
BTC-USD,2026-04-06T15:03:12.368144884Z,69662.17,69672.505,0.0,0.00999999999476131,0.0014352864153171054,3.601750530446378e-05,-2.71665332697832e-06,232,3.8666666666666667,0.1241810344830622,59.2100000000064,3.861680983058994e-05,0
BTC-USD,2026-04-06T15:03:12.525508416Z,69671.0,69672.505,0.0001267465602313674,0.00999999999476131,0.0014352864153171054,3.692698399969497e-05,-2.1586222340544163e-06,233,3.8833333333333333,0.12369098712474332,59.2100000000064,3.809623088288322e-05,0
BTC-USD,2026-04-06T15:03:12.591938906Z,69671.0,69663.61499999999,0.0,0.7700000000040745,0.11053115747784187,3.684792653935826e-05,-2.1493577609468865e-06,234,3.9,0.12645299145328748,59.2100000000064,3.809623088288323e-05,0
BTC-USD,2026-04-06T15:03:12.853737846Z,69671.0,69663.235,0.0,0.010000000009313226,0.00143547740918337,3.676937467213881e-05,-2.1401724713701903e-06,235,3.9166666666666665,0.12595744680884502,59.2100000000064,3.804614879376509e-05,0
BTC-USD,2026-04-06T15:03:13.058303232Z,69663.23,69663.235,-0.00011153038285078895,0.010000000009313226,0.00143547740918337,3.737562272301351e-05,-2.6056627283038873e-06,236,3.933333333333333,0.12546610169528769,59.2100000000064,3.766345776814507e-05,0
BTC-USD,2026-04-06T15:03:13.088028927Z,69663.23,69663.235,0.0,0.010000000009313226,0.00143547740918337,3.729673706496291e-05,-2.5946217845398877e-06,237,3.95,0.12497890295399665,59.2100000000064,3.766345776814507e-05,0
BTC-USD,2026-04-06T15:03:13.318482789Z,69663.24,69663.235,1.4354774093828007e-07,0.010000000009313226,0.00143547740918337,3.721839199399167e-05,-2.5830683266264774e-06,238,3.966666666666667,0.1244957983197753,59.2100000000064,3.766349996471739e-05,0
BTC-USD,2026-04-06T15:03:13.34341327Z,69663.24,69671.91500000001,0.0,0.00999999999476131,0.001435298569697892,3.714049561897611e-05,-2.572215098363341e-06,239,3.9833333333333334,0.12401673640209741,59.2100000000064,3.766349996471739e-05,0
BTC-USD,2026-04-06T15:03:13.587311084Z,69663.24,69671.91500000001,0.0,0.00999999999476131,0.001435298569697892,3.706308629106963e-05,-2.5614526920940383e-06,240,4.0,0.12354166666706684,59.2100000000064,3.771509062900631e-05,0
BTC-USD,2026-04-06T15:03:13.742025199Z,69671.0,69671.91500000001,0.00011138683510980349,0.00999999999476131,0.001435298569697892,3.770708414562377e-05,-2.086668159586132e-06,241,4.016666666666667,0.12307053941946391,59.2100000000064,3.724495779319646e-05,0
BTC-USD,2026-04-06T15:03:13.839477962Z,69671.0,69671.91500000001,0.0,0.00999999999476131,0.001435298569697892,3.7629011433942865e-05,-2.078009785479966e-06,242,4.033333333333333,0.12260330578547754,59.2100000000064,3.724495779319646e-05,0
BTC-USD,2026-04-06T15:03:14.08933723Z,69671.0,69673.995,0.0,0.00999999999476131,0.0014352557212718045,3.755142166656877e-05,-2.069422968184594e-06,243,4.05,0.12213991769580382,59.2100000000064,3.717987605085044e-05,0
BTC-USD,2026-04-06T15:03:14.278146378Z,69673.92,69673.995,4.191039042445965e-05,0.00999999999476131,0.0014352557212718045,3.757969350080056e-05,-1.8884360817951112e-06,244,4.066666666666666,0.12168032786916019,59.2100000000064,3.7111105849631324e-05,0
BTC-USD,2026-04-06T15:03:14.341828882Z,69673.92,69673.995,0.0,0.00999999999476131,0.0014352557212718045,3.750280093001633e-05,-1.8806965896566067e-06,245,4.083333333333333,0.12122448979620347,59.2100000000064,3.7111105849631324e-05,0
BTC-USD,2026-04-06T15:03:14.50569561Z,69674.0,69673.995,1.1482051543514587e-06,0.00999999999476131,0.0014352557212718045,3.742668456167595e-05,-1.8683337253953493e-06,246,4.1,0.12077235772383987,59.2100000000064,3.716152038783361e-05,0
BTC-USD,2026-04-06T15:03:14.589046036Z,69674.0,69673.995,0.0,0.00999999999476131,0.0014352557212718045,3.7350725780357695e-05,-1.8607388728530918e-06,247,4.116666666666666,0.12032388663991649,59.2100000000064,3.716152038783361e-05,0
BTC-USD,2026-04-06T15:03:14.84309033Z,69674.0,69668.33499999999,0.0,0.00999999999476131,0.0014353723244227541,3.727522760901938e-05,-1.8532055170925529e-06,248,4.133333333333334,0.1198790322582828,59.2100000000064,3.716152038783361e-05,0
BTC-USD,2026-04-06T15:03:15.013803259Z,69668.27,69668.33499999999,-8.224352887642103e-05,0.00999999999476131,0.0014353723244227541,3.754722111557657e-05,-2.1773600467672643e-06,249,4.15,0.11943775100421243,59.2100000000064,3.697402295143177e-05,0
BTC-USD,2026-04-06T15:03:15.090601948Z,69668.27,69663.245,0.0,0.00999999999476131,0.0014354772010349663,3.747200227154996e-05,-2.168615628908761e-06,250,4.166666666666667,0.11900000000017462,59.2100000000064,3.697402295143177e-05,0
BTC-USD,2026-04-06T15:03:15.271356685Z,69663.24,69663.245,-7.220190181223522e-05,0.00999999999476131,0.0014354772010349663,3.7657330236460765e-05,-2.448748773642067e-06,251,4.183333333333334,0.11856573705194588,59.2100000000064,3.6839974260542674e-05,0
BTC-USD,2026-04-06T15:03:15.343624363Z,69663.24,69660.64499999999,0.0,0.00999999999476131,0.0014355307784992965,3.7582557337099933e-05,-2.4389928024323373e-06,252,4.2,0.11813492063505229,59.2100000000064,3.6839974260542674e-05,0
BTC-USD,2026-04-06T15:03:15.47576633Z,69660.64,69660.64499999999,-3.732310642373807e-05,0.00999999999476131,0.0014355307784992965,3.757197722132076e-05,-2.5774218247391066e-06,253,4.216666666666667,0.11770750988153336,59.2100000000064,3.684311096092829e-05,0
BTC-USD,2026-04-06T15:03:15.591194655Z,69660.64,69655.465,0.0,0.00999999999476131,0.0014356375332159955,3.7497999518205605e-05,-2.5672343866966594e-06,254,4.233333333333333,0.1172834645670185,59.2100000000064,3.6843110960928284e-05,0
BTC-USD,2026-04-06T15:03:15.764792029Z,69658.05,69655.465,-3.718094105384309e-05,0.00999999999476131,0.0014356375332159955,3.7486831472449506e-05,-2.7035088223940864e-06,255,4.25,0.11686274509810769,59.2100000000064,3.6846381791073995e-05,0
BTC-USD,2026-04-06T15:03:15.842921354Z,69658.05,69655.465,0.0,0.00999999999476131,0.0014356375332159955,3.741363722713319e-05,-2.6929068270121485e-06,256,4.266666666666667,0.11644531250004775,59.2100000000064,3.6846381791073995e-05,0
BTC-USD,2026-04-06T15:03:16.031926997Z,69655.47,69655.465,-3.703875977431118e-05,0.00999999999476131,0.0014356375332159955,3.740190260602467e-05,-2.8270703150875353e-06,257,4.283333333333333,0.11603112840469644,59.2100000000064,3.6805749034076745e-05,0
BTC-USD,2026-04-06T15:03:16.087808432Z,69655.47,69655.465,0.0,0.00999999999476131,0.0014356375332159955,3.732948025901803e-05,-2.816070041487973e-06,258,4.3,0.11562015503876646,59.2100000000064,3.685675561739778e-05,0
BTC-USD,2026-04-06T15:03:16.340624777Z,69655.47,69655.465,0.0,0.00999999999476131,0.0014356375332159955,3.725747697136048e-05,-2.805155041327167e-06,259,4.316666666666666,0.11521235521234173,59.2100000000064,3.683726148342234e-05,0
BTC-USD,2026-04-06T15:03:16.588289165Z,69655.47,69655.465,0.0,0.00999999999476131,0.0014356375332159955,3.718588871739849e-05,-2.7943243268818884e-06,260,4.333333333333333,0.11480769230765872,59.2100000000064,3.679051624165654e-05,0
BTC-USD,2026-04-06T15:03:16.842572252Z,69655.47,69655.465,0.0,0.00999999999476131,0.0014356375332159955,3.711471152540913e-05,-2.7835769256246503e-06,261,4.35,0.11440613026814571,59.2100000000064,3.9566135971003534e-05,0
BTC-USD,2026-04-06T15:03:16.998208177Z,69655.46,69655.465,-1.4356375331000165e-07,0.00999999999476131,0.0014356375332159955,3.704390136442401e-05,-2.773461932627276e-06,262,4.366666666666666,0.11400763358771294,59.2100000000064,3.956615837578315e-05,0
BTC-USD,2026-04-06T15:03:17.144935656Z,69655.46,69655.465,0.0,0.00999999999476131,0.0014356375332159955,3.697353482624868e-05,-2.762876200059996e-06,263,4.383333333333334,0.11361216730028727,59.2100000000064,3.9779761804252865e-05,0
BTC-USD,2026-04-06T15:03:17.261679931Z,69655.47,69655.465,1.4356375323857636e-07,0.00999999999476131,0.0014356375332159955,3.69036095172875e-05,-2.751825097575971e-06,264,4.4,0.11321969696958452,59.2100000000064,3.983426468424735e-05,0
BTC-USD,2026-04-06T15:03:17.430244191Z,69655.47,69655.465,0.0,0.00999999999476131,0.0014356375332159955,3.683403789855741e-05,-2.7414015176609106e-06,265,4.416666666666667,0.11283018867911349,59.2100000000064,3.983426468424735e-05,0
BTC-USD,2026-04-06T15:03:17.511780937Z,69655.46,69655.465,-1.4356375331000165e-07,0.00999999999476131,0.0014356375332159955,3.676481907059968e-05,-2.7315983562860013e-06,266,4.433333333333334,0.1124436090224054,59.2100000000064,3.9875097738616496e-05,0
BTC-USD,2026-04-06T15:03:17.665908798Z,69655.46,69650.285,0.0,0.00999999999476131,0.001435744303811723,3.669602797138697e-05,-2.7213291895330463e-06,267,4.45,0.11205992509346291,59.2100000000064,3.9875097738616496e-05,0
BTC-USD,2026-04-06T15:03:17.737838467Z,69652.87,69650.285,-3.7183706104478435e-05,0.00999999999476131,0.001435744303811723,3.668768890022562e-05,-2.8504017622481977e-06,268,4.466666666666667,0.11167910447742298,61.370000000009895,3.988878216002148e-05,0
BTC-USD,2026-04-06T15:03:17.849627791Z,69652.87,69650.285,0.0,0.00999999999476131,0.001435744303811723,3.66195901444961e-05,-2.8397659347771224e-06,269,4.483333333333333,0.11130111524142795,61.370000000009895,4.0092618874596144e-05,0
BTC-USD,2026-04-06T15:03:18.004542471Z,69650.28,69650.285,-3.718508878368161e-05,0.00999999999476131,0.001435744303811723,3.661117460674668e-05,-2.967443714884574e-06,270,4.5,0.11092592592569957,63.9600000000064,4.010602364465417e-05,0
BTC-USD,2026-04-06T15:03:18.090948171Z,69650.28,69642.515,0.0,0.010000000009313226,0.0014359044915757601,3.654375782160267e-05,-2.9564531826072237e-06,271,4.516666666666667,0.11055350553486419,63.9600000000064,4.0135810208911586e-05,0
BTC-USD,2026-04-06T15:03:18.209955641Z,69644.92,69642.515,-7.695886150624834e-05,0.010000000009313226,0.0014359044915757601,3.6751214661043526e-05,-3.2295248000376336e-06,272,4.533333333333333,0.11018382352925554,69.32000000000698,3.994239194506005e-05,0
BTC-USD,2026-04-06T15:03:18.345702116Z,69644.92,69627.86499999999,0.0,0.00999999999476131,0.001436206609919938,3.6684115792971426e-05,-3.217651547096319e-06,273,4.55,0.10981684981667499,69.32000000000698,3.9942391945060044e-05,0
BTC-USD,2026-04-06T15:03:18.521150773Z,69629.56,69627.86499999999,-0.00022057163756456473,0.00999999999476131,0.001436206609919938,3.890001876057706e-05,-4.013819994046753e-06,274,4.566666666666666,0.10945255474433223,84.68000000000757,3.8302016501191107e-05,0
BTC-USD,2026-04-06T15:03:18.728469232Z,69629.56,69626.975,0.0,0.00999999999476131,0.0014362249680905006,3.8829722813603815e-05,-3.99917101596629e-06,275,4.583333333333333,0.10909090909069742,84.68000000000757,3.8398213238217855e-05,0
BTC-USD,2026-04-06T15:03:18.739365772Z,69627.87,69626.975,-2.4271595419918162e-05,0.00999999999476131,0.0014362249680905006,3.8778262756652625e-05,-4.072888922889751e-06,276,4.6,0.10873188405774113,86.3700000000099,3.843206431417167e-05,0
BTC-USD,2026-04-06T15:03:18.847078435Z,69627.87,69626.975,0.0,0.00999999999476131,0.0014362249680905006,3.870872207669518e-05,-4.058132078966238e-06,277,4.616666666666666,0.10837545126328994,86.3700000000099,3.843206431417167e-05,0
BTC-USD,2026-04-06T15:03:19.022858856Z,69626.98,69626.975,-1.2782319610618647e-05,0.00999999999476131,0.0014362249680905006,3.864233019510146e-05,-4.0896273408133586e-06,278,4.633333333333334,0.10802158273354703,87.26000000000931,3.848046409257451e-05,0
BTC-USD,2026-04-06T15:03:19.090621477Z,69626.98,69626.975,0.0,0.00999999999476131,0.0014362249680905006,3.857354402643246e-05,-4.074916451098203e-06,279,4.65,0.10767025089577362,87.26000000000931,3.8533979643498645e-05,0
BTC-USD,2026-04-06T15:03:19.257313605Z,69626.97,69626.975,-1.4362249677298198e-07,0.00999999999476131,0.0014362249680905006,3.850507050037629e-05,-4.060825791763704e-06,280,4.666666666666667,0.10732142857112714,87.27000000000407,3.875002126165033e-05,0
BTC-USD,2026-04-06T15:03:19.341787719Z,69626.97,69626.975,0.0,0.00999999999476131,0.0014362249680905006,3.843701332536626e-05,-4.046322842507405e-06,281,4.683333333333334,0.10697508896765252,87.27000000000407,3.8803928494737856e-05,0
BTC-USD,2026-04-06T15:03:19.589793554Z,69626.97,69627.985,0.0,0.010000000009313226,0.001436204136786843,3.836931568979737e-05,-4.031923117089229e-06,282,4.7,0.10663120567347402,87.27000000000407,3.880392849473785e-05,0
BTC-USD,2026-04-06T15:03:19.749005793Z,69626.98,69627.985,1.4362249690673092e-07,0.010000000009313226,0.001436204136786843,3.830202881326007e-05,-4.017116217748818e-06,283,4.716666666666667,0.10628975264992575,87.27000000000407,3.880391920077102e-05,0
BTC-USD,2026-04-06T15:03:19.842975722Z,69626.98,69630.195,0.0,0.00999999999476131,0.001436158550864508,3.823504054741344e-05,-4.002921460795642e-06,284,4.733333333333333,0.10595070422508363,87.27000000000407,3.875082899711812e-05,0
BTC-USD,2026-04-06T15:03:19.991207679Z,69629.96,69630.195,4.27985851256593e-05,0.00999999999476131,0.001436158550864508,3.826821367754672e-05,-3.838127423519393e-06,285,4.75,0.10561403508743336,87.27000000000407,3.8736236329413765e-05,0
BTC-USD,2026-04-06T15:03:20.088109503Z,69629.96,69630.195,0.0,0.00999999999476131,0.001436158550864508,3.820169161798746e-05,-3.824660309752658e-06,286,4.766666666666667,0.10527972027941702,87.27000000000407,3.879026773267875e-05,0
BTC-USD,2026-04-06T15:03:20.339795308Z,69629.96,69630.195,0.0,0.00999999999476131,0.001436158550864508,3.8135515217800355e-05,-3.8112873716066694e-06,287,4.783333333333333,0.10494773519131718,87.27000000000407,3.881795197377099e-05,0
BTC-USD,2026-04-06T15:03:20.513837349Z,69630.2,69630.195,3.446786216406178e-06,0.00999999999476131,0.001436158550864508,3.807142137694266e-05,-3.7859979165961713e-06,288,4.8,0.10461805555521803,87.27000000000407,3.8857071504668734e-05,0
BTC-USD,2026-04-06T15:03:20.587466663Z,69630.2,69630.195,0.0,0.00999999999476131,0.001436158550864508,3.800592018369858e-05,-3.7728520904968792e-06,289,4.816666666666666,0.10429065743909188,87.27000000000407,3.8911136015972025e-05,0
BTC-USD,2026-04-06T15:03:20.755880877Z,69630.19,69630.195,-1.4361585508482787e-07,0.00999999999476131,0.001436158550864508,3.7940707560021396e-05,-3.7602941796477024e-06,290,4.833333333333333,0.10396551724100798,87.27000000000407,3.891114223131916e-05,0
BTC-USD,2026-04-06T15:03:20.842266548Z,69630.19,69630.195,0.0,0.00999999999476131,0.001436158550864508,3.7875877497933656e-05,-3.7473276479937447e-06,291,4.85,0.10364261168346074,87.27000000000407,3.891114223131916e-05,0
BTC-USD,2026-04-06T15:03:21.091642643Z,69630.19,69616.61499999999,0.0,0.00999999999476131,0.001436438699980071,3.781137859057991e-05,-3.734450233395828e-06,292,4.866666666666666,0.10332191780781451,87.27000000000407,3.8911142231319164e-05,0
BTC-USD,2026-04-06T15:03:21.261858811Z,69619.2,69616.61499999999,-0.00015784629322722904,0.00999999999476131,0.001436438699980071,3.880544751849973e-05,-4.262230517621284e-06,293,4.883333333333334,0.10300341296886212,95.04000000000815,3.80141519963994e-05,0
BTC-USD,2026-04-06T15:03:21.520630406Z,69617.28,69616.61499999999,-2.7578979303703406e-05,0.00999999999476131,0.001436438699980071,3.876302997129312e-05,-4.341809865014056e-06,294,4.9,0.10268707482949442,96.9600000000064,3.7986676365016896e-05,0
BTC-USD,2026-04-06T15:03:21.608089156Z,69617.28,69617.07500000001,0.0,0.00999999999476131,0.0014364292086045424,3.869787595954938e-05,-4.327041804248702e-06,295,4.916666666666667,0.10237288135547838,96.9600000000064,3.7986676365016896e-05,0
BTC-USD,2026-04-06T15:03:21.731097415Z,69617.07,69617.07500000001,-3.01649700655344e-06,0.00999999999476131,0.0014364292086045424,3.86323057581788e-05,-4.322599279510753e-06,296,4.933333333333334,0.10206081081034082,97.16999999999825,3.803939297471982e-05,0
BTC-USD,2026-04-06T15:03:21.841108317Z,69617.07,69617.07500000001,0.0,0.00999999999476131,0.0014364292086045424,3.8567808877503543e-05,-4.307995903566459e-06,297,4.95,0.1017508417503557,97.16999999999825,3.809263132651569e-05,0
BTC-USD,2026-04-06T15:03:22.012445129Z,69617.08,69617.07500000001,1.43642920788603e-07,0.00999999999476131,0.0014364292086045424,3.850368871747326e-05,-4.2930072206561724e-06,298,4.966666666666667,0.10144295301963224,97.16999999999825,3.814609145695516e-05,0
BTC-USD,2026-04-06T15:03:22.090143801Z,69617.08,69625.995,0.0,0.00999999999476131,0.001436245183248198,3.843983267649654e-05,-4.278601156157327e-06,299,4.983333333333333,0.10113712374530157,97.16999999999825,3.8146091456955165e-05,0
BTC-USD,2026-04-06T15:03:22.210901681Z,69624.6,69625.995,0.0001080136351029704,0.00999999999476131,0.001436245183248198,3.8919278150501185e-05,-3.903041837564927e-06,300,5.0,0.10083333333279976,97.16999999999825,3.776469764907913e-05,0
BTC-USD,2026-04-06T15:03:22.341110101Z,69624.6,69625.995,0.0,0.00999999999476131,0.001436245183248198,3.8855009813044454e-05,-3.890031698106377e-06,301,5.016666666666667,0.10053156146124481,97.16999999999825,3.781799214382857e-05,0
BTC-USD,2026-04-06T15:03:22.524829824Z,69625.99,69625.995,1.996400877079793e-05,0.00999999999476131,0.001436245183248198,3.881469141243138e-05,-3.8107823942229733e-06,302,5.033333333333333,0.10023178807890547,97.16999999999825,3.7802376403691895e-05,0
BTC-USD,2026-04-06T15:03:22.588049742Z,69625.99,69625.995,0.0,0.00999999999476131,0.001436245183248198,3.875099379534365e-05,-3.7981639094738905e-06,303,5.05,0.09993399339875977,97.16999999999825,3.785587299924897e-05,0
BTC-USD,2026-04-06T15:03:22.844175727Z,69625.99,69619.995,0.0,0.00999999999476131,0.0014363689619284392,3.868760871017593e-05,-3.7856287150531847e-06,304,5.066666666666666,0.09963815789414136,97.16999999999825,3.780237640369189e-05,0
BTC-USD,2026-04-06T15:03:23.084186745Z,69619.21,69619.995,-9.738217195790938e-05,0.00999999999476131,0.0014363689619284392,3.8993969237026234e-05,-4.093512080983633e-06,305,5.083333333333333,0.09934426229447127,97.16999999999825,3.7502153627040066e-05,0
BTC-USD,2026-04-06T15:03:23.280840187Z,69620.0,69619.995,1.1347378371476388e-05,0.00999999999476131,0.0014363689619284392,3.8939997936898435e-05,-4.042886210647698e-06,306,5.1,0.09905228758107353,97.16999999999825,3.749706937566588e-05,0
BTC-USD,2026-04-06T15:03:23.342434814Z,69620.0,69622.66500000001,0.0,0.00999999999476131,0.001436313877781224,3.887700315367138e-05,-4.029674164207673e-06,307,5.116666666666666,0.0987622149830725,97.16999999999825,3.7716833977248774e-05,0
BTC-USD,2026-04-06T15:03:23.536019189Z,69621.32,69622.66500000001,1.895988920591501e-05,0.00999999999476131,0.001436313877781224,3.883573268845098e-05,-3.954789592969488e-06,308,5.133333333333334,0.0984740259733702,97.16999999999825,3.77566516631123e-05,0
BTC-USD,2026-04-06T15:03:23.587785185Z,69621.32,69622.66500000001,0.0,0.00999999999476131,0.001436313877781224,3.877328912840401e-05,-3.941949367018289e-06,309,5.15,0.09818770226470155,97.16999999999825,3.7810244953617874e-05,0
BTC-USD,2026-04-06T15:03:23.773078465Z,69621.32,69622.66500000001,0.0,0.00999999999476131,0.001436313877781224,3.871114576651935e-05,-3.929192249325672e-06,310,5.166666666666667,0.09790322580576627,97.16999999999825,3.77566516631123e-05,0
BTC-USD,2026-04-06T15:03:23.841005286Z,69621.32,69622.66500000001,0.0,0.00999999999476131,0.001436313877781224,3.864930020549042e-05,-3.91651743561817e-06,311,5.183333333333334,0.09762057877743506,97.16999999999825,3.781024495361788e-05,0
BTC-USD,2026-04-06T15:03:24.094559875Z,69621.32,69614.245,0.0,6.490000000005239,0.9322804549564876,3.858775007472284e-05,-3.903924131966665e-06,312,5.2,0.1181089743582934,97.16999999999825,3.7727861501027464e-05,0
BTC-USD,2026-04-06T15:03:24.181716538Z,69622.66,69614.245,1.924679257284065e-05,6.490000000005239,0.9322804549564876,3.854807744217264e-05,-3.829723116887155e-06,313,5.216666666666667,0.13846645367345936,97.16999999999825,3.776731284825141e-05,0
BTC-USD,2026-04-06T15:03:24.338670899Z,69605.29,69614.245,-0.00024951886586175974,6.490000000005239,0.9322804549564876,4.090775233609875e-05,-4.614672454730198e-06,314,5.233333333333333,0.15869426751528032,108.95000000001164,3.539975638119082e-05,0
BTC-USD,2026-04-06T15:03:24.346560501Z,69605.29,69611.995,0.0,0.00999999999476131,0.0014365340333603873,4.0843388255508264e-05,-4.5999760456387e-06,315,5.25,0.15822222222156437,108.95000000001164,3.545013099713639e-05,0
BTC-USD,2026-04-06T15:03:24.495918928Z,69611.01,69611.995,8.217428567231766e-05,0.00999999999476131,0.0014365340333603873,4.1069632345479414e-05,-4.32450219891503e-06,316,5.266666666666667,0.15775316455628968,108.95000000001164,3.523145318153253e-05,0
BTC-USD,2026-04-06T15:03:24.58900891Z,69611.01,69611.995,0.0,0.00999999999476131,0.0014365340333603873,4.100531661077705e-05,-4.310817065374159e-06,317,5.283333333333333,0.15728706624537003,108.95000000001164,3.5281885119526734e-05,0
BTC-USD,2026-04-06T15:03:24.763764835Z,69611.99,69611.995,1.4078133642189852e-05,0.00999999999476131,0.0014365340333603873,4.0953572995517474e-05,-4.2528077571484055e-06,318,5.3,0.15682389937036814,108.95000000001164,3.527428250145286e-05,0
BTC-USD,2026-04-06T15:03:24.839876166Z,69611.99,69611.995,0.0,0.00999999999476131,0.0014365340333603873,4.0889823172498604e-05,-4.239434147849196e-06,319,5.316666666666666,0.15636363636292108,108.95000000001164,3.532492200026329e-05,0
BTC-USD,2026-04-06T15:03:24.953579452Z,69612.0,69611.995,1.436534032908511e-07,0.00999999999476131,0.0014365340333603873,4.082641749010468e-05,-4.225694061481986e-06,320,5.333333333333333,0.15590624999927058,108.95000000001164,3.532492549484959e-05,0
BTC-USD,2026-04-06T15:03:25.088373257Z,69612.0,69611.995,0.0,0.00999999999476131,0.0014365340333603873,4.0763258623273367e-05,-4.212488767539855e-06,321,5.35,0.15545171339489516,108.95000000001164,3.5278783899006515e-05,0
BTC-USD,2026-04-06T15:03:25.263546272Z,69611.99,69611.995,-1.4365340338802545e-07,0.00999999999476131,0.0014365340333603873,4.0700346542831743e-05,-4.199813267963058e-06,322,5.366666666666666,0.15499999999924258,108.95000000001164,3.53294233517882e-05,0
BTC-USD,2026-04-06T15:03:25.342615442Z,69611.99,69611.995,0.0,0.00999999999476131,0.0014365340333603873,4.063776999098576e-05,-4.1867703696153464e-06,323,5.383333333333334,0.15455108359055997,108.95000000001164,3.527878389811798e-05,0
BTC-USD,2026-04-06T15:03:25.491699162Z,69612.0,69611.995,1.436534032908511e-07,0.00999999999476131,0.0014365340333603873,4.0575527677644246e-05,-4.173363484869507e-06,324,5.4,0.15410493827081986,108.95000000001164,3.527878389853757e-05,0
BTC-USD,2026-04-06T15:03:25.588731045Z,69612.0,69611.995,0.0,0.00999999999476131,0.0014365340333603873,4.051352412389962e-05,-4.160482733372996e-06,325,5.416666666666667,0.15366153846073968,108.95000000001164,3.532942889045403e-05,0
BTC-USD,2026-04-06T15:03:25.741420125Z,69611.99,69611.995,-1.4365340338802545e-07,0.00999999999476131,0.0014365340333603873,4.045175936612399e-05,-4.148123258511504e-06,326,5.433333333333334,0.15322085889489312,108.95000000001164,3.53294233513186e-05,0
BTC-USD,2026-04-06T15:03:25.840250803Z,69611.99,69611.995,0.0,0.00999999999476131,0.0014365340333603873,4.039032053851094e-05,-4.135398954037543e-06,327,5.45,0.15278287461691106,108.95000000001164,3.5380287062350565e-05,0
BTC-USD,2026-04-06T15:03:26.0135241Z,69612.0,69611.995,1.436534032908511e-07,0.00999999999476131,0.0014365340333603873,4.03292064539713e-05,-4.122313167012073e-06,328,5.466666666666667,0.15234756097477037,108.95000000001164,3.538029094213007e-05,0
BTC-USD,2026-04-06T15:03:26.275876892Z,69611.99,69611.995,-1.4365340338802545e-07,0.00999999999476131,0.0014365340333603873,4.0268279501320303e-05,-4.110183106757122e-06,329,5.483333333333333,0.1519148936161685,108.95000000001164,3.5329415097234885e-05,0
BTC-USD,2026-04-06T15:03:26.342613883Z,69611.99,69611.995,0.0,0.00999999999476131,0.0014365340333603873,4.020767153764595e-05,-4.0976901489858235e-06,330,5.5,0.15148484848398241,108.95000000001164,3.538027875561075e-05,0
BTC-USD,2026-04-06T15:03:26.587118391Z,69611.99,69611.995,0.0,0.00999999999476131,0.0014365340333603873,4.014733637680256e-05,-4.085272906110109e-06,331,5.516666666666667,0.15105740181180954,108.95000000001164,3.538200125048245e-05,0
BTC-USD,2026-04-06T15:03:26.841664902Z,69611.99,69607.475,0.0,0.00999999999476131,0.0014366273154946805,4.008727197869276e-05,-4.0729306918922535e-06,332,5.533333333333333,0.15063253011958952,108.95000000001164,3.534560910725464e-05,0
BTC-USD,2026-04-06T15:03:27.005444254Z,69607.44,69607.475,-6.53644394553692e-05,0.00999999999476131,0.0014366273154946805,4.016752632751372e-05,-4.257543670095498e-06,333,5.55,0.15021021020930475,108.95000000001164,3.5170189031601614e-05,0
BTC-USD,2026-04-06T15:03:27.087714438Z,69607.44,69607.475,0.0,0.00999999999476131,0.0014366273154946805,4.0107845948441885e-05,-4.244758253668785e-06,334,5.566666666666666,0.14979041916075822,108.95000000001164,3.5262967850121386e-05,0
BTC-USD,2026-04-06T15:03:27.341975765Z,69607.44,69618.42499999999,0.0,0.00999999999476131,0.0014364013542049123,4.0048430753096495e-05,-4.232049396621872e-06,335,5.583333333333333,0.14937313432742688,108.95000000001164,3.52125694274365e-05,0
BTC-USD,2026-04-06T15:03:27.495053078Z,69614.02,69618.42499999999,9.452565724994187e-05,0.00999999999476131,0.0014364013542049123,4.034991812560941e-05,-3.937250272303771e-06,336,5.6,0.1489583333323892,108.95000000001164,3.490145986003734e-05,0
BTC-USD,2026-04-06T15:03:27.589483403Z,69614.02,69619.185,0.0,0.010000000009313226,0.0014363856757750363,4.0290399714359995e-05,-3.925532265540962e-06,337,5.616666666666666,0.1485459940643682,108.95000000001164,3.486787795339312e-05,0
BTC-USD,2026-04-06T15:03:27.842622478Z,69614.02,69619.195,0.0,0.00999999999476131,0.0014363854673644688,4.0231143875542585e-05,-3.913883801844995e-06,338,5.633333333333334,0.1481360946736297,108.95000000001164,3.4917793730646216e-05,0
BTC-USD,2026-04-06T15:03:28.016632191Z,69619.18,69619.195,7.412025296188165e-05,0.00999999999476131,0.0014363854673644688,4.0394539245548916e-05,-3.6830135747333777e-06,339,5.65,0.14772861356838232,108.95000000001164,3.4692506433932624e-05,0
BTC-USD,2026-04-06T15:03:28.089926737Z,69619.18,69619.195,0.0,0.00999999999476131,0.0014363854673644688,4.03354108268027e-05,-3.6721492279052558e-06,340,5.666666666666667,0.14732352941081284,108.95000000001164,3.4675563381842164e-05,0
BTC-USD,2026-04-06T15:03:28.259992768Z,69619.2,69619.195,2.872771143554178e-07,0.00999999999476131,0.0014363854673644688,4.027662109105301e-05,-3.6605038563103715e-06,341,5.683333333333334,0.14692082111340507,108.95000000001164,3.4725201675254185e-05,0
BTC-USD,2026-04-06T15:03:28.340515282Z,69619.2,69619.195,0.0,0.00999999999476131,0.0014363854673644688,4.02180081857587e-05,-3.6497692408959715e-06,342,5.7,0.1465204678352804,108.95000000001164,3.477505831938516e-05,0
BTC-USD,2026-04-06T15:03:28.528716145Z,69619.19,69619.195,-1.4363854671444273e-07,0.00999999999476131,0.0014363854673644688,4.015961309606202e-05,-3.6395173967609376e-06,343,5.716666666666667,0.14612244897860246,108.95000000001164,3.477505803769208e-05,0
BTC-USD,2026-04-06T15:03:28.737479005Z,69619.2,69619.195,1.4363854673255888e-07,0.00999999999476131,0.0014363854673644688,4.010154740472249e-05,-3.6284877875962336e-06,344,5.733333333333333,0.1457267441850448,108.95000000001164,3.486052529117903e-05,0
BTC-USD,2026-04-06T15:03:28.844826573Z,69619.2,69630.885,0.0,2.529999999998836,0.3633445129986264,4.004369435486173e-05,-3.617939857981128e-06,345,5.75,0.1526376811584181,108.95000000001164,3.4910574453504685e-05,0
BTC-USD,2026-04-06T15:03:29.014368939Z,69629.56,69630.885,0.00014879845277069432,2.529999999998836,0.3633445129986264,4.0816540644893075e-05,-3.1761532126806196e-06,346,5.766666666666667,0.15950867051922857,108.95000000001164,3.403066314213337e-05,0
BTC-USD,2026-04-06T15:03:29.089640904Z,69629.56,69630.83,0.0,2.3399999999965075,0.33605803636069076,4.075787116498414e-05,-3.166973579117959e-06,347,5.783333333333333,0.1657925072036011,108.95000000001164,3.4030663142133373e-05,0
BTC-USD,2026-04-06T15:03:29.342610274Z,69629.56,69629.745,0.0,0.00999999999476131,0.0014361678324057215,4.069945394118711e-05,-3.1578468541060917e-06,348,5.8,0.16534482758518493,108.95000000001164,3.407978734664727e-05,0
BTC-USD,2026-04-06T15:03:29.481617831Z,69629.74,69629.745,2.5851056268342964e-06,0.00999999999476131,0.0014361678324057215,4.064209827501557e-05,-3.1413441170918948e-06,349,5.816666666666666,0.16489971346601465,108.95000000001164,3.407936181830182e-05,0
BTC-USD,2026-04-06T15:03:29.588538808Z,69629.74,69629.745,0.0,0.00999999999476131,0.0014361678324057215,4.05841773595796e-05,-3.1323431310830354e-06,350,5.833333333333333,0.16445714285609678,108.95000000001164,3.503782211285086e-05,0
BTC-USD,2026-04-06T15:03:29.841023954Z,69629.74,69629.745,0.0,0.00999999999476131,0.0014361678324057215,4.0526503365868286e-05,-3.123393579279941e-06,351,5.85,0.164017094016036,108.95000000001164,3.519633289967252e-05,0
BTC-USD,2026-04-06T15:03:30.089100017Z,69629.74,69626.185,0.0,0.010000000009313226,0.001436241266028467,4.046907454452349e-05,-3.1144950220740154e-06,352,5.866666666666666,0.1635795454535169,108.95000000001164,3.5128260387914416e-05,0
BTC-USD,2026-04-06T15:03:30.344002441Z,69629.74,69626.185,0.0,0.010000000009313226,0.001436241266028467,4.041188916348886e-05,-3.105647024852214e-06,353,5.883333333333334,0.16314447591968062,108.95000000001164,3.5097006987723415e-05,0
BTC-USD,2026-04-06T15:03:30.51541163Z,69626.19,69626.185,-5.0985261464547774e-05,0.010000000009313226,0.001436241266028467,4.043476471904845e-05,-3.241283326381097e-06,354,5.9,0.16271186440580954,108.95000000001164,3.504078721846203e-05,0
BTC-USD,2026-04-06T15:03:30.587729967Z,69626.19,69626.185,0.0,0.010000000009313226,0.001436241266028467,4.037797954209326e-05,-3.2321271587924497e-06,355,5.916666666666667,0.1622816901399039,108.95000000001164,3.504078721846203e-05,0
BTC-USD,2026-04-06T15:03:30.841973719Z,69626.19,69624.38500000001,0.0,0.00999999999476131,0.001436278395099836,4.0321432923341696e-05,-3.2230225752465558e-06,356,5.933333333333334,0.16185393258331643,108.95000000001164,3.504078721846203e-05,0
BTC-USD,2026-04-06T15:03:31.016969454Z,69624.38,69624.38500000001,-2.599630292501636e-05,0.00999999999476131,0.001436278395099836,4.028279732950681e-05,-3.2869924638695046e-06,357,5.95,0.1614285714276062,108.95000000001164,3.5063001828550426e-05,0
BTC-USD,2026-04-06T15:03:31.089572122Z,69624.38,69624.38500000001,0.0,0.00999999999476131,0.001436278395099836,4.022671440014954e-05,-3.2777852020659484e-06,358,5.966666666666667,0.1610055865912016,108.95000000001164,3.5063001828550426e-05,0
BTC-USD,2026-04-06T15:03:31.277064564Z,69624.39,69624.38500000001,1.4362783952120268e-07,0.00999999999476131,0.001436278395099836,4.017089840735097e-05,-3.2682281823967107e-06,359,5.983333333333333,0.16058495821628116,108.95000000001164,3.509656544389076e-05,0
BTC-USD,2026-04-06T15:03:31.343286596Z,69624.39,69624.38500000001,0.0,0.00999999999476131,0.001436278395099836,4.011528087732413e-05,-3.2591244827242965e-06,360,6.0,0.1601666666656658,108.95000000001164,3.509656544389076e-05,0
BTC-USD,2026-04-06T15:03:31.490460776Z,69624.38,69624.38500000001,-1.4362783950001071e-07,0.00999999999476131,0.001436278395099836,4.0059862052150926e-05,-3.2504703253820066e-06,361,6.016666666666667,0.15975069251976304,108.95000000001164,3.5147096961034044e-05,0
BTC-USD,2026-04-06T15:03:31.588368906Z,69624.38,69624.38500000001,0.0,0.00999999999476131,0.001436278395099836,4.000470378988768e-05,-3.2414662524585106e-06,362,6.033333333333333,0.15933701657356136,108.95000000001164,3.5129208376496595e-05,0
BTC-USD,2026-04-06T15:03:31.842574233Z,69624.38,69624.38500000001,0.0,0.00999999999476131,0.001436278395099836,3.994977273037895e-05,-3.2325119257942606e-06,363,6.05,0.15892561983367487,108.95000000001164,3.517978822209328e-05,0
BTC-USD,2026-04-06T15:03:32.339474122Z,69624.38,69624.38500000001,0.0,0.00999999999476131,0.001436278395099836,3.989506731819948e-05,-3.223606934263147e-06,364,6.066666666666666,0.1585164835154361,108.95000000001164,3.517978822209328e-05,0
BTC-USD,2026-04-06T15:03:32.568042625Z,69624.39,69624.38500000001,1.4362783952120268e-07,0.00999999999476131,0.001436278395099836,3.984061856102798e-05,-3.214356289280223e-06,365,6.083333333333333,0.158109589040037,108.95000000001164,3.517979010178704e-05,0
BTC-USD,2026-04-06T15:03:32.587481279Z,69624.39,69624.38500000001,0.0,0.00999999999476131,0.001436278395099836,3.978635970450338e-05,-3.205549833693154e-06,366,6.1,0.15770491803171657,108.95000000001164,3.5179790101787045e-05,0
BTC-USD,2026-04-06T15:03:32.842144229Z,69624.39,69625.76000000001,0.0,0.46000000000640284,0.06606750145440463,3.973232191840467e-05,-3.196791500814211e-06,367,6.116666666666666,0.15852861035317348,108.95000000001164,3.523058906710608e-05,0
BTC-USD,2026-04-06T15:03:33.088751678Z,69624.39,69622.89499999999,0.0,1.2299999999959255,0.17666602343897445,3.967850370568063e-05,-3.188080897269758e-06,368,6.133333333333334,0.16144021739024617,108.95000000001164,3.512921193284284e-05,0
BTC-USD,2026-04-06T15:03:33.326243396Z,69625.99,69622.89499999999,2.2980188636894554e-05,1.2299999999959255,0.17666602343897445,3.96479658241633e-05,-3.1169714691877895e-06,369,6.15,0.16433604335936725,108.95000000001164,3.5320390751262185e-05,0
BTC-USD,2026-04-06T15:03:33.344083647Z,69625.99,69624.945,0.0,1.110000000000582,0.15942561965407395,3.9594537432619384e-05,-3.108524392035519e-06,370,6.166666666666667,0.16689189189083,108.95000000001164,3.5320390751262185e-05,0
BTC-USD,2026-04-06T15:03:33.589832458Z,69625.99,69624.81,0.0,0.8600000000005821,0.12351918805962732,3.9541324444985255e-05,-3.1001229747597474e-06,371,6.183333333333334,0.16876010781565412,108.95000000001164,3.526989720174487e-05,0
BTC-USD,2026-04-06T15:03:33.7133414Z,69628.0,69624.81,2.8868113583396986e-05,0.8600000000005821,0.12351918805962732,3.952276831594536e-05,-3.0139552212337184e-06,372,6.2,0.1706182795688394,108.95000000001164,3.5286319310349944e-05,0
BTC-USD,2026-04-06T15:03:33.84321675Z,69628.0,69624.38500000001,0.0,0.00999999999476131,0.001436278395099836,3.946991907565291e-05,-3.0058531910691116e-06,373,6.216666666666667,0.17018766755925743,108.95000000001164,3.5235877685999254e-05,0
BTC-USD,2026-04-06T15:03:33.982878976Z,69624.38,69624.38500000001,-5.199193005977519e-05,0.00999999999476131,0.001436278395099836,3.94982784024726e-05,-3.13718315586457e-06,374,6.233333333333333,0.16975935828769462,108.95000000001164,3.5176712982795474e-05,0
BTC-USD,2026-04-06T15:03:34.344094552Z,69624.38,69619.205,0.0,0.010000000009313226,0.001436385263134393,3.944577054498815e-05,-3.128794965608248e-06,375,6.25,0.1693333333322856,108.95000000001164,3.50266558004e-05,0
BTC-USD,2026-04-06T15:03:34.513722596Z,69619.2,69619.205,-7.44019940079031e-05,0.010000000009313226,0.001436385263134393,3.956424847354689e-05,-3.318856829721034e-06,376,6.266666666666667,0.16890957446706492,108.95000000001164,3.485030129905186e-05,0
BTC-USD,2026-04-06T15:03:34.595456215Z,69619.2,69621.76000000001,0.0,1.860000000000582,0.2671578540962742,3.956424847354689e-05,-3.318856829721034e-06,376,6.266666666666667,0.17382978723299916,108.95000000001164,3.485030129905186e-05,0
BTC-USD,2026-04-06T15:03:34.76430141Z,69619.21,69621.76000000001,1.4363852630445817e-07,1.860000000000582,0.2671578540962742,3.951200383076082e-05,-3.309648065476285e-06,377,6.283333333333333,0.17830238726686543,108.95000000001164,3.487141240072614e-05,0
BTC-USD,2026-04-06T15:03:34.843341887Z,69619.21,69619.965,0.0,0.07000000000698492,0.01005458707239869,3.951200383076082e-05,-3.309648065476285e-06,377,6.283333333333333,0.1784615384604932,108.95000000001164,3.487141240072614e-05,0
BTC-USD,2026-04-06T15:03:35.088787363Z,69619.21,69619.70499999999,0.0,0.5500000000029104,0.07900062202258835,3.951200383076082e-05,-3.309648065476285e-06,377,6.283333333333333,0.17989389920318177,108.95000000001164,3.4831443580542014e-05,0
BTC-USD,2026-04-06T15:03:35.343717816Z,69619.21,69617.23000000001,0.0,1.2400000000052387,0.17811682539009932,3.951200383076082e-05,-3.309648065476285e-06,377,6.283333333333333,0.183156498672667,108.95000000001164,3.4831443580542014e-05,0
BTC-USD,2026-04-06T15:03:35.50433905Z,69618.52,69617.23000000001,-9.911106709480692e-06,1.2400000000052387,0.17811682539009932,3.9461026659354514e-05,-3.32715856585826e-06,378,6.3,0.1859523809513246,108.95000000001164,3.487680598339751e-05,0
BTC-USD,2026-04-06T15:03:35.59574373Z,69618.52,69616.61499999999,0.0,0.00999999999476131,0.001436438699980071,3.946099388138025e-05,-3.327539096015398e-06,378,6.3,0.1859523809512861,108.95000000001164,3.487680598339751e-05,0
BTC-USD,2026-04-06T15:03:35.851314271Z,69618.52,69617.35,0.0,1.2799999999988358,0.18386221250863985,3.9513060135612235e-05,-3.3363889340367157e-06,377,6.283333333333333,0.1897877984073378,108.95000000001164,3.487680598339751e-05,0
BTC-USD,2026-04-06T15:03:36.025262355Z,69616.61,69617.35,-2.7435604794937568e-05,1.2799999999988358,0.18386221250863985,3.948008375775362e-05,-3.4003125835351265e-06,378,6.3,0.1926719576708074,108.95000000001164,3.484535665279749e-05,0
BTC-USD,2026-04-06T15:03:36.090285909Z,69616.61,69618.64,0.0,0.7799999999988358,0.11203895968074583,3.948008375775362e-05,-3.4003125835351265e-06,378,6.3,0.1947089947078167,108.95000000001164,3.484535665279749e-05,0
BTC-USD,2026-04-06T15:03:36.340933342Z,69616.61,69619.055,0.0,0.00999999999476131,0.0014363883558547745,3.948011583856594e-05,-3.3999320533781726e-06,378,6.3,0.1947089947077782,108.95000000001164,3.489509529563508e-05,0
BTC-USD,2026-04-06T15:03:36.477479076Z,69619.05,69619.055,3.504849260969531e-05,0.00999999999476131,0.0014363883558547745,3.947729102894798e-05,-3.298216644216603e-06,379,6.316666666666666,0.19422163588267788,108.95000000001164,3.484562466723842e-05,0
BTC-USD,2026-04-06T15:03:36.588467048Z,69619.05,69619.21,0.0,0.27999999999883585,0.04021878444165566,3.947729102894798e-05,-3.298216644216603e-06,379,6.316666666666666,0.19493403693805922,108.95000000001164,3.489550853465443e-05,0
BTC-USD,2026-04-06T15:03:36.842478202Z,69619.05,69619.275,0.0,0.11000000000058208,0.015800221993202614,3.926426953570748e-05,-3.0630341658120775e-06,378,6.3,0.19568783068660187,108.95000000001164,3.5212292001528156e-05,0
BTC-USD,2026-04-06T15:03:37.120117992Z,69619.05,69619.32500000001,0.0,0.00999999999476131,0.0014363827852053015,3.9102918002361024e-05,-2.7338648071543333e-06,376,6.266666666666667,0.19667553191364742,108.95000000001164,3.521633136652396e-05,0
BTC-USD,2026-04-06T15:03:37.264720072Z,69619.32,69619.32500000001,3.878241321017047e-06,0.00999999999476131,0.0014363827852053015,3.9104152530875826e-05,-2.7235228302982876e-06,376,6.266666666666667,0.1966755319136087,108.95000000001164,3.522601449877294e-05,0
BTC-USD,2026-04-06T15:03:37.342130425Z,69619.32,69619.32500000001,0.0,0.00999999999476131,0.0014363827852053015,3.9052369615195565e-05,-2.7162794185155795e-06,377,6.283333333333333,0.19618037135148975,108.95000000001164,3.522601449877294e-05,0
BTC-USD,2026-04-06T15:03:37.518722421Z,69619.33,69619.32500000001,1.4363827850271464e-07,0.00999999999476131,0.0014363827852053015,3.91043759835609e-05,-2.7193133477970675e-06,376,6.266666666666667,0.19619680850929458,108.95000000001164,3.527615039544968e-05,0
BTC-USD,2026-04-06T15:03:37.590000097Z,69619.33,69619.32500000001,0.0,0.00999999999476131,0.0014363827852053015,3.909699840990778e-05,-2.672247599456723e-06,376,6.266666666666667,0.19619680850925586,108.95000000001164,3.527615039544968e-05,0
BTC-USD,2026-04-06T15:03:37.770443278Z,69619.32,69619.32500000001,-1.4363827848452144e-07,0.00999999999476131,0.0014363827852053015,3.909697293148476e-05,-2.672630634866015e-06,376,6.266666666666667,0.19619680850921717,108.95000000001164,3.5326487291319736e-05,0
BTC-USD,2026-04-06T15:03:37.844181252Z,69619.32,69614.025,0.0,0.00999999999476131,0.0014364921428923713,3.9036132009994905e-05,-2.552857951345049e-06,376,6.266666666666667,0.19210106382834444,108.95000000001164,3.5377047999895945e-05,0
BTC-USD,2026-04-06T15:03:38.02498024Z,69615.6,69614.025,-5.343487109248867e-05,0.00999999999476131,0.0014364921428923713,3.912398067498412e-05,-2.695350940925019e-06,376,6.266666666666667,0.18800531914747168,108.95000000001164,3.522906124883707e-05,0
BTC-USD,2026-04-06T15:03:38.093654783Z,69615.6,69606.795,0.0,0.010000000009313226,0.0014366413522290786,3.904073709899213e-05,-2.556438503300924e-06,376,6.266666666666667,0.1880053191475104,108.95000000001164,3.522906124883707e-05,0
BTC-USD,2026-04-06T15:03:38.265427187Z,69608.84,69606.795,-9.710938690535035e-05,0.010000000009313226,0.0014366413522290786,3.93438096731151e-05,-2.8153968683818584e-06,376,6.266666666666667,0.1880053191475491,108.95000000001164,3.5042123909379116e-05,0
BTC-USD,2026-04-06T15:03:38.451885607Z,69608.84,69606.265,0.0,0.010000000009313226,0.0014366522911857468,3.933966174189596e-05,-2.777510402209423e-06,376,6.266666666666667,0.1880053191475878,108.95000000001164,3.5042123909379116e-05,0
BTC-USD,2026-04-06T15:03:38.521637011Z,69606.26,69606.265,-3.706494482706674e-05,0.010000000009313226,0.0014366522911857468,3.937910172800657e-05,-2.876350255081601e-06,376,6.266666666666667,0.1880053191476265,108.95000000001164,3.4992854231550194e-05,0
BTC-USD,2026-04-06T15:03:38.7400719Z,69606.26,69603.66500000001,0.0,0.00999999999476131,0.001436705954314519,3.937910172800657e-05,-2.876350255081601e-06,376,6.266666666666667,0.1880053191476265,108.95000000001164,3.49928542315502e-05,0
BTC-USD,2026-04-06T15:03:38.769898173Z,69606.24,69603.66500000001,-2.873305196895292e-07,0.00999999999476131,0.001436705954314519,3.93269270887353e-05,-2.869464564295984e-06,377,6.283333333333333,0.18753315649735364,108.95000000001164,3.499284205517868e-05,0
BTC-USD,2026-04-06T15:03:38.957481988Z,69606.24,69603.66500000001,0.0,0.00999999999476131,0.001436705954314519,3.93269270887353e-05,-2.869464564295984e-06,377,6.283333333333333,0.18753315649735364,108.95000000001164,3.504291147139157e-05,0
BTC-USD,2026-04-06T15:03:39.004951344Z,69603.67,69603.66500000001,-3.692265874322421e-05,0.00999999999476131,0.001436705954314519,3.9313770414126166e-05,-2.9597913393064036e-06,378,6.3,0.1870634920621616,110.57000000000698,3.503467096102092e-05,0
BTC-USD,2026-04-06T15:03:39.265413911Z,69603.66,69603.66500000001,-1.4367059541607622e-07,0.00999999999476131,0.001436705954314519,3.936566035144103e-05,-2.9684269038951085e-06,377,6.283333333333333,0.18753315649735364,110.58000000000175,3.503465911419643e-05,0
BTC-USD,2026-04-06T15:03:39.588846297Z,69603.66,69603.66500000001,0.0,0.00999999999476131,0.001436705954314519,3.9417842300844665e-05,-2.975960014703664e-06,376,6.266666666666667,0.1880053191476265,110.58000000000175,3.498446578598551e-05,0
BTC-USD,2026-04-06T15:03:39.841937643Z,69603.66,69603.66500000001,0.0,0.00999999999476131,0.001436705954314519,3.947020399764557e-05,-2.983917127042444e-06,375,6.25,0.1884799999987008,110.58000000000175,3.498446578598551e-05,0
BTC-USD,2026-04-06T15:03:40.087200531Z,69603.66,69603.66500000001,0.0,0.00999999999476131,0.001436705954314519,3.9417842300844665e-05,-2.975960014703664e-06,376,6.266666666666667,0.1880053191476265,110.58000000000175,3.498446578598551e-05,0
BTC-USD,2026-04-06T15:03:40.339544549Z,69603.66,69603.66500000001,0.0,0.00999999999476131,0.001436705954314519,3.9470174289437286e-05,-2.984300844557499e-06,375,6.25,0.1884799999987008,110.58000000000175,3.503465911419644e-05,0
BTC-USD,2026-04-06T15:03:40.482096487Z,69603.67,69603.66500000001,1.4367059553600677e-07,0.00999999999476131,0.001436705954314519,3.947020403159558e-05,-2.9839166985801296e-06,375,6.25,0.1884799999987008,110.58000000000175,3.5034669268014886e-05,0
BTC-USD,2026-04-06T15:03:40.665676115Z,69603.67,69603.66500000001,0.0,0.00999999999476131,0.001436705954314519,3.945716206363934e-05,-3.1373466022477545e-06,374,6.233333333333333,0.18895721924997042,110.58000000000175,3.50850793061436e-05,0
BTC-USD,2026-04-06T15:03:40.855578658Z,69603.67,69611.42499999999,0.0,0.00999999999476131,0.0014365457961478755,3.9387913215528826e-05,-3.2981510369641457e-06,373,6.216666666666667,0.18943699731760072,110.58000000000175,3.50850793061436e-05,0
BTC-USD,2026-04-06T15:03:41.025782674Z,69606.27,69611.42499999999,3.735365449213891e-05,0.00999999999476131,0.0014365457961478755,3.944376723725696e-05,-3.1977379872540952e-06,373,6.216666666666667,0.18943699731756172,110.58000000000175,3.5080996629921585e-05,0
BTC-USD,2026-04-06T15:03:41.091048779Z,69606.27,69614.015,0.0,0.010000000009313226,0.0014364923513337402,3.944376723725695e-05,-3.1977379872540952e-06,373,6.216666666666667,0.18943699731756172,110.58000000000175,3.5080996629921585e-05,0
BTC-USD,2026-04-06T15:03:41.24903388Z,69614.01,69614.015,0.00011119069733172528,0.010000000009313226,0.0014364923513337402,3.9832465585411784e-05,-2.89106657889222e-06,374,6.233333333333333,0.1889572192498926,110.58000000000175,3.462425151829817e-05,0
BTC-USD,2026-04-06T15:03:41.341155423Z,69614.01,69614.015,0.0,0.010000000009313226,0.0014364923513337402,3.9832465585411784e-05,-2.89106657889222e-06,374,6.233333333333333,0.1889572192498926,110.58000000000175,3.4674529973336816e-05,0
BTC-USD,2026-04-06T15:03:41.58767694Z,69614.01,69614.015,0.0,0.010000000009313226,0.0014364923513337402,3.9779458134663886e-05,-2.8833364543497275e-06,375,6.25,0.1884799999985844,110.58000000000175,3.4916038570235915e-05,0
BTC-USD,2026-04-06T15:03:41.840249387Z,69614.01,69615.995,0.0,0.00999999999476131,0.001436451492902071,3.9779458134663886e-05,-2.8833364543497275e-06,375,6.25,0.1884799999985456,110.58000000000175,3.4916145103512074e-05,0
BTC-USD,2026-04-06T15:03:41.955760838Z,69614.09,69615.995,1.1491933023344594e-06,0.00999999999476131,0.001436451492902071,3.972692776782003e-05,-2.8725830416652364e-06,376,6.266666666666667,0.18800531914747168,110.58000000000175,3.4916171749105e-05,0
BTC-USD,2026-04-06T15:03:42.088478467Z,69614.09,69615.995,0.0,0.00999999999476131,0.001436451492902071,3.972692776782003e-05,-2.8725830416652364e-06,376,6.266666666666667,0.188005319147433,110.58000000000175,3.4916171749105e-05,0
BTC-USD,2026-04-06T15:03:42.341695819Z,69614.09,69615.995,0.0,0.00999999999476131,0.001436451492902071,3.967434007777899e-05,-2.8649431931501694e-06,377,6.283333333333333,0.18753315649716065,110.58000000000175,3.4916142324578313e-05,0
BTC-USD,2026-04-06T15:03:42.547775103Z,69615.99,69615.995,2.7292952788956966e-05,0.00999999999476131,0.001436451492902071,3.9652037996567575e-05,-2.784948774099487e-06,378,6.3,0.18706349206196912,110.58000000000175,3.4887143391852076e-05,0
BTC-USD,2026-04-06T15:03:42.587359411Z,69615.99,69615.995,0.0,0.00999999999476131,0.001436451492902071,3.959981186277338e-05,-2.7775811847500174e-06,379,6.316666666666666,0.18659630606706884,110.58000000000175,3.4887143391852076e-05,0
BTC-USD,2026-04-06T15:03:42.840717439Z,69615.99,69614.015,0.0,0.010000000009313226,0.0014364923513337402,3.970449745337373e-05,-2.791973918625531e-06,377,6.283333333333333,0.18753315649719926,110.58000000000175,3.493764281630209e-05,0
BTC-USD,2026-04-06T15:03:43.087609892Z,69615.99,69614.015,0.0,0.010000000009313226,0.0014364923513337402,3.965206403888549e-05,-2.784568152263129e-06,378,6.3,0.18706349206204612,110.58000000000175,3.493764281630209e-05,0
BTC-USD,2026-04-06T15:03:43.339834501Z,69615.99,69614.015,0.0,0.010000000009313226,0.0014364923513337402,3.967592567328661e-05,-2.603876919302456e-06,376,6.266666666666667,0.1880053191475491,110.58000000000175,3.4887118511614184e-05,0
BTC-USD,2026-04-06T15:03:43.512116442Z,69614.01,69614.015,-2.8442146091315704e-05,0.010000000009313226,0.0014364923513337402,3.9698028272453015e-05,-2.680105322092491e-06,376,6.266666666666667,0.1880053191475878,110.58000000000175,3.490210361547615e-05,0
BTC-USD,2026-04-06T15:03:43.775833085Z,69614.02,69614.015,1.4364923507012623e-07,0.010000000009313226,0.0014364923513337402,3.962615074279273e-05,-2.4924837215362955e-06,374,6.233333333333333,0.18895721925004824,110.58000000000175,3.485167074005141e-05,0
BTC-USD,2026-04-06T15:03:43.842552255Z,69614.02,69609.83499999999,0.0,0.00999999999476131,0.0014365786091521855,3.957334846033428e-05,-2.4858193265589257e-06,375,6.25,0.1884799999987008,110.58000000000175,3.485167074005141e-05,0
BTC-USD,2026-04-06T15:03:43.972899686Z,69614.01,69609.83499999999,-1.4364923516610303e-07,0.00999999999476131,0.0014365786091521855,3.9533752358883116e-05,-2.3879662403057715e-06,375,6.25,0.188479999998662,110.58000000000175,3.490210190177159e-05,0
BTC-USD,2026-04-06T15:03:44.08794859Z,69614.01,69609.32500000001,0.0,0.00999999999476131,0.0014365891343956156,3.9533752358883116e-05,-2.3879662403057715e-06,375,6.25,0.1884799999986232,110.58000000000175,3.495276382502985e-05,0
BTC-USD,2026-04-06T15:03:44.343880869Z,69614.01,69609.32500000001,0.0,0.00999999999476131,0.0014365891343956156,3.9533752358883116e-05,-2.3879662403057715e-06,375,6.25,0.1884799999985844,110.58000000000175,3.5068420844734946e-05,0
BTC-USD,2026-04-06T15:03:44.600252925Z,69614.01,69609.32500000001,0.0,0.00999999999476131,0.0014365891343956156,3.7701191057278665e-05,-3.2826198716207226e-06,373,6.216666666666667,0.17490616621837068,110.58000000000175,3.5068420844734946e-05,0
BTC-USD,2026-04-06T15:03:44.840339652Z,69614.01,69609.32500000001,0.0,0.00999999999476131,0.0014365891343956156,3.7701191057278665e-05,-3.2826198716207226e-06,373,6.216666666666667,0.17099195710307202,110.58000000000175,3.511919019780383e-05,0
BTC-USD,2026-04-06T15:03:45.012439383Z,69609.33,69609.32500000001,-6.723010670132767e-05,0.00999999999476131,0.0014365891343956156,3.696454391913319e-05,-3.8964953427432665e-06,372,6.2,0.16776881720278486,110.58000000000175,3.49279691240862e-05,0
BTC-USD,2026-04-06T15:03:45.089626213Z,69609.33,69610.91,0.0,0.16000000000349246,0.02298490279806606,3.691537827607293e-05,-3.886020892897183e-06,373,6.216666666666667,0.16774798927463663,110.58000000000175,3.49279691240862e-05,0
BTC-USD,2026-04-06T15:03:45.319856354Z,69609.32,69610.91,-1.4365891342568822e-07,0.16000000000349246,0.02298490279806606,3.681370573230796e-05,-4.059662098235723e-06,372,6.2,0.1685752688156568,110.58000000000175,3.496848019074054e-05,0
BTC-USD,2026-04-06T15:03:45.345219498Z,69609.32,69610.985,0.0,0.010000000009313226,0.001436554878416564,3.677879763300891e-05,-3.964934111135784e-06,372,6.2,0.1685752688156568,108.13999999999942,3.496848019074054e-05,0
BTC-USD,2026-04-06T15:03:45.586990568Z,69609.32,69610.985,0.0,0.010000000009313226,0.001436554878416564,3.677879763300892e-05,-3.964934111135784e-06,372,6.2,0.1685752688156568,108.13999999999942,3.50192325047561e-05,0
BTC-USD,2026-04-06T15:03:45.840174008Z,69609.32,69610.985,0.0,0.010000000009313226,0.001436554878416564,3.677879763300892e-05,-3.964934111135784e-06,372,6.2,0.1685752688156568,108.13999999999942,3.50192325047561e-05,0
BTC-USD,2026-04-06T15:03:46.027469438Z,69610.98,69610.985,2.3847097012022947e-05,0.010000000009313226,0.001436554878416564,3.616572127417038e-05,-3.5320046184001433e-06,371,6.183333333333334,0.16900269541629143,108.13999999999942,3.4997427434334215e-05,0
BTC-USD,2026-04-06T15:03:46.087597076Z,69610.98,69610.985,0.0,0.010000000009313226,0.001436554878416564,3.611741177207288e-05,-3.5224843903182024e-06,372,6.2,0.16857526881573504,108.13999999999942,3.504837486119012e-05,0
BTC-USD,2026-04-06T15:03:46.264100884Z,69610.99,69610.985,1.436554878453027e-07,0.010000000009313226,0.001436554878416564,3.592744527082673e-05,-3.7375043214578354e-06,371,6.183333333333334,0.16900269541629143,108.13999999999942,3.499742743697549e-05,0
BTC-USD,2026-04-06T15:03:46.340173512Z,69610.99,69610.985,0.0,0.010000000009313226,0.001436554878416564,3.58795161531335e-05,-3.7274301858204825e-06,372,6.2,0.16857526881573504,108.13999999999942,3.504837486384454e-05,0
BTC-USD,2026-04-06T15:03:46.5928548Z,69610.99,69623.715,0.0,1.3300000000017462,0.19102686491258708,3.592893570197767e-05,-3.774458211312906e-06,370,6.166666666666667,0.172999999998452,108.13999999999942,3.499742743697549e-05,0
BTC-USD,2026-04-06T15:03:46.724049653Z,69617.77,69623.715,9.739367075254217e-05,1.3300000000017462,0.19102686491258708,3.626274819313066e-05,-3.5010308357349194e-06,371,6.183333333333334,0.1761185983812102,108.13999999999942,3.46576542004844e-05,0
BTC-USD,2026-04-06T15:03:46.843296392Z,69617.77,69619.82,0.0,1.9399999999877764,0.27865627920149405,3.6275036635959085e-05,-3.41604635811574e-06,370,6.166666666666667,0.18178378378219645,108.13999999999942,3.46576542004844e-05,0
BTC-USD,2026-04-06T15:03:47.021792217Z,69599.0,69619.82,-0.0002696514236573281,1.9399999999877764,0.27865627920149405,3.882528588114365e-05,-4.146809023853757e-06,370,6.166666666666667,0.18699999999839378,112.80000000000291,3.1426176634112874e-05,0
BTC-USD,2026-04-06T15:03:47.088628342Z,69599.0,69619.54000000001,0.0,0.9000000000087311,0.12927405151035629,3.882528588114365e-05,-4.146809023853757e-06,370,6.166666666666667,0.18940540540383694,112.80000000000291,3.147199822184269e-05,0
BTC-USD,2026-04-06T15:03:47.243359032Z,69618.93,69619.54000000001,0.0002863136973252493,0.9000000000087311,0.12927405151035629,4.160207011377374e-05,-3.3617806283156407e-06,371,6.183333333333334,0.19132075471544044,112.80000000000291,2.7442764107148732e-05,0
BTC-USD,2026-04-06T15:03:47.344971992Z,69618.93,69619.985,0.0,0.010000000009313226,0.0014363691703342403,4.1546330423149106e-05,-3.3527192250048165e-06,372,6.2,0.19083333333182181,112.80000000000291,2.7482833608415554e-05,0
BTC-USD,2026-04-06T15:03:47.587902696Z,69618.93,69620.785,0.0,0.00999999999476131,0.0014363526631825984,4.146364611973215e-05,-3.1764387677210375e-06,371,6.183333333333334,0.19132075471540122,112.80000000000291,2.7482833608415554e-05,0
BTC-USD,2026-04-06T15:03:47.741741992Z,69620.79,69620.785,2.6716514513513317e-05,0.00999999999476131,0.0014363526631825984,4.148190941914063e-05,-3.1449462313011675e-06,371,6.183333333333334,0.1854177897558262,112.80000000000291,2.7446568008151694e-05,0
BTC-USD,2026-04-06T15:03:47.840774433Z,69620.79,69620.785,0.0,0.00999999999476131,0.0014363526631825984,4.148190941914063e-05,-3.1449462313011675e-06,371,6.183333333333334,0.1795148247962512,112.80000000000291,2.7457938308017935e-05,0
BTC-USD,2026-04-06T15:03:48.087972944Z,69620.79,69620.785,0.0,0.00999999999476131,0.0014363526631825984,4.153666019257635e-05,-3.162800370766064e-06,370,6.166666666666667,0.17997297297139037,112.80000000000291,2.7457938308017935e-05,0
BTC-USD,2026-04-06T15:03:48.34150986Z,69620.79,69620.785,0.0,0.00999999999476131,0.0014363526631825984,4.153666019257636e-05,-3.162800370766064e-06,370,6.166666666666667,0.17981081080919514,112.80000000000291,2.7421730355811888e-05,0
BTC-USD,2026-04-06T15:03:48.516780745Z,69620.78,69620.785,-1.4363526633800068e-07,0.00999999999476131,0.0014363526631825984,4.141030233994768e-05,-3.3659275677129773e-06,369,6.15,0.18027100270842125,112.80000000000291,2.7421720815303408e-05,0
BTC-USD,2026-04-06T15:03:48.588192919Z,69620.78,69618.58499999999,0.0,0.00999999999476131,0.0014363980530143368,4.135452296623488e-05,-3.356805812786926e-06,370,6.166666666666667,0.17981081080919514,112.80000000000291,2.7461765451646942e-05,0
BTC-USD,2026-04-06T15:03:48.841095285Z,69620.78,69618.58499999999,0.0,0.00999999999476131,0.0014363980530143368,4.124350761350259e-05,-3.5503109424235535e-06,369,6.15,0.1802710027083424,112.80000000000291,2.7422402218989217e-05,0
BTC-USD,2026-04-06T15:03:48.962602471Z,69618.59,69618.58499999999,-3.145662035358826e-05,0.00999999999476131,0.0014363980530143368,4.1179113766592955e-05,-3.4841530441916204e-06,369,6.15,0.18027100270830296,108.91000000000349,2.7408021245512256e-05,0
BTC-USD,2026-04-06T15:03:49.089948223Z,69618.59,69614.025,0.0,0.00999999999476131,0.0014364921428923713,4.123480819861251e-05,-3.4932557616059576e-06,368,6.133333333333334,0.18073369565038022,108.89999999999418,2.7408021245512252e-05,0
BTC-USD,2026-04-06T15:03:49.262883848Z,69617.68,69614.025,-1.3071306779682872e-05,0.00999999999476131,0.0014364921428923713,4.1181763132302275e-05,-3.51928307415508e-06,369,6.15,0.18027100270822408,108.89999999999418,2.7438126066282526e-05,0
BTC-USD,2026-04-06T15:03:49.341475653Z,69617.68,69617.655,0.0,0.010000000009313226,0.0014364172434870473,4.123742061031212e-05,-3.528872401332614e-06,368,6.133333333333334,0.1807336956503407,108.89999999999418,2.7438126066282526e-05,0
BTC-USD,2026-04-06T15:03:49.511371979Z,69614.03,69617.655,-5.2430584969950285e-05,0.010000000009313226,0.0014364172434870473,4.125996264036178e-05,-3.661757489834293e-06,369,6.15,0.18027100270822408,108.89999999999418,2.7327377514225885e-05,0
BTC-USD,2026-04-06T15:03:49.591596188Z,69614.03,69624.375,0.0,0.010000000009313226,0.0014362786034794893,4.1259962640361784e-05,-3.661757489834293e-06,369,6.15,0.18027100270822408,108.89999999999418,2.7367504108012052e-05,0
BTC-USD,2026-04-06T15:03:49.763446328Z,69624.18,69624.375,0.00014579331374593913,0.010000000009313226,0.0014362786034794893,4.193018417292226e-05,-3.256730196512414e-06,370,6.166666666666667,0.17981081080903782,108.89999999999418,2.6209432091066587e-05,0
BTC-USD,2026-04-06T15:03:49.842189977Z,69624.18,69624.375,0.0,0.010000000009313226,0.0014362786034794893,4.187382478699307e-05,-3.247928223008326e-06,371,6.183333333333334,0.17935309972871513,108.89999999999418,2.6248054296663055e-05,0
BTC-USD,2026-04-06T15:03:49.995817565Z,69624.38,69624.375,2.872561123859847e-06,0.010000000009313226,0.0014362786034794893,4.141872516131373e-05,-2.9113594435705637e-06,371,6.183333333333334,0.17935309972875435,100.41999999999825,2.624769757465923e-05,0
BTC-USD,2026-04-06T15:03:50.10189802Z,69624.38,69624.375,0.0,0.010000000009313226,0.0014362786034794893,4.1354705956689385e-05,-2.7473870499915902e-06,370,6.166666666666667,0.1798108108091558,96.0,2.624769757465923e-05,0
BTC-USD,2026-04-06T15:03:50.263856455Z,69624.37,69624.375,-1.4362786037220657e-07,0.010000000009313226,0.0014362786034794893,4.135468077203855e-05,-2.7477762853855525e-06,370,6.166666666666667,0.17981081080919514,96.0,2.6286484348368144e-05,0
BTC-USD,2026-04-06T15:03:50.340899204Z,69624.37,69624.375,0.0,0.010000000009313226,0.0014362786034794893,4.129900464400927e-05,-2.7403498629926185e-06,371,6.183333333333334,0.17935309972887203,96.0,2.6286484348368144e-05,0
BTC-USD,2026-04-06T15:03:50.587645147Z,69624.37,69624.375,0.0,0.010000000009313226,0.0014362786034794893,4.1136190702716185e-05,-2.5195170267742782e-06,370,6.166666666666667,0.1798108108092738,92.94000000000233,2.6286682771015065e-05,0
BTC-USD,2026-04-06T15:03:50.84001264Z,69624.37,69624.375,0.0,0.010000000009313226,0.0014362786034794893,4.1191809798269564e-05,-2.526753470844798e-06,369,6.15,0.18027100270853957,92.94000000000233,2.6247885036793792e-05,0
BTC-USD,2026-04-06T15:03:51.087556791Z,69624.37,69624.375,0.0,0.010000000009313226,0.0014362786034794893,4.118744812162451e-05,-2.6431141601977346e-06,368,6.133333333333334,0.18073369565065703,92.94000000000233,2.620926897552956e-05,0
BTC-USD,2026-04-06T15:03:51.340376926Z,69624.37,69624.505,0.0,0.00999999999476131,0.0014362759196293474,4.124346922231026e-05,-2.6499437381595525e-06,367,6.116666666666666,0.18119891008015782,92.92999999999302,2.6247891409500513e-05,0
BTC-USD,2026-04-06T15:03:51.494086064Z,69624.51,69624.505,2.010788165831869e-06,0.00999999999476131,0.0014362759196293474,4.1243955773468106e-05,-2.644449781422307e-06,367,6.116666666666666,0.18119891008011818,92.92999999999302,2.6247736491610412e-05,0
BTC-USD,2026-04-06T15:03:51.588638391Z,69624.51,69624.505,0.0,0.00999999999476131,0.0014362759196293474,4.1243955773468106e-05,-2.644449781422307e-06,367,6.116666666666666,0.18119891008007852,92.92999999999302,2.6209110135105343e-05,0
BTC-USD,2026-04-06T15:03:51.840263847Z,69624.51,69625.955,0.0,0.010000000009313226,0.0014362460104587757,4.1187957454408024e-05,-2.6372441961868243e-06,368,6.133333333333334,0.1807336956505384,92.92999999999302,2.6209116387844945e-05,0
BTC-USD,2026-04-06T15:03:52.087313969Z,69624.51,69625.955,0.0,0.010000000009313226,0.0014362460104587757,4.124402502959794e-05,-2.6432736448056963e-06,367,6.116666666666666,0.18119891008007852,92.89999999999418,2.6209116387844945e-05,0
BTC-USD,2026-04-06T15:03:52.342694488Z,69624.51,69625.955,0.0,0.010000000009313226,0.0014362460104587757,4.122512558352689e-05,-2.5129201329877275e-06,366,6.1,0.18166666666497133,89.41000000000349,2.61706639596904e-05,0
BTC-USD,2026-04-06T15:03:52.564389992Z,69625.96,69625.955,2.082578249204666e-05,0.010000000009313226,0.0014362460104587757,4.1186790095218487e-05,-2.449153185924792e-06,367,6.116666666666666,0.18119891008007852,89.41000000000349,2.6185436981051547e-05,0
BTC-USD,2026-04-06T15:03:52.838760747Z,69625.96,69625.955,0.0,0.010000000009313226,0.0014362460104587757,4.1186790095218487e-05,-2.449153185924792e-06,367,6.116666666666666,0.18119891008007852,89.41000000000349,2.6185436981051547e-05,0
BTC-USD,2026-04-06T15:03:53.088842809Z,69625.96,69625.945,0.0,0.00999999999476131,0.0014362462146490522,4.1242947891331645e-05,-2.456256334090118e-06,366,6.1,0.18166666666493156,89.41000000000349,2.6185436981051547e-05,0
BTC-USD,2026-04-06T15:03:53.283833939Z,69625.94,69625.945,-2.8724922247497215e-07,0.00999999999476131,0.0014362462146490522,4.118672214843876e-05,-2.4503300851512786e-06,367,6.116666666666666,0.18119891007999922,89.41000000000349,2.6185424115449345e-05,0
BTC-USD,2026-04-06T15:03:53.340456983Z,69625.94,69625.945,0.0,0.00999999999476131,0.0014362462146490522,4.1242926490386624e-05,-2.456650178824376e-06,366,6.1,0.18166666666485204,89.41000000000349,2.7434082211557734e-05,0
BTC-USD,2026-04-06T15:03:53.504782614Z,69625.95,69625.945,1.4362462142920572e-07,0.00999999999476131,0.0014362462146490522,4.124295061215539e-05,-2.4562566867108714e-06,366,6.1,0.1816666666648123,89.41000000000349,2.7434091892121766e-05,0
BTC-USD,2026-04-06T15:03:53.59035434Z,69625.95,69621.715,0.0,0.00999999999476131,0.001436333476525436,4.124295061215539e-05,-2.4562566867108714e-06,366,6.1,0.18166666666477252,89.41000000000349,2.9946107087213836e-05,0
BTC-USD,2026-04-06T15:03:53.756963638Z,69622.07,69621.715,-5.572790192630922e-05,0.00999999999476131,0.001436333476525436,4.133661955566789e-05,-2.6089358700706227e-06,366,6.1,0.18166666666473277,89.41000000000349,3.2930384095124424e-05,0
BTC-USD,2026-04-06T15:03:53.842352521Z,69622.07,69621.985,0.0,0.010000000009313226,0.0014363279083917566,4.133659405865967e-05,-2.609329009507386e-06,366,6.1,0.18166666666473277,89.41000000000349,3.2930384095124424e-05,0
BTC-USD,2026-04-06T15:03:54.014980889Z,69621.98,69621.985,-1.2926943738529645e-06,0.010000000009313226,0.0014363279083917566,4.13364257226342e-05,-2.612870637928901e-06,366,6.1,0.18166666666473277,89.41000000000349,3.2930186391045595e-05,0
BTC-USD,2026-04-06T15:03:54.088957697Z,69621.98,69622.725,0.0,0.00999999999476131,0.0014363126399837567,4.1280141888468685e-05,-2.6057316471148878e-06,367,6.116666666666666,0.18119891007980096,89.41000000000349,3.2930186391045595e-05,0
BTC-USD,2026-04-06T15:03:54.338728998Z,69621.98,69622.725,0.0,0.00999999999476131,0.0014363126399837567,4.131714030286845e-05,-2.5393525821868473e-06,366,6.1,0.18166666666465325,87.5399999999936,3.293019975115096e-05,0
BTC-USD,2026-04-06T15:03:54.465208202Z,69622.72,69622.725,1.0628770790065022e-05,0.00999999999476131,0.0014363126399837567,4.128291226735703e-05,-2.4084049307943725e-06,366,6.1,0.18166666666465325,84.94999999999709,3.2926075334604565e-05,0
BTC-USD,2026-04-06T15:03:54.587665128Z,69622.72,69622.725,0.0,0.00999999999476131,0.0014363126399837567,4.128291226735703e-05,-2.4084049307943725e-06,366,6.1,0.18166666666465325,84.94999999999709,3.2926064207652564e-05,0
BTC-USD,2026-04-06T15:03:54.840238379Z,69622.72,69622.725,0.0,0.00999999999476131,0.0014363126399837567,4.12565045205136e-05,-2.2107950861594157e-06,365,6.083333333333333,0.18213698629936528,79.77000000000407,3.311610770120455e-05,0
BTC-USD,2026-04-06T15:03:55.014405047Z,69622.73,69622.725,1.43631263892608e-07,0.00999999999476131,0.0014363126399837567,4.1256526350293916e-05,-2.2104004947750952e-06,365,6.083333333333333,0.18213698629936528,79.77000000000407,3.316458397942191e-05,0
BTC-USD,2026-04-06T15:03:55.087561108Z,69622.73,69622.725,0.0,0.00999999999476131,0.0014363126399837567,4.1200133803735045e-05,-2.204344603008588e-06,366,6.1,0.18166666666465325,79.77000000000407,3.316458397942191e-05,0
BTC-USD,2026-04-06T15:03:55.343207513Z,69622.73,69620.285,0.0,0.00999999999476131,0.001436362978801553,4.1200133803735045e-05,-2.204344603008588e-06,366,6.1,0.18166666666465325,79.77000000000407,3.32132598867158e-05,0
BTC-USD,2026-04-06T15:03:55.513449207Z,69620.28,69620.285,-3.519027634137585e-05,0.00999999999476131,0.001436362978801553,4.117982433165426e-05,-2.294470099561504e-06,367,6.116666666666666,0.18119891007972166,79.77000000000407,3.3203384273254486e-05,0
BTC-USD,2026-04-06T15:03:55.588528222Z,69620.28,69620.285,0.0,0.00999999999476131,0.001436362978801553,4.112385669563347e-05,-2.2882181374373583e-06,368,6.133333333333334,0.18073369565014297,79.77000000000407,3.325239341729349e-05,0
BTC-USD,2026-04-06T15:03:55.83904174Z,69620.28,69620.285,0.0,0.00999999999476131,0.001436362978801553,4.112385669563347e-05,-2.2882181374373583e-06,368,6.133333333333334,0.18073369565014297,79.77000000000407,3.351525153974322e-05,0
BTC-USD,2026-04-06T15:03:56.088513293Z,69620.28,69620.285,0.0,0.00999999999476131,0.001436362978801553,4.112385669563347e-05,-2.2882181374373583e-06,368,6.133333333333334,0.18073369565014297,79.77000000000407,4.528729565582247e-05,0
BTC-USD,2026-04-06T15:03:56.339660753Z,69620.28,69620.285,0.0,0.00999999999476131,0.001436362978801553,4.1007612371294415e-05,-2.091736797406869e-06,367,6.116666666666666,0.18119891007964237,75.0,4.8722706259071115e-05,1
BTC-USD,2026-04-06T15:03:56.513532456Z,69620.29,69620.285,1.436362978651232e-07,0.00999999999476131,0.001436362978801553,4.060465051948655e-05,-1.7862357062681324e-06,367,6.116666666666666,0.18119891007964237,75.0,4.8651537872747446e-05,1
BTC-USD,2026-04-06T15:03:56.587197733Z,69620.29,69620.285,0.0,0.00999999999476131,0.001436362978801553,4.0549400005589884e-05,-1.7813685790030966e-06,368,6.133333333333334,0.1807336956500639,75.0,4.8722735628763435e-05,1
BTC-USD,2026-04-06T15:03:56.735606731Z,69620.28,69620.285,-1.43636297846361e-07,0.00999999999476131,0.001436362978801553,3.9869683075959064e-05,-1.3802866259910616e-06,367,6.116666666666666,0.18119891007964237,75.0,4.872272032023842e-05,1
BTC-USD,2026-04-06T15:03:57.087360149Z,69620.28,69620.285,0.0,0.00999999999476131,0.001436362978801553,3.997899817701044e-05,-1.3835321496292034e-06,365,6.083333333333333,0.18213698629928554,75.0,4.8659028006053195e-05,1
BTC-USD,2026-04-06T15:03:57.34023461Z,69620.28,69620.285,0.0,0.00999999999476131,0.001436362978801553,3.9940927807042987e-05,-1.5265535820001826e-06,364,6.066666666666666,0.18260989010781448,75.0,4.859634354668695e-05,1
BTC-USD,2026-04-06T15:03:57.459325435Z,69620.29,69620.285,1.436362978651232e-07,0.00999999999476131,0.001436362978801553,3.989480203933345e-05,-1.6226516365135633e-06,364,6.066666666666666,0.18260989010781448,75.0,4.866687996159347e-05,1
BTC-USD,2026-04-06T15:03:57.587454914Z,69620.29,69620.285,0.0,0.00999999999476131,0.001436362978801553,3.989480203933345e-05,-1.6226516365135633e-06,364,6.066666666666666,0.18260989010781448,75.0,4.868620853298992e-05,1
BTC-USD,2026-04-06T15:03:57.759824797Z,69620.0,69620.285,-4.165461017018706e-06,0.00999999999476131,0.001436362978801553,3.9763297346568603e-05,-1.7994237427510078e-06,364,6.066666666666666,0.18260989010777448,75.0,4.868535978560038e-05,1
BTC-USD,2026-04-06T15:03:57.839951161Z,69620.0,69620.285,0.0,0.00999999999476131,0.001436362978801553,3.97632973465686e-05,-1.7994237427510078e-06,364,6.066666666666666,0.1826098901077345,75.0,4.8700751184059737e-05,1
BTC-USD,2026-04-06T15:03:57.999794068Z,69620.29,69620.285,4.16546101696274e-06,0.00999999999476131,0.001436362978801553,3.976441600733201e-05,-1.7879486435307246e-06,364,6.066666666666666,0.18260989010769452,75.0,4.870058140826882e-05,1
BTC-USD,2026-04-06T15:03:58.340084145Z,69620.29,69620.285,0.0,0.00999999999476131,0.001436362978801553,3.976441600733201e-05,-1.7879486435307246e-06,364,6.066666666666666,0.18260989010765455,75.0,4.869770501621212e-05,1
BTC-USD,2026-04-06T15:03:58.58724049Z,69620.29,69620.285,0.0,0.00999999999476131,0.001436362978801553,3.976441600733201e-05,-1.7879486435307246e-06,364,6.066666666666666,0.17447802197576884,75.0,4.872897536283439e-05,1
BTC-USD,2026-04-06T15:03:59.086221946Z,69620.29,69620.285,0.0,0.00999999999476131,0.001436362978801553,3.910007732910521e-05,-1.381905839116551e-06,362,6.033333333333333,0.17140883977672225,75.0,4.858887980923228e-05,1
BTC-USD,2026-04-06T15:03:59.340634321Z,69620.29,69620.285,0.0,0.00999999999476131,0.001436362978801553,3.910007732910521e-05,-1.381905839116551e-06,362,6.033333333333333,0.16845303867173056,75.0,4.858887980923228e-05,1
BTC-USD,2026-04-06T15:03:59.58777968Z,69620.29,69620.285,0.0,0.00999999999476131,0.001436362978801553,3.8805162552800605e-05,-1.6565101509439506e-06,361,6.016666666666667,0.1688919667567083,75.0,4.8457905396192434e-05,1
BTC-USD,2026-04-06T15:03:59.733024432Z,69620.28,69620.285,-1.43636297846361e-07,0.00999999999476131,0.001436362978801553,3.8805229198827064e-05,-1.6541178764905657e-06,361,6.016666666666667,0.1688919667567083,75.0,4.8527212280264125e-05,1
BTC-USD,2026-04-06T15:04:00.09284684Z,69620.28,69620.285,0.0,0.00999999999476131,0.001436362978801553,3.891327522470722e-05,-1.6633587584821332e-06,359,5.983333333333333,0.1697771587720952,75.0,4.840197968812328e-05,1
BTC-USD,2026-04-06T15:04:00.341391283Z,69620.28,69620.285,0.0,0.00999999999476131,0.001436362978801553,3.885913955636954e-05,-1.658725447177169e-06,360,6.0,0.16933333333104705,75.0,4.847102570917575e-05,1
BTC-USD,2026-04-06T15:04:00.511829005Z,69620.29,69620.285,1.436362978651232e-07,0.00999999999476131,0.001436362978801553,3.885915737231253e-05,-1.6583253460689094e-06,360,6.0,0.16933333333104705,75.0,4.852873331733783e-05,1
BTC-USD,2026-04-06T15:04:00.590141197Z,69620.29,69623.82500000001,0.0,0.00999999999476131,0.0014362899474082771,3.885915737231253e-05,-1.6583253460689094e-06,360,6.0,0.16933333333104705,75.0,4.859797358252506e-05,1
BTC-USD,2026-04-06T15:04:00.749730567Z,69621.99,69623.82500000001,2.44178707802322e-05,0.00999999999476131,0.0014362899474082771,3.8829410577970315e-05,-1.5858914679402953e-06,361,6.016666666666667,0.1688919667567083,75.0,4.85820081380396e-05,1
BTC-USD,2026-04-06T15:04:00.841895687Z,69621.99,69623.82500000001,0.0,0.00999999999476131,0.0014362899474082771,3.8829393552784075e-05,-1.5862902201361238e-06,361,6.016666666666667,0.1688919667567083,75.0,4.894499559700811e-05,1
BTC-USD,2026-04-06T15:04:01.007897496Z,69623.82,69623.82500000001,2.628445337223338e-05,0.00999999999476131,0.0014362899474082771,3.8857009673116364e-05,-1.5132778496576976e-06,361,6.016666666666667,0.1688919667567083,75.0,4.885625424506341e-05,1
BTC-USD,2026-04-06T15:04:01.279369638Z,69623.83,69623.82500000001,1.436289948191162e-07,0.00999999999476131,0.0014362899474082771,3.891103943061377e-05,-1.51669316460027e-06,360,6.0,0.16933333333104705,75.0,4.892599134223087e-05,1
BTC-USD,2026-04-06T15:04:01.343042559Z,69623.83,69623.82500000001,0.0,0.00999999999476131,0.0014362899474082771,3.885704073281467e-05,-1.512480128031936e-06,361,6.016666666666667,0.1688919667567083,75.0,4.892599134223087e-05,1
BTC-USD,2026-04-06T15:04:01.586406943Z,69623.83,69623.82500000001,0.0,0.00999999999476131,0.0014362899474082771,3.885704073281467e-05,-1.512480128031936e-06,361,6.016666666666667,0.1688919667567083,75.0,4.899602296489023e-05,1
BTC-USD,2026-04-06T15:04:01.754647808Z,69623.82,69623.82500000001,-1.4362899468723375e-07,0.00999999999476131,0.0014362899474082771,3.8842480814100054e-05,-1.391133566674654e-06,360,6.0,0.16933333333104705,75.0,4.9066349985209183e-05,1
BTC-USD,2026-04-06T15:04:01.841765497Z,69623.82,69620.375,0.0,0.010000000009313226,0.001436361124069387,3.878856451064926e-05,-1.3872693067672245e-06,361,6.016666666666667,0.16889196675674864,75.0,4.906634998520919e-05,1
BTC-USD,2026-04-06T15:04:02.02350003Z,69620.38,69620.375,-4.940959839911772e-05,0.010000000009313226,0.001436361124069387,3.881694881863723e-05,-1.5202951491283062e-06,362,6.033333333333333,0.16845303867181097,75.0,4.9063203937131635e-05,1
BTC-USD,2026-04-06T15:04:02.089990926Z,69620.38,69615.015,0.0,0.010000000009313226,0.0014364717165274226,3.8816948818637234e-05,-1.5202951491283062e-06,362,6.033333333333333,0.16845303867185116,75.0,4.906320393713163e-05,1
BTC-USD,2026-04-06T15:04:02.275264004Z,69615.01,69615.015,-7.713556162229294e-05,0.010000000009313226,0.0014364717165274226,3.8965936923103707e-05,-1.729177100711634e-06,363,6.05,0.16801652892346952,75.0,4.890562706462679e-05,1
BTC-USD,2026-04-06T15:04:02.439730394Z,69615.01,69615.015,0.0,0.010000000009313226,0.0014364717165274226,3.901974420796221e-05,-1.734364730580562e-06,362,6.033333333333333,0.16845303867193157,75.0,4.890562706462679e-05,1
BTC-USD,2026-04-06T15:04:02.549828204Z,69615.02,69615.015,1.4364717160990907e-07,0.010000000009313226,0.0014364717165274226,3.896593693503817e-05,-1.7291768523977154e-06,363,6.05,0.1680165289235497,75.0,4.8976229432481856e-05,1
BTC-USD,2026-04-06T15:04:02.621966897Z,69615.02,69615.015,0.0,0.010000000009313226,0.0014364717165274226,3.896593693503817e-05,-1.7291768523977154e-06,363,6.05,0.1680165289235898,75.0,4.890562706690604e-05,1
BTC-USD,2026-04-06T15:04:02.908678882Z,69615.02,69615.015,0.0,0.010000000009313226,0.0014364717165274226,3.896593693503817e-05,-1.7291768523977154e-06,363,6.05,0.16801652892362987,75.0,4.8835345261296335e-05,1
BTC-USD,2026-04-06T15:04:03.090063459Z,69615.02,69615.015,0.0,0.010000000009313226,0.0014364717165274226,3.8948663760840996e-05,-1.785488799368165e-06,363,6.05,0.16801652892366994,75.0,4.876534956312815e-05,1
BTC-USD,2026-04-06T15:04:03.342660694Z,69615.02,69618.495,0.0,0.00999999999476131,0.0014363999099321683,3.900245844826554e-05,-1.7904347517209853e-06,362,6.033333333333333,0.16845303867209235,75.0,4.869566994556849e-05,1
BTC-USD,2026-04-06T15:04:03.58942171Z,69615.02,69620.83499999999,0.0,0.33000000000174623,0.047399603868834135,3.897274546522245e-05,-1.7053347467854584e-06,362,6.033333333333333,0.16933701657266415,75.0,4.869566994556849e-05,1
BTC-USD,2026-04-06T15:04:03.759983518Z,69618.5,69620.83499999999,4.998796267917544e-05,0.33000000000174623,0.047399603868834135,3.901333708072647e-05,-1.5625355826253453e-06,363,6.05,0.16977961432315747,75.0,4.869447457264485e-05,1
BTC-USD,2026-04-06T15:04:03.840121065Z,69618.5,69620.725,0.0,0.00999999999476131,0.0014363539010490496,3.901333708072647e-05,-1.5625355826253453e-06,363,6.05,0.16977961432315747,75.0,4.869447457264485e-05,1
BTC-USD,2026-04-06T15:04:03.986909869Z,69620.71,69620.725,3.174393190233499e-05,0.00999999999476131,0.0014363539010490496,3.9013204131943825e-05,-1.3788732781324974e-06,363,6.05,0.16977961432315747,75.0,4.8736098124734435e-05,1
BTC-USD,2026-04-06T15:04:04.088747099Z,69620.71,69620.725,0.0,0.00999999999476131,0.0014363539010490496,3.906713407927583e-05,-1.3826928717007315e-06,362,6.033333333333333,0.1702209944732359,75.0,4.8736098124734435e-05,1
BTC-USD,2026-04-06T15:04:04.258041802Z,69620.73,69620.725,2.872708007409351e-07,0.00999999999476131,0.0014363539010490496,3.9013235093137964e-05,-1.3780797123845943e-06,363,6.05,0.16977961432315747,75.0,4.880626704355089e-05,1
BTC-USD,2026-04-06T15:04:04.589337895Z,69620.73,69620.725,0.0,0.00999999999476131,0.0014363539010490496,3.897551510493714e-05,-1.5186968533574791e-06,362,6.033333333333333,0.1702209944732359,75.0,4.880626704355089e-05,1
BTC-USD,2026-04-06T15:04:04.765998032Z,69620.72,69620.725,-1.436353901278857e-07,0.00999999999476131,0.0014363539010490496,3.876699679756277e-05,-1.7569829447506027e-06,361,6.016666666666667,0.16484764542737318,75.0,4.880626033544633e-05,1
BTC-USD,2026-04-06T15:04:04.84934142Z,69620.72,69620.725,0.0,0.00999999999476131,0.0014363539010490496,3.8767014128612854e-05,-1.7565842097830907e-06,361,6.016666666666667,0.16204986149386968,75.0,4.880626033544633e-05,1
BTC-USD,2026-04-06T15:04:05.087072525Z,69620.72,69620.725,0.0,0.00999999999476131,0.0014363539010490496,3.876701412861285e-05,-1.7565842097830907e-06,361,6.016666666666667,0.1592520775603662,75.0,4.887672338378911e-05,1
BTC-USD,2026-04-06T15:04:05.377324497Z,69620.72,69620.725,0.0,0.00999999999476131,0.0014363539010490496,3.8854149588067374e-05,-1.6942233351795408e-06,359,5.983333333333333,0.15740947075004783,75.0,4.880626033544633e-05,1
BTC-USD,2026-04-06T15:04:05.501763298Z,69620.73,69620.725,1.4363539014690867e-07,0.00999999999476131,0.0014363539010490496,3.880011834516089e-05,-1.689103951543534e-06,360,6.0,0.1569999999979498,75.0,4.88767288992778e-05,1
BTC-USD,2026-04-06T15:04:05.589333157Z,69620.73,69620.725,0.0,0.00999999999476131,0.0014363539010490496,3.8800186837437836e-05,-1.6871046707778195e-06,360,6.0,0.1569999999979498,75.0,4.894749804604044e-05,1
BTC-USD,2026-04-06T15:04:05.842512479Z,69620.73,69620.725,0.0,0.00999999999476131,0.0014363539010490496,3.8800186837437836e-05,-1.6871046707778195e-06,360,6.0,0.1569999999979498,75.0,4.888080449151327e-05,1
BTC-USD,2026-04-06T15:04:05.986067021Z,69620.72,69620.725,-1.436353901278857e-07,0.00999999999476131,0.0014363539010490496,3.8800170178904566e-05,-1.6875047693575629e-06,360,6.0,0.1569999999979498,75.0,4.8880798028033236e-05,1
BTC-USD,2026-04-06T15:04:06.087214596Z,69620.72,69620.745,0.0,0.00999999999476131,0.0014363534884266624,3.880017017890457e-05,-1.6875047693575629e-06,360,6.0,0.1569999999979498,75.0,4.913524857891139e-05,1
BTC-USD,2026-04-06T15:04:06.268592184Z,69620.73,69620.745,1.4363539014690867e-07,0.00999999999476131,0.0014363534884266624,3.8746363438054714e-05,-1.6824182689144949e-06,361,6.016666666666667,0.1565927977818745,75.0,4.9135251540597084e-05,1
BTC-USD,2026-04-06T15:04:06.341759255Z,69620.73,69620.745,0.0,0.00999999999476131,0.0014363534884266624,3.860969839356846e-05,-1.5065658998622533e-06,361,6.016666666666667,0.1565927977818745,75.0,4.9071436821654564e-05,1
BTC-USD,2026-04-06T15:04:06.499415794Z,69620.74,69620.745,1.4363536971880795e-07,0.00999999999476131,0.0014363534884266624,3.8609714702294995e-05,-1.5061669127241453e-06,361,6.016666666666667,0.1565927977818745,75.0,4.9142296526451036e-05,1
BTC-USD,2026-04-06T15:04:06.589458309Z,69620.74,69624.375,0.0,0.010000000009313226,0.0014362786034794893,3.86097295149552e-05,-1.5057681418668188e-06,361,6.016666666666667,0.1565927977819148,75.0,4.9142296526451036e-05,1
BTC-USD,2026-04-06T15:04:06.797480891Z,69624.03,69624.375,4.725491665650912e-05,0.010000000009313226,0.0014362786034794893,3.8694859368224306e-05,-1.3745044844876268e-06,361,6.016666666666667,0.1565927977819551,75.0,4.914852370212599e-05,1
BTC-USD,2026-04-06T15:04:06.839509585Z,69624.03,69624.375,0.0,0.010000000009313226,0.0014362786034794893,3.864129574410342e-05,-1.3706969928408468e-06,362,6.033333333333333,0.15618784530192018,75.0,4.921990693033131e-05,1
BTC-USD,2026-04-06T15:04:07.090243295Z,69624.03,69624.42499999999,0.0,0.00999999999476131,0.0014362775699420587,3.8694844461458015e-05,-1.3749032553450683e-06,361,6.016666666666667,0.15659279778199542,75.0,4.915407487746027e-05,1
BTC-USD,2026-04-06T15:04:07.247363729Z,69624.42,69624.42499999999,5.601498616420013e-06,0.00999999999476131,0.0014362775699420587,3.86429529722978e-05,-1.3555780424038909e-06,362,6.033333333333333,0.15618784530192018,75.0,4.922460491385352e-05,1
BTC-USD,2026-04-06T15:04:07.33951489Z,69624.42,69624.42499999999,0.0,0.00999999999476131,0.0014362775699420587,3.8696520382942185e-05,-1.3593435369661239e-06,361,6.016666666666667,0.15659279778199542,75.0,4.922460491385352e-05,1
BTC-USD,2026-04-06T15:04:07.614155248Z,69624.42,69625.8,0.0,0.27999999999883585,0.04021497778105757,3.86429529722978e-05,-1.3555780424038909e-06,362,6.033333333333333,0.1569337016555226,75.0,4.922460491385352e-05,1
BTC-USD,2026-04-06T15:04:07.76414893Z,69625.66,69625.8,1.780968456220705e-05,0.27999999999883585,0.04021497778105757,3.860265011209527e-05,-1.3026353280265126e-06,363,6.05,0.15727272727079344,75.0,4.9287098076859227e-05,1
BTC-USD,2026-04-06T15:04:07.841782914Z,69625.66,69619.205,0.0,0.010000000009313226,0.001436385263134393,3.860266275473111e-05,-1.3022387603230941e-06,363,6.05,0.15727272727083352,75.0,4.9287098076859227e-05,1
BTC-USD,2026-04-06T15:04:08.01467661Z,69624.42,69619.205,-1.7809684562348334e-05,0.010000000009313226,0.001436385263134393,3.861231950356866e-05,-1.35143678397599e-06,363,6.05,0.1572727272708736,75.0,4.934953486710482e-05,1
BTC-USD,2026-04-06T15:04:08.08880138Z,69624.42,69619.205,0.0,0.010000000009313226,0.001436385263134393,3.861231950356866e-05,-1.35143678397599e-06,363,6.05,0.15727272727091368,75.0,4.934953486710482e-05,1
BTC-USD,2026-04-06T15:04:08.341202785Z,69624.42,69619.595,0.0,0.7900000000081491,0.1134738000139399,3.855916287346467e-05,-1.3477138176289487e-06,364,6.066666666666666,0.1590109890092028,75.0,4.935266440501578e-05,1
BTC-USD,2026-04-06T15:04:08.517028376Z,69621.96,69619.595,-3.5333054981393504e-05,0.7900000000081491,0.1134738000139399,3.860021231903729e-05,-1.4450500572471125e-06,364,6.066666666666666,0.1611538461520967,75.0,4.9387354130733926e-05,1
BTC-USD,2026-04-06T15:04:08.590093827Z,69621.96,69619.98000000001,0.0,0.020000000004074536,0.002872738544893942,3.8526097186046615e-05,-1.5664582863832937e-06,364,6.066666666666666,0.16118131867959484,75.0,4.9387354130733926e-05,1
BTC-USD,2026-04-06T15:04:08.745583858Z,69619.4,69619.98000000001,-3.677068365755609e-05,0.020000000004074536,0.002872738544893942,3.851724219241667e-05,-1.6631731912491531e-06,365,6.083333333333333,0.16079452054623725,75.0,4.941888010578133e-05,1
BTC-USD,2026-04-06T15:04:08.842533139Z,69619.4,69619.985,0.0,0.010000000009313226,0.0014363691703342403,3.85701607005938e-05,-1.6677549355776632e-06,364,6.066666666666666,0.16120879120713294,75.0,4.949171004264355e-05,1
BTC-USD,2026-04-06T15:04:09.020136915Z,69619.99,69619.985,8.474613398006181e-06,0.010000000009313226,0.0014363691703342403,3.8520801560793004e-05,-1.6398912863095756e-06,365,6.083333333333333,0.160794520546317,75.0,4.9562933183184295e-05,1
BTC-USD,2026-04-06T15:04:09.122974602Z,69619.99,69621.995,0.0,0.00999999999476131,0.0014363276999978687,3.8520801560793004e-05,-1.6398912863095756e-06,365,6.083333333333333,0.160794520546317,75.0,4.9636409180546586e-05,1
BTC-USD,2026-04-06T15:04:09.34072254Z,69619.99,69621.995,0.0,0.00999999999476131,0.0014363276999978687,3.852081761295474e-05,-1.6394969148739442e-06,365,6.083333333333333,0.160794520546317,75.0,4.9710212929620615e-05,1
BTC-USD,2026-04-06T15:04:09.589544142Z,69619.99,69621.995,0.0,0.00999999999476131,0.0014363276999978687,3.857374385167642e-05,-1.6440134353005942e-06,364,6.066666666666666,0.1612087912071729,75.0,4.9636409180546586e-05,1
BTC-USD,2026-04-06T15:04:09.840905124Z,69619.99,69621.995,0.0,0.00999999999476131,0.0014363276999978687,3.8520817612954754e-05,-1.6394969148739442e-06,365,6.083333333333333,0.160794520546317,75.0,4.9710212929620615e-05,1
BTC-USD,2026-04-06T15:04:09.982926952Z,69622.0,69621.995,2.8870601463416994e-05,0.00999999999476131,0.0014363276999978687,3.855380333192618e-05,-1.5605764471244833e-06,365,6.083333333333333,0.160794520546317,75.0,4.974623077220367e-05,1
BTC-USD,2026-04-06T15:04:10.090366002Z,69622.0,69621.995,0.0,0.00999999999476131,0.0014363276999978687,3.8606784091953945e-05,-1.5648755557942477e-06,364,6.066666666666666,0.1612087912071729,75.0,4.974623077220367e-05,1
BTC-USD,2026-04-06T15:04:10.344183918Z,69622.0,69616.61499999999,0.0,0.00999999999476131,0.001436438699980071,3.8606784091953945e-05,-1.5648755557942477e-06,364,6.066666666666666,0.1612087912071729,75.0,4.974623077220367e-05,1
BTC-USD,2026-04-06T15:04:10.523703191Z,69618.1,69616.61499999999,-5.6018345304496725e-05,0.00999999999476131,0.001436438699980071,3.865892862955391e-05,-1.7144730001588148e-06,365,6.083333333333333,0.160794520546317,75.0,4.972567450575365e-05,1
BTC-USD,2026-04-06T15:04:10.58913552Z,69618.1,69616.61499999999,0.0,0.00999999999476131,0.001436438699980071,3.865892862955391e-05,-1.7144730001588148e-06,365,6.083333333333333,0.160794520546317,75.0,4.972567450575365e-05,1
BTC-USD,2026-04-06T15:04:10.771398692Z,69616.62,69616.61499999999,-2.125906526859432e-05,0.00999999999476131,0.001436438699980071,3.861944964562263e-05,-1.7680198282915148e-06,366,6.1,0.1603825136595641,75.0,4.9785869975621e-05,1
BTC-USD,2026-04-06T15:04:10.841385516Z,69616.62,69616.61499999999,0.0,0.00999999999476131,0.001436438699980071,3.861944964562264e-05,-1.7680198282915148e-06,366,6.1,0.1603825136595641,75.0,4.9785869975621e-05,1
BTC-USD,2026-04-06T15:04:11.088032356Z,69616.62,69616.61499999999,0.0,0.00999999999476131,0.001436438699980071,3.856676517159518e-05,-1.7631891730229587e-06,367,6.116666666666666,0.15997275204194883,75.0,4.9785869975621e-05,1
BTC-USD,2026-04-06T15:04:11.279396157Z,69616.61,69616.61499999999,-1.4364387001256583e-07,0.00999999999476131,0.001436438699980071,3.8615606344291103e-05,-1.792404015319644e-06,366,6.1,0.1603825136595641,75.0,4.986033641423863e-05,1
BTC-USD,2026-04-06T15:04:11.339518851Z,69616.61,69616.61499999999,0.0,0.00999999999476131,0.001436438699980071,3.8615606344291103e-05,-1.792404015319644e-06,366,6.1,0.1603825136595641,75.0,4.993514174636469e-05,1
BTC-USD,2026-04-06T15:04:11.586948483Z,69616.61,69616.905,0.0,0.010000000009313226,0.0014364327183624761,3.856293020244659e-05,-1.7875067365892625e-06,367,6.116666666666666,0.1599727520419885,75.0,4.9860333923660316e-05,1
BTC-USD,2026-04-06T15:04:11.841010066Z,69616.61,69616.905,0.0,0.010000000009313226,0.0014364327183624761,3.856293020244659e-05,-1.7875067365892625e-06,367,6.116666666666666,0.15997275204202813,75.0,4.9860333923660316e-05,1
BTC-USD,2026-04-06T15:04:12.017630321Z,69616.91,69616.905,4.309307126632991e-06,0.010000000009313226,0.0014364327183624761,3.861682869381437e-05,-1.7802044069026347e-06,366,6.1,0.16038251365968337,75.0,4.97890103181076e-05,1
BTC-USD,2026-04-06T15:04:12.087261462Z,69616.91,69616.905,0.0,0.010000000009313226,0.0014364327183624761,3.861680983058994e-05,-1.7805976944248786e-06,366,6.1,0.16038251365972314,75.0,4.97890103181076e-05,1
BTC-USD,2026-04-06T15:04:12.3409458Z,69616.91,69619.54000000001,0.0,0.5999999999912689,0.08618270100481398,3.861680983058994e-05,-1.7805976944248786e-06,366,6.1,0.1619945355176371,75.0,4.979235093323828e-05,1
BTC-USD,2026-04-06T15:04:12.4822352Z,69619.87,69619.54000000001,4.251750148828562e-05,0.5999999999912689,0.08618270100481398,3.809623088288322e-05,-2.0113622389264727e-06,366,6.1,0.16360655737555105,75.0,4.9738865977424396e-05,1
BTC-USD,2026-04-06T15:04:12.590146199Z,69619.87,69619.225,0.0,0.029999999998835847,0.004309154547301531,3.809623088288323e-05,-2.0113622389264727e-06,366,6.1,0.16366120218430535,75.0,4.966479484416899e-05,1
BTC-USD,2026-04-06T15:04:12.762228394Z,69619.21,69619.225,-9.48009711058274e-06,0.029999999998835847,0.004309154547301531,3.80980823207073e-05,-2.0373351077225898e-06,366,6.1,0.16163934426079377,75.0,4.9736032364792784e-05,1
BTC-USD,2026-04-06T15:04:12.841062341Z,69619.21,69619.225,0.0,0.00999999999476131,0.0014363848484037721,3.804614879376509e-05,-2.0317686183572273e-06,367,6.116666666666666,0.16122615803663565,75.0,4.9736035155209005e-05,1
BTC-USD,2026-04-06T15:04:13.086845365Z,69619.21,69619.235,0.0,0.010000000009313226,0.001436384644173873,3.766345776814507e-05,-1.7317724149807023e-06,366,6.1,0.16163934426075402,75.0,4.981043274164766e-05,1
BTC-USD,2026-04-06T15:04:13.234515715Z,69619.24,69619.235,4.3091545462280344e-07,0.010000000009313226,0.001436384644173873,3.766349996471739e-05,-1.7309851061760865e-06,366,6.1,0.16163934426075402,75.0,4.988516615464141e-05,1
BTC-USD,2026-04-06T15:04:13.339450634Z,69619.24,69619.235,0.0,0.010000000009313226,0.001436384644173873,3.766349996471739e-05,-1.7309851061760865e-06,366,6.1,0.16163934426075402,75.0,4.99602360110017e-05,1
BTC-USD,2026-04-06T15:04:13.58800767Z,69619.24,69619.235,0.0,0.010000000009313226,0.001436384644173873,3.724495779319646e-05,-2.041748348527679e-06,365,6.083333333333333,0.16205479451905688,75.0,5.257940351336316e-05,1
BTC-USD,2026-04-06T15:04:13.762663124Z,69619.24,69619.235,0.0,0.010000000009313226,0.001436384644173873,3.724495779319646e-05,-2.041748348527679e-06,365,6.083333333333333,0.16205479451909674,75.0,5.292567398828475e-05,1
BTC-USD,2026-04-06T15:04:13.843871438Z,69619.24,69620.61499999999,0.0,0.00999999999476131,0.001436356170476419,3.724495779319646e-05,-2.041748348527679e-06,365,6.083333333333333,0.16205479451909674,75.0,5.30050779380586e-05,1
BTC-USD,2026-04-06T15:04:13.980716965Z,69621.3,69620.61499999999,2.9589083755958435e-05,0.00999999999476131,0.001436356170476419,3.723063229542559e-05,-1.9550885345427853e-06,366,6.1,0.16163934426083354,75.0,5.2979530165433035e-05,1
BTC-USD,2026-04-06T15:04:14.088468202Z,69621.3,69620.61499999999,0.0,0.00999999999476131,0.001436356170476419,3.717987605085044e-05,-1.949746762590483e-06,367,6.116666666666666,0.16122615803667528,75.0,5.3002985782584195e-05,1
BTC-USD,2026-04-06T15:04:14.213541076Z,69620.62,69620.61499999999,-9.767173563996452e-06,0.00999999999476131,0.001436356170476419,3.7111105849631324e-05,-2.0909422926135863e-06,367,6.116666666666666,0.16122615803667528,75.0,5.3000592857788985e-05,1
BTC-USD,2026-04-06T15:04:14.340677821Z,69620.62,69620.61499999999,0.0,0.00999999999476131,0.001436356170476419,3.7111105849631324e-05,-2.0909422926135863e-06,367,6.116666666666666,0.16122615803667528,75.0,5.308034456510764e-05,1
BTC-USD,2026-04-06T15:04:14.588120113Z,69620.62,69620.61499999999,0.0,0.00999999999476131,0.001436356170476419,3.716152038783361e-05,-2.0998166691806133e-06,366,6.1,0.16163934426083354,75.0,5.308034456510764e-05,1
BTC-USD,2026-04-06T15:04:14.83905676Z,69620.62,69620.61499999999,0.0,0.00999999999476131,0.001436356170476419,3.716152038783361e-05,-2.0998166691806133e-06,366,6.1,0.16163934426083354,75.0,5.308034456510764e-05,1
BTC-USD,2026-04-06T15:04:15.089204659Z,69620.62,69620.61499999999,0.0,0.00999999999476131,0.001436356170476419,3.697402295143177e-05,-1.8796416356442398e-06,365,6.083333333333333,0.16205479451909674,69.27000000000407,5.3000592857788985e-05,1
BTC-USD,2026-04-06T15:04:15.340432882Z,69620.62,69620.61499999999,0.0,0.00999999999476131,0.001436356170476419,3.6839974260542674e-05,-1.6859164009979833e-06,364,6.066666666666666,0.16247252747108668,64.24000000000524,5.3000597875549837e-05,1
BTC-USD,2026-04-06T15:04:15.588173757Z,69620.62,69619.57500000001,0.0,0.00999999999476131,0.001436377627235057,3.6843110960928284e-05,-1.5874711246920716e-06,363,6.05,0.16289256198204075,61.63999999999942,5.284216312424932e-05,1
BTC-USD,2026-04-06T15:04:15.840398982Z,69620.62,69619.57500000001,0.0,0.00999999999476131,0.001436377627235057,3.6846381791073995e-05,-1.4888742550822358e-06,362,6.033333333333333,0.163314917125652,59.05000000000291,5.284216312424932e-05,1
BTC-USD,2026-04-06T15:04:16.028028766Z,69619.57,69619.57500000001,-1.5081852445126697e-05,0.00999999999476131,0.001436377627235057,3.6805749034076745e-05,-1.4280517971066553e-06,362,6.033333333333333,0.163314917125652,56.470000000001164,5.2915210269697423e-05,1
BTC-USD,2026-04-06T15:04:16.088645415Z,69619.57,69617.445,0.0,0.00999999999476131,0.0014364215743282894,3.685675561739778e-05,-1.4320186076541738e-06,361,6.016666666666667,0.1637396121869564,56.470000000001164,5.2994595928872283e-05,1
BTC-USD,2026-04-06T15:04:16.23776024Z,69617.45,69617.445,-3.0451671547905257e-05,0.00999999999476131,0.0014364215743282894,3.683726148342234e-05,-1.5124054579041769e-06,362,6.033333333333333,0.163314917125652,56.470000000001164,5.3048807498223585e-05,1
BTC-USD,2026-04-06T15:04:16.344930572Z,69617.45,69608.845,0.0,0.010000000009313226,0.0014365990427384948,3.683726148342233e-05,-1.5124054579041769e-06,362,6.033333333333333,0.1633149171256922,56.470000000001164,5.304880749822359e-05,1
BTC-USD,2026-04-06T15:04:16.552060202Z,69616.61,69608.845,-1.2066013158113926e-05,0.010000000009313226,0.0014365990427384948,3.679051624165654e-05,-1.5415590703356956e-06,363,6.05,0.1628925619821209,56.470000000001164,5.304494578257876e-05,1
BTC-USD,2026-04-06T15:04:16.68866632Z,69616.61,69595.89499999999,0.0,0.00999999999476131,0.0014368663546551576,3.679051624165654e-05,-1.5415590703356956e-06,363,6.05,0.1628925619821209,56.470000000001164,5.304494578257876e-05,1
BTC-USD,2026-04-06T15:04:16.749109054Z,69597.0,69595.89499999999,-0.00028172533029927413,0.00999999999476131,0.0014368663546551576,3.9566135971003534e-05,-2.31341518942368e-06,364,6.066666666666666,0.16247252747116664,58.470000000001164,5.081724440237114e-05,1
BTC-USD,2026-04-06T15:04:16.942135019Z,69597.0,69588.125,0.0,0.010000000009313226,0.0014370267929065808,3.956615837578315e-05,-2.3130196969903196e-06,364,6.066666666666666,0.1624725274712066,58.470000000001164,5.081724440237114e-05,1
BTC-USD,2026-04-06T15:04:17.006710949Z,69590.71,69588.125,-9.038154308709041e-05,0.010000000009313226,0.0014370267929065808,3.983429083561529e-05,-2.562004664172387e-06,364,6.066666666666666,0.16247252747124658,64.75999999999476,5.064707013963359e-05,1
BTC-USD,2026-04-06T15:04:17.090540653Z,69590.71,69588.125,0.0,0.010000000009313226,0.0014370267929065808,3.9779761804252865e-05,-2.554966189820265e-06,365,6.083333333333333,0.16205479451929608,64.75999999999476,5.072396594016778e-05,1
BTC-USD,2026-04-06T15:04:17.345400445Z,69590.71,69590.555,0.0,0.00999999999476131,0.0014369766119498991,3.983426468424735e-05,-2.562400156605551e-06,364,6.066666666666666,0.16247252747128657,64.75999999999476,5.059148227033171e-05,1
BTC-USD,2026-04-06T15:04:17.458406646Z,69588.13,69590.555,-3.707460128705196e-05,0.00999999999476131,0.0014369766119498991,3.9875097738616496e-05,-2.664138552015308e-06,364,6.066666666666666,0.16247252747128657,67.33000000000175,5.062495864622058e-05,1
BTC-USD,2026-04-06T15:04:17.591760099Z,69588.13,69595.88500000001,0.0,0.00999999999476131,0.0014368665611136791,3.9875097738616496e-05,-2.664138552015308e-06,364,6.066666666666666,0.16247252747128657,67.33000000000175,5.0552622779765414e-05,1
BTC-USD,2026-04-06T15:04:17.745458153Z,69593.99,69595.88500000001,8.420621849217386e-05,0.00999999999476131,0.0014368665611136791,4.014776998495673e-05,-2.3361667673616166e-06,363,6.05,0.16289256198224117,64.73999999999069,5.042047289706777e-05,1
BTC-USD,2026-04-06T15:04:17.845994654Z,69593.99,69600.285,0.0,0.00999999999476131,0.0014367757250938426,4.0092618874596144e-05,-2.3297310462394084e-06,364,6.066666666666666,0.16247252747128657,64.73999999999069,5.0344259391067386e-05,1
BTC-USD,2026-04-06T15:04:18.006466166Z,69595.89,69600.285,2.7300835378415087e-05,0.00999999999476131,0.0014367757250938426,4.0135810208911586e-05,-2.1580288553116265e-06,363,6.05,0.16289256198224117,62.14999999999418,5.039908081689397e-05,1
BTC-USD,2026-04-06T15:04:18.104171268Z,69595.89,69600.285,0.0,0.00999999999476131,0.0014367757250938426,3.994239194506005e-05,-1.9454353152391165e-06,363,6.05,0.1628925619822011,56.7899999999936,5.039908081689397e-05,1
BTC-USD,2026-04-06T15:04:18.345440527Z,69595.89,69600.285,0.0,0.00999999999476131,0.0014367757250938426,3.9942391945060044e-05,-1.9454353152391165e-06,363,6.05,0.162892561982161,56.7899999999936,5.032290724235445e-05,1
BTC-USD,2026-04-06T15:04:18.58777128Z,69595.89,69600.285,0.0,0.00999999999476131,0.0014367757250938426,3.8302016501191107e-05,-1.3398225666260255e-06,362,6.033333333333333,0.1633149171257726,42.06999999999243,5.024706813938484e-05,1
BTC-USD,2026-04-06T15:04:18.704411519Z,69600.28,69600.285,6.307644817318562e-05,0.00999999999476131,0.0014367757250938426,3.8398213238217855e-05,-1.161877067344778e-06,363,6.05,0.162892561982161,42.06999999999243,5.0205154593467975e-05,1
BTC-USD,2026-04-06T15:04:18.841465127Z,69600.28,69601.065,0.0,0.010000000009313226,0.0014367596256340655,3.843206431417167e-05,-1.097861227032941e-06,362,6.033333333333333,0.1633149171258128,42.06999999999243,5.020515854078602e-05,1
BTC-USD,2026-04-06T15:04:19.091910075Z,69600.28,69606.245,0.0,0.00999999999476131,0.0014366527018892215,3.853398998779005e-05,-1.0679720357980506e-06,360,6.0,0.16416666666542976,42.06999999999243,5.044514378231016e-05,1
BTC-USD,2026-04-06T15:04:19.232659482Z,69606.24,69606.245,8.562817321557022e-05,0.00999999999476131,0.0014366527018892215,3.875002126165033e-05,-8.271494100998053e-07,361,6.016666666666667,0.16373961218711766,42.06999999999243,5.0225488924223225e-05,1
BTC-USD,2026-04-06T15:04:19.343035735Z,69606.24,69606.245,0.0,0.00999999999476131,0.0014366527018892215,3.880392849473785e-05,-8.294534474538438e-07,360,6.0,0.16416666666542976,42.06999999999243,5.064859074141402e-05,1
BTC-USD,2026-04-06T15:04:19.619180786Z,69606.24,69607.995,0.0,0.00999999999476131,0.001436616583305023,3.880391920077102e-05,-8.298535101193223e-07,360,6.0,0.16416666666538934,42.06999999999243,5.051963586843853e-05,1
BTC-USD,2026-04-06T15:04:19.767065823Z,69606.52,69607.995,4.0226197656246816e-06,0.00999999999476131,0.001436616583305023,3.8804737992286744e-05,-8.186484411342952e-07,360,6.0,0.1641666666653489,42.06999999999243,5.0594836815563346e-05,1
BTC-USD,2026-04-06T15:04:19.841662837Z,69606.52,69607.995,0.0,0.00999999999476131,0.001436616583305023,3.875082899711812e-05,-8.163744176867e-07,361,6.016666666666667,0.16373961218703703,42.06999999999243,5.0670969950265865e-05,1
BTC-USD,2026-04-06T15:04:20.090051267Z,69606.52,69609.775,0.0,0.00999999999476131,0.0014365798474081136,3.879026773267875e-05,-9.404842890862319e-07,359,5.983333333333333,0.1645961002772447,42.06999999999243,5.0546002124639915e-05,1
BTC-USD,2026-04-06T15:04:20.264881547Z,69609.78,69609.775,4.6833596361767264e-05,0.00999999999476131,0.0014365798474081136,3.881795197377099e-05,-8.074088555183949e-07,360,6.0,0.1641666666653489,42.06999999999243,5.055547778168087e-05,1
BTC-USD,2026-04-06T15:04:20.344473375Z,69609.78,69613.285,0.0,0.00999999999476131,0.0014365074130263083,3.881732482300004e-05,-8.170099313301112e-07,360,6.0,0.1641666666653489,42.06999999999243,5.055547778168087e-05,1
BTC-USD,2026-04-06T15:04:20.512420487Z,69613.29,69613.285,5.042267780383219e-05,0.00999999999476131,0.0014365074130263083,3.8857071504668734e-05,-6.746774653991048e-07,361,6.016666666666667,0.16373961218703703,42.06999999999243,5.05540666320398e-05,1
BTC-USD,2026-04-06T15:04:20.58779962Z,69613.29,69613.285,0.0,0.00999999999476131,0.0014365074130263083,3.891114223131916e-05,-6.761567456506764e-07,360,6.0,0.1641666666653489,42.05999999999767,5.06303610283249e-05,1
BTC-USD,2026-04-06T15:04:20.841897092Z,69613.29,69613.285,0.0,0.00999999999476131,0.0014365074130263083,3.891114223131916e-05,-6.761567456506764e-07,360,6.0,0.1641666666653489,42.05999999999767,5.063036102832489e-05,1
BTC-USD,2026-04-06T15:04:21.089237945Z,69613.29,69613.285,0.0,0.00999999999476131,0.0014365074130263083,3.8911142231319164e-05,-6.761567456506764e-07,360,6.0,0.1641666666653489,42.05999999999767,5.063036102832489e-05,1
BTC-USD,2026-04-06T15:04:21.259383843Z,69613.28,69613.285,-1.436507412948746e-07,0.00999999999476131,0.0014365074130263083,3.80141519963994e-05,-2.3687361894891042e-07,360,6.0,0.1641666666653489,41.61000000000058,5.062668909609534e-05,1
BTC-USD,2026-04-06T15:04:21.342427991Z,69613.28,69613.285,0.0,0.00999999999476131,0.0014365074130263083,3.7986676365016896e-05,-1.600519495792629e-07,360,6.0,0.1641666666653489,41.61000000000058,5.0703086368800945e-05,1
BTC-USD,2026-04-06T15:04:21.588162539Z,69613.28,69613.285,0.0,0.00999999999476131,0.0014365074130263083,3.7986676365016896e-05,-1.600519495792629e-07,360,6.0,0.1641666666653489,41.61000000000058,5.1300756757204366e-05,1
BTC-USD,2026-04-06T15:04:22.087903393Z,69613.28,69613.285,0.0,0.00999999999476131,0.0014365074130263083,3.8146091456955165e-05,-1.5333088711570383e-07,357,5.95,0.16546218487266479,41.61000000000058,5.116265992936358e-05,1
BTC-USD,2026-04-06T15:04:22.343247056Z,69613.28,69613.285,0.0,0.00999999999476131,0.0014365074130263083,3.7802376403691895e-05,-5.157159313190934e-07,355,5.916666666666667,0.16633802816775156,41.61000000000058,5.105107380217708e-05,1
BTC-USD,2026-04-06T15:04:22.589515847Z,69613.28,69613.285,0.0,0.00999999999476131,0.0014365074130263083,3.785587299924897e-05,-5.171768829658897e-07,354,5.9,0.16677966101569786,41.61000000000058,5.111671694985283e-05,1
BTC-USD,2026-04-06T15:04:22.843084887Z,69613.28,69616.235,0.0,0.010000000009313226,0.001436446542866506,3.780237640369189e-05,-5.157159313190934e-07,355,5.916666666666667,0.16633802816779256,41.61000000000058,5.111671768920551e-05,1
BTC-USD,2026-04-06T15:04:23.091957016Z,69613.28,69620.66,0.0,0.6799999999930151,0.09767215651115847,3.749706937566588e-05,-2.7345225524228306e-07,354,5.9,0.16867231638296568,41.61000000000058,5.1041045238692554e-05,1
BTC-USD,2026-04-06T15:04:23.281483424Z,69619.2,69620.66,8.503762920206494e-05,0.6799999999930151,0.09767215651115847,3.7770219433524214e-05,-3.2552455803005626e-08,354,5.9,0.17056497175019236,41.61000000000058,5.083129183369949e-05,1
BTC-USD,2026-04-06T15:04:23.34105531Z,69619.2,69620.985,0.0,0.010000000009313226,0.0014363485390666657,3.7716833977248774e-05,-3.246049971316663e-08,355,5.916666666666667,0.17011267605514763,41.61000000000058,5.099201536315585e-05,1
BTC-USD,2026-04-06T15:04:23.588795701Z,69619.2,69620.985,0.0,0.010000000009313226,0.0014363485390666657,3.7810244953617874e-05,-8.650825597834114e-08,353,5.883333333333334,0.1710198300272024,41.61000000000058,5.0841818241142556e-05,1
BTC-USD,2026-04-06T15:04:23.762063632Z,69619.2,69620.985,0.0,0.010000000009313226,0.0014363485390666657,3.77566516631123e-05,-8.626319009738267e-08,354,5.9,0.17056497175031568,41.61000000000058,5.0881715746266884e-05,1
BTC-USD,2026-04-06T15:04:23.841099605Z,69619.2,69620.985,0.0,0.010000000009313226,0.0014363485390666657,3.781024495361788e-05,-8.650825597834114e-08,353,5.883333333333334,0.17101983002728482,41.61000000000058,5.0881715746266884e-05,1
BTC-USD,2026-04-06T15:04:24.00975435Z,69620.98,69620.985,2.5567332649204587e-05,0.010000000009313226,0.0014363485390666657,3.778126259844981e-05,-1.383448570870112e-08,354,5.9,0.1705649717503979,41.61000000000058,5.093788923598448e-05,1
BTC-USD,2026-04-06T15:04:24.087853998Z,69620.98,69620.985,0.0,0.010000000009313226,0.0014363485390666657,3.7727861501027464e-05,-1.3795405240597444e-08,355,5.916666666666667,0.1701126760553526,41.61000000000058,5.096024439485396e-05,1
BTC-USD,2026-04-06T15:04:24.591378519Z,69620.98,69620.995,0.0,0.00999999999476131,0.0014363483306668212,3.527428250145286e-05,3.700174226912327e-07,350,5.833333333333333,0.11685714285612839,41.61000000000058,5.081058187147137e-05,1
BTC-USD,2026-04-06T15:04:24.843394333Z,69620.98,69621.735,0.0,0.010000000009313226,0.001436333066004923,3.532492549484959e-05,3.706678940113487e-07,349,5.816666666666666,0.11716332378127428,41.61000000000058,5.0810581871471365e-05,1
BTC-USD,2026-04-06T15:04:25.015324004Z,69621.74,69621.735,1.0916190089047186e-05,0.010000000009313226,0.001436333066004923,3.532942889092362e-05,4.0203625633619695e-07,349,5.816666666666666,0.11716332378131597,41.61000000000058,5.0881867296586135e-05,1
BTC-USD,2026-04-06T15:04:25.088351235Z,69621.74,69621.735,0.0,0.010000000009313226,0.001436333066004923,3.5278783899006515e-05,4.008842899856634e-07,350,5.833333333333333,0.11685714285625311,41.61000000000058,5.0956858830420326e-05,1
BTC-USD,2026-04-06T15:04:25.265270459Z,69621.73,69621.735,-1.4363330657203613e-07,0.010000000009313226,0.001436333066004923,3.53294288900316e-05,4.020363140856681e-07,349,5.816666666666666,0.11716332378139936,41.61000000000058,5.08818658936188e-05,1
BTC-USD,2026-04-06T15:04:25.340352378Z,69621.73,69621.735,0.0,0.010000000009313226,0.001436333066004923,3.527878389811798e-05,4.0088434756966335e-07,350,5.833333333333333,0.11685714285633626,41.61000000000058,5.0956857421240736e-05,1
BTC-USD,2026-04-06T15:04:25.489283163Z,69621.74,69621.735,1.436333067026799e-07,0.010000000009313226,0.001436333066004923,3.527878389853757e-05,4.008842899863161e-07,350,5.833333333333333,0.11685714285637784,41.61000000000058,5.095685753044249e-05,1
BTC-USD,2026-04-06T15:04:25.637459087Z,69621.74,69621.775,0.0,0.00999999999476131,0.0014363322386941888,3.53294233513186e-05,4.02449053473024e-07,349,5.816666666666666,0.11716332378148277,41.61000000000058,5.088425600172839e-05,1
BTC-USD,2026-04-06T15:04:25.88548335Z,69621.74,69621.775,0.0,0.00999999999476131,0.0014363322386941888,3.538029094213007e-05,4.0319486226317426e-07,348,5.8,0.11747126436707679,41.61000000000058,5.088425600172839e-05,1
BTC-USD,2026-04-06T15:04:26.015783005Z,69621.77,69621.775,4.3089979559992254e-07,0.00999999999476131,0.0014363322386941888,3.538027875561075e-05,4.0485063517092045e-07,348,5.8,0.11747126436707679,41.61000000000058,5.0959248300363205e-05,1
BTC-USD,2026-04-06T15:04:26.092141564Z,69621.77,69619.295,0.0,0.010000000009313226,0.0014363834062544336,3.5329415097234885e-05,4.0368727127675116e-07,349,5.816666666666666,0.11716332378152446,41.61000000000058,5.0959248300363205e-05,1
BTC-USD,2026-04-06T15:04:26.343575907Z,69621.77,69619.295,0.0,0.010000000009313226,0.0014363834062544336,3.538027875561075e-05,4.0485063517092045e-07,348,5.8,0.11747126436716042,41.61000000000058,5.0959248300363205e-05,1
BTC-USD,2026-04-06T15:04:26.515375593Z,69619.29,69619.295,-3.5621676541031635e-05,0.010000000009313226,0.0014363834062544336,3.538200125048245e-05,3.0132613179102804e-07,349,5.816666666666666,0.11716332378160785,41.61000000000058,5.0934265469565124e-05,1
BTC-USD,2026-04-06T15:04:26.587667729Z,69619.29,69621.36499999999,0.0,0.00999999999476131,0.0014363406972502353,3.538200125048245e-05,3.0132613179102804e-07,349,5.816666666666666,0.11716332378160785,41.61000000000058,5.100955414226744e-05,1
BTC-USD,2026-04-06T15:04:26.740434898Z,69618.0,69621.36499999999,-1.8529518924579175e-05,0.00999999999476131,0.0014363406972502353,3.534560910725464e-05,2.473695556982767e-07,350,5.833333333333333,0.11685714285650257,41.61000000000058,5.099926838694863e-05,1
BTC-USD,2026-04-06T15:04:26.843781999Z,69618.0,69619.995,0.0,0.00999999999476131,0.0014363689619284392,3.5170189031601614e-05,4.3466021316351805e-07,350,5.833333333333333,0.11685714285650257,41.61000000000058,5.123598402926378e-05,1
BTC-USD,2026-04-06T15:04:27.009895435Z,69621.36,69619.995,4.826221552093655e-05,0.00999999999476131,0.0014363689619284392,3.5262967850121386e-05,5.729473636533076e-07,350,5.833333333333333,0.11685714285650257,41.61000000000058,5.117016839793758e-05,1
BTC-USD,2026-04-06T15:04:27.087749275Z,69621.36,69619.995,0.0,0.00999999999476131,0.0014363689619284392,3.5262967850121386e-05,5.729473636533076e-07,350,5.833333333333333,0.11685714285650257,41.61000000000058,5.133620092490709e-05,1
BTC-USD,2026-04-06T15:04:27.340076924Z,69621.36,69619.995,0.0,0.00999999999476131,0.0014363689619284392,3.52125694274365e-05,5.713103711857268e-07,351,5.85,0.11655270655205317,41.61000000000058,5.192602079420778e-05,1
BTC-USD,2026-04-06T15:04:27.495641499Z,69619.99,69619.995,-1.967806258763509e-05,0.00999999999476131,0.0014363689619284392,3.4917793730646216e-05,2.4571607472042254e-07,350,5.833333333333333,0.11685714285650257,41.61000000000058,5.1837842964360124e-05,1
BTC-USD,2026-04-06T15:04:27.588533293Z,69619.99,69619.995,0.0,0.00999999999476131,0.0014363689619284392,3.486787795339312e-05,2.4501402879264993e-07,351,5.85,0.11655270655205317,41.61000000000058,5.191422799902623e-05,1
BTC-USD,2026-04-06T15:04:27.843667529Z,69619.99,69614.725,0.0,0.00999999999476131,0.0014364776984698727,3.4692506433932624e-05,3.333712640557549e-08,350,5.833333333333333,0.116857142856461,41.61000000000058,5.1837842964360124e-05,1
BTC-USD,2026-04-06T15:04:28.048629297Z,69618.03,69614.725,-2.8153229988969397e-05,0.00999999999476131,0.0014364776984698727,3.472520621185205e-05,-4.733115436511046e-08,350,5.833333333333333,0.116857142856461,41.61000000000058,5.18904481714285e-05,1
BTC-USD,2026-04-06T15:04:28.089756505Z,69618.03,69614.725,0.0,0.00999999999476131,0.0014364776984698727,3.4675563381842164e-05,-4.719592249549586e-08,351,5.85,0.1165527065520117,41.61000000000058,5.18904481714285e-05,1
BTC-USD,2026-04-06T15:04:28.390877969Z,69618.03,69614.035,0.0,0.00999999999476131,0.001436491936541433,3.477505803769208e-05,-4.787991793409358e-08,349,5.816666666666666,0.11716332378156616,41.61000000000058,5.196713299184903e-05,1
BTC-USD,2026-04-06T15:04:28.553005819Z,69614.03,69614.035,-5.7458030874539956e-05,0.00999999999476131,0.001436491936541433,3.4910574453504685e-05,-2.1340195650096874e-07,349,5.816666666666666,0.11716332378156616,41.61000000000058,5.194694748801268e-05,1
BTC-USD,2026-04-06T15:04:28.59672958Z,69614.03,69614.035,0.0,0.00999999999476131,0.001436491936541433,3.486052529117903e-05,-2.127904895768972e-07,350,5.833333333333333,0.116857142856461,41.61000000000058,5.194694748801268e-05,1
BTC-USD,2026-04-06T15:04:29.087033847Z,69614.03,69614.035,0.0,0.00999999999476131,0.001436491936541433,3.4030663142133373e-05,-6.428309326600332e-07,348,5.8,0.10298850574644734,41.61000000000058,5.326584088858547e-05,1
BTC-USD,2026-04-06T15:04:29.351693285Z,69614.03,69626.965,0.0,0.00999999999476131,0.0014362251743647466,3.407936181830182e-05,-6.521602290747565e-07,347,5.783333333333333,0.09654178674284487,41.61000000000058,5.31874813745183e-05,1
BTC-USD,2026-04-06T15:04:29.502528687Z,69624.54,69626.965,0.000150963917827527,0.00999999999476131,0.0014362251743647466,3.503782211285086e-05,-2.1584832783912932e-07,347,5.783333333333333,0.09654178674284487,41.61000000000058,5.26379860966822e-05,1
BTC-USD,2026-04-06T15:04:29.593531568Z,69624.54,69629.555,0.0,0.00999999999476131,0.0014361717513146984,3.503782211285086e-05,-2.1584832783912932e-07,347,5.783333333333333,0.09654178674284487,41.61000000000058,5.26379860966822e-05,1
BTC-USD,2026-04-06T15:04:29.780341129Z,69629.5,69629.555,7.123671244435413e-05,0.00999999999476131,0.0014361717513146984,3.519633289967252e-05,-9.933167112347592e-09,348,5.8,0.09629310344759176,41.61000000000058,5.249759658255603e-05,1
BTC-USD,2026-04-06T15:04:29.841875149Z,69629.5,69629.57500000001,0.0,0.00999999999476131,0.0014361713387969564,3.5196332899672516e-05,-9.933167112347592e-09,348,5.8,0.09629310344759176,41.61000000000058,5.2575194051261914e-05,1
BTC-USD,2026-04-06T15:04:29.988779644Z,69631.48,69629.57500000001,2.8435818850676953e-05,0.00999999999476131,0.0014361713387969564,3.517869561005097e-05,7.180749960543775e-08,349,5.816666666666666,0.09604584527150914,43.34999999999127,5.263091179074428e-05,1
BTC-USD,2026-04-06T15:04:30.088312513Z,69631.48,69629.985,0.0,0.010000000009313226,0.0014361628843253703,3.5128260387914416e-05,7.160174745757117e-08,350,5.833333333333333,0.09579999999933145,43.34999999999127,5.263091179074428e-05,1
BTC-USD,2026-04-06T15:04:30.262020171Z,69629.98,69629.985,-2.1542212756592026e-05,0.010000000009313226,0.0014361628843253703,3.5147253261437376e-05,9.8762094730668e-09,350,5.833333333333333,0.09579999999933145,43.34999999999127,5.2695649868110534e-05,1
BTC-USD,2026-04-06T15:04:30.343537843Z,69629.98,69629.985,0.0,0.010000000009313226,0.0014361628843253703,3.5097006987723415e-05,9.84799173171518e-09,351,5.85,0.09555555555491543,43.34999999999127,5.277423749055205e-05,1
BTC-USD,2026-04-06T15:04:30.587638518Z,69629.98,69629.985,0.0,0.010000000009313226,0.0014361628843253703,3.504078721846203e-05,1.5596578387005159e-07,350,5.833333333333333,0.09579999999933145,43.34999999999127,5.2853177769787874e-05,1
BTC-USD,2026-04-06T15:04:30.841667642Z,69629.98,69629.985,0.0,0.010000000009313226,0.0014361628843253703,3.504078721846203e-05,1.5596578387005159e-07,350,5.833333333333333,0.09579999999933145,43.34999999999127,5.302893870124116e-05,1
BTC-USD,2026-04-06T15:04:31.088174585Z,69629.98,69629.985,0.0,0.010000000009313226,0.0014361628843253703,3.5063001828550426e-05,2.311159813093807e-07,349,5.816666666666666,0.09604584527159254,43.34999999999127,5.295010393990862e-05,1
BTC-USD,2026-04-06T15:04:31.270419813Z,69628.0,69629.985,-2.8436431436473512e-05,0.010000000009313226,0.0014361628843253703,3.509656544389076e-05,1.4898937419445327e-07,349,5.816666666666666,0.09604584527163423,43.34999999999127,5.3006081845469e-05,1
BTC-USD,2026-04-06T15:04:31.339916481Z,69628.0,69629.985,0.0,0.010000000009313226,0.0014361628843253703,3.509656544389076e-05,1.4898937419445327e-07,349,5.816666666666666,0.09604584527167594,43.34999999999127,5.308537199198179e-05,1
BTC-USD,2026-04-06T15:04:31.495325397Z,69629.98,69629.985,2.8436431436558558e-05,0.010000000009313226,0.0014361628843253703,3.517978822209328e-05,2.3178202160152272e-07,348,5.8,0.09629310344780083,43.34999999999127,5.3062793471757735e-05,1
BTC-USD,2026-04-06T15:04:31.588234782Z,69629.98,69629.985,0.0,0.010000000009313226,0.0014361628843253703,3.5129208376496595e-05,2.311159813095643e-07,349,5.816666666666666,0.09604584527175933,43.34999999999127,5.3062797422797297e-05,1
BTC-USD,2026-04-06T15:04:32.086304807Z,69629.98,69629.985,0.0,0.010000000009313226,0.0014361628843253703,3.517978822209328e-05,2.3178202160152272e-07,348,5.8,0.09629310344788447,43.34999999999127,5.306790671588349e-05,1
BTC-USD,2026-04-06T15:04:32.339614902Z,69629.98,69629.985,0.0,0.010000000009313226,0.0014361628843253703,3.517979010178704e-05,2.3136810851932896e-07,348,5.8,0.09629310344792628,43.34999999999127,5.306800211341301e-05,1
BTC-USD,2026-04-06T15:04:32.587044361Z,69629.98,69629.985,0.0,0.010000000009313226,0.0014361628843253703,3.5179790101787045e-05,2.3136810851932896e-07,348,5.8,0.0962931034479681,43.34999999999127,5.306800211341301e-05,1
BTC-USD,2026-04-06T15:04:32.85252572Z,69629.98,69624.83499999999,0.0,0.5900000000110595,0.08473987766162168,3.523058906710608e-05,2.3203680247458713e-07,347,5.783333333333333,0.09691642651268817,43.34999999999127,5.298920812910288e-05,1
BTC-USD,2026-04-06T15:04:32.871356579Z,69629.99,69624.83499999999,1.4361628854046887e-07,0.5900000000110595,0.08473987766162168,3.5179788222176544e-05,2.317819883133937e-07,348,5.8,0.09833333333308579,43.34999999999127,5.306800054525374e-05,1
BTC-USD,2026-04-06T15:04:33.076123804Z,69629.98,69624.83499999999,-1.4361628840493661e-07,0.5900000000110595,0.08473987766162168,3.512921193284284e-05,2.307032576331686e-07,349,5.816666666666666,0.0997421203436244,43.34999999999127,5.314714748348783e-05,1
BTC-USD,2026-04-06T15:04:33.090327849Z,69629.98,69624.38500000001,0.0,0.00999999999476131,0.001436278395099836,3.5107978324902306e-05,1.6466823281450582e-07,349,5.816666666666666,0.0962464183378904,43.34999999999127,5.314714748348783e-05,1
BTC-USD,2026-04-06T15:04:33.306540974Z,69624.39,69624.38500000001,-8.028473365685732e-05,0.00999999999476131,0.001436278395099836,3.5320390751262185e-05,-6.584581271463979e-08,350,5.833333333333333,0.09599999999976717,43.34999999999127,5.304506965470857e-05,1
BTC-USD,2026-04-06T15:04:33.340066494Z,69624.39,69624.38500000001,0.0,0.00999999999476131,0.001436278395099836,3.5320390751262185e-05,-6.584581271463979e-08,350,5.833333333333333,0.09251428571404956,43.34999999999127,5.3124656812996815e-05,1
BTC-USD,2026-04-06T15:04:33.520913778Z,69624.38,69624.38500000001,-1.4362783950001071e-07,0.00999999999476131,0.001436278395099836,3.532039081840281e-05,-6.625735380203237e-08,350,5.833333333333333,0.08937142857117579,43.34999999999127,5.3124655275720595e-05,1
BTC-USD,2026-04-06T15:04:33.588698197Z,69624.38,69624.38500000001,0.0,0.00999999999476131,0.001436278395099836,3.526989720174487e-05,-6.60680470768837e-08,351,5.85,0.08914529914503215,43.34999999999127,5.3124655275720595e-05,1
BTC-USD,2026-04-06T15:04:33.768222229Z,69624.39,69624.38500000001,1.4362783952120268e-07,0.00999999999476131,0.001436278395099836,3.52863218829791e-05,-1.4856247054666216e-07,350,5.833333333333333,0.08451428571399966,43.34999999999127,5.320460211197888e-05,1
BTC-USD,2026-04-06T15:04:33.841558792Z,69624.39,69624.525,0.0,0.00999999999476131,0.0014362755070517624,3.5235877685999254e-05,-1.4813800634510028e-07,351,5.85,0.08430199430169415,43.34999999999127,5.328491059736087e-05,1
BTC-USD,2026-04-06T15:04:34.011855475Z,69624.38,69624.525,-1.4362783950001071e-07,0.00999999999476131,0.0014362755070517624,3.517671382537176e-05,-1.460893530152612e-18,350,5.833333333333333,0.08451428571399966,43.34999999999127,5.33655822905694e-05,1
BTC-USD,2026-04-06T15:04:34.088023135Z,69624.38,69626.125,0.0,0.010000000009313226,0.001436242503702917,3.51264254310741e-05,-1.4567195486378903e-18,351,5.85,0.0843019943017356,43.34999999999127,5.34466230618502e-05,1
BTC-USD,2026-04-06T15:04:34.258083404Z,69624.52,69626.125,2.010787876952419e-06,0.010000000009313226,0.001436242503702917,3.507651583256783e-05,5.728740388725262e-09,352,5.866666666666666,0.08409090909067758,43.34999999999127,5.3446521370283477e-05,1
BTC-USD,2026-04-06T15:04:34.341181435Z,69624.52,69626.125,0.0,0.010000000009313226,0.001436242503702917,3.50266558004e-05,5.7124655580754744e-09,353,5.883333333333334,0.08388101982982386,43.34999999999127,5.3446521370283477e-05,1
BTC-USD,2026-04-06T15:04:34.589828326Z,69624.52,69625.03,0.0,0.10000000000582077,0.014362650903823061,3.485030129905186e-05,2.1770023328873402e-07,352,5.866666666666666,0.08434659090884948,43.34999999999127,5.4325602042135294e-05,1
BTC-USD,2026-04-06T15:04:34.753424176Z,69626.12,69625.03,2.298014572953704e-05,0.10000000000582077,0.014362650903823061,3.487141240072614e-05,2.827615073720179e-07,352,5.866666666666666,0.07934659090886437,43.34999999999127,5.431169071506993e-05,1
BTC-USD,2026-04-06T15:04:34.839655857Z,69626.12,69625.07500000001,0.0,0.00999999999476131,0.0014362641612610558,3.487141240072614e-05,2.827615073720179e-07,352,5.866666666666666,0.07409090909066601,43.34999999999127,5.4311696127989395e-05,1
BTC-USD,2026-04-06T15:04:35.005947319Z,69625.07,69625.07500000001,-1.5080661070257383e-05,0.00999999999476131,0.0014362641612610558,3.488102339007192e-05,2.3979666101800827e-07,352,5.866666666666666,0.07392045454517673,43.34999999999127,5.430482399985062e-05,1
BTC-USD,2026-04-06T15:04:35.088665971Z,69625.07,69625.07500000001,0.0,0.00999999999476131,0.0014362641612610558,3.4831443580542014e-05,2.3911542050375257e-07,353,5.883333333333334,0.07373937677024638,43.34999999999127,5.422273759545232e-05,1
BTC-USD,2026-04-06T15:04:35.341520847Z,69625.07,69625.07500000001,0.0,0.00999999999476131,0.0014362641612610558,3.4831443580542014e-05,2.3911542050375257e-07,353,5.883333333333334,0.07220963172773037,43.34999999999127,5.422273759545232e-05,1
BTC-USD,2026-04-06T15:04:35.587855713Z,69625.07,69625.07500000001,0.0,0.00999999999476131,0.0014362641612610558,3.487680598339751e-05,2.680334322700897e-07,352,5.866666666666666,0.06539772727236678,43.34999999999127,5.430481937068056e-05,1
BTC-USD,2026-04-06T15:04:35.840201545Z,69625.07,69625.07500000001,0.0,0.00999999999476131,0.0014362641612610558,3.487680598339751e-05,2.680334322700897e-07,352,5.866666666666666,0.06539772727236678,43.34999999999127,5.422274335079929e-05,1
BTC-USD,2026-04-06T15:04:36.018947758Z,69625.08,69625.07500000001,1.4362641621548954e-07,0.00999999999476131,0.0014362641612610558,3.484535665279749e-05,3.4660674056397326e-07,352,5.866666666666666,0.061789772726900664,43.34999999999127,5.4222747954661955e-05,1
BTC-USD,2026-04-06T15:04:36.087338689Z,69625.08,69625.07500000001,0.0,0.00999999999476131,0.0014362641612610558,3.484535665279749e-05,3.4660674056397326e-07,352,5.866666666666666,0.05818181818143454,43.34999999999127,5.430482977701611e-05,1
BTC-USD,2026-04-06T15:04:36.347564461Z,69625.08,69629.545,0.0,0.010000000009313226,0.0014361719596635632,3.484562466723842e-05,2.474584952235978e-07,351,5.85,0.056125356125016165,43.34999999999127,5.4370732422542005e-05,1
BTC-USD,2026-04-06T15:04:36.590599285Z,69625.08,69634.735,0.0,0.010000000009313226,0.0014360649192264787,3.489550853465443e-05,2.4816754535317835e-07,350,5.833333333333333,0.05548571428541826,43.34999999999127,5.4360859536933885e-05,1
BTC-USD,2026-04-06T15:04:36.740792695Z,69632.15,69634.735,0.00010153871373231833,0.010000000009313226,0.0014360649192264787,3.5262547722196844e-05,5.375691058873644e-07,351,5.85,0.055356125355856704,44.01999999998952,5.408078409309219e-05,1
BTC-USD,2026-04-06T15:04:36.842006626Z,69632.15,69634.735,0.0,0.010000000009313226,0.0014360649192264787,3.5212292001528156e-05,5.360375699731555e-07,352,5.866666666666666,0.0552272727270313,44.01999999998952,5.408078409309219e-05,1
BTC-USD,2026-04-06T15:04:36.985615821Z,69634.74,69634.735,3.719477041981104e-05,0.010000000009313226,0.0014360649192264787,3.526644479962308e-05,6.420055768672039e-07,352,5.866666666666666,0.054943181817965196,46.61000000000058,5.412517735855554e-05,1
BTC-USD,2026-04-06T15:04:37.08998142Z,69634.74,69632.14499999999,0.0,0.00999999999476131,0.0014361183322388405,3.521633136652396e-05,6.401816973874676e-07,353,5.883333333333334,0.054815864022432034,46.61000000000058,5.420686317595482e-05,1
BTC-USD,2026-04-06T15:04:37.254605672Z,69633.68,69632.14499999999,-1.5222402896951735e-05,0.00999999999476131,0.0014361183322388405,3.522601449877294e-05,5.8591850358642e-07,353,5.883333333333334,0.054815864022432034,46.61000000000058,5.4225261516469494e-05,1
BTC-USD,2026-04-06T15:04:37.339578609Z,69633.68,69632.14499999999,0.0,0.00999999999476131,0.0014361183322388405,3.522601449877294e-05,5.8591850358642e-07,353,5.883333333333334,0.054815864022432034,46.61000000000058,5.430710310543185e-05,1
BTC-USD,2026-04-06T15:04:37.587288617Z,69633.68,69632.14499999999,0.0,0.00999999999476131,0.0014361183322388405,3.527615039544968e-05,5.871785612077411e-07,352,5.866666666666666,0.054943181817965196,46.61000000000058,5.4225279393552846e-05,1
BTC-USD,2026-04-06T15:04:37.846777259Z,69633.68,69632.14499999999,0.0,0.00999999999476131,0.0014361183322388405,3.5258329353608276e-05,7.44063565486792e-07,350,5.833333333333333,0.05519999999981207,46.61000000000058,5.462636224350862e-05,1
BTC-USD,2026-04-06T15:04:37.999716276Z,69632.14,69632.14499999999,-2.2115979355956816e-05,0.00999999999476131,0.0014361183322388405,3.522906124883707e-05,6.787491571398103e-07,351,5.85,0.05507122507102275,46.61000000000058,5.469473345318454e-05,1
BTC-USD,2026-04-06T15:04:38.091077022Z,69632.14,69625.205,0.0,0.010000000009313226,0.0014362614816449337,3.522906124883707e-05,6.787491571398103e-07,351,5.85,0.05507122507106421,46.61000000000058,5.469473345318454e-05,1
BTC-USD,2026-04-06T15:04:38.2455318Z,69627.28,69625.205,-6.979779180424906e-05,0.010000000009313226,0.0014362614816449337,3.5042123909379116e-05,7.567822860000995e-07,351,5.85,0.05507122507106421,46.61000000000058,5.464188603999421e-05,1
BTC-USD,2026-04-06T15:04:38.343436187Z,69627.28,69626.285,0.0,0.00999999999476131,0.0014362392011524542,3.5042123909379116e-05,7.567822860000995e-07,351,5.85,0.05507122507102275,46.61000000000058,5.464188603999421e-05,1
BTC-USD,2026-04-06T15:04:38.507616084Z,69626.29,69626.285,-1.4218665992105604e-05,0.00999999999476131,0.0014362392011524542,3.4992854231550194e-05,8.220573683857019e-07,351,5.85,0.0550712250709813,46.61000000000058,5.4718465030504955e-05,1
BTC-USD,2026-04-06T15:04:38.588447784Z,69626.29,69626.285,0.0,0.00999999999476131,0.0014362392011524542,3.49928542315502e-05,8.220573683857019e-07,351,5.85,0.05507122507093984,46.61000000000058,5.4801304140088046e-05,1
BTC-USD,2026-04-06T15:04:38.748212746Z,69626.28,69626.285,-1.4362392007910395e-07,0.00999999999476131,0.0014362392011524542,3.499284205517868e-05,8.224679586703034e-07,351,5.85,0.05507122507093984,46.61000000000058,5.480130020511372e-05,1
BTC-USD,2026-04-06T15:04:39.087086382Z,69626.28,69626.285,0.0,0.00999999999476131,0.0014362392011524542,3.503465911419643e-05,9.337072266472598e-07,349,5.816666666666666,0.05532951289372596,46.61000000000058,5.4731233135495685e-05,1
BTC-USD,2026-04-06T15:04:39.341962067Z,69626.28,69626.285,0.0,0.00999999999476131,0.0014362392011524542,3.503465911419643e-05,9.337072266472598e-07,349,5.816666666666666,0.05532951289372596,46.61000000000058,5.4648747695088124e-05,1
BTC-USD,2026-04-06T15:04:39.587742104Z,69626.28,69626.285,0.0,0.00999999999476131,0.0014362392011524542,3.498446578598551e-05,9.31031847774345e-07,350,5.833333333333333,0.05519999999972892,46.61000000000058,5.456664176452449e-05,1
BTC-USD,2026-04-06T15:04:39.839218507Z,69626.28,69626.285,0.0,0.00999999999476131,0.0014362392011524542,3.498446578598551e-05,9.31031847774345e-07,350,5.833333333333333,0.05519999999972892,46.61000000000058,5.4568387772227174e-05,1
BTC-USD,2026-04-06T15:04:40.087171558Z,69626.28,69626.285,0.0,0.00999999999476131,0.0014362392011524542,3.498446578598551e-05,9.31031847774345e-07,350,5.833333333333333,0.05519999999972892,46.61000000000058,5.448780352596493e-05,1
BTC-USD,2026-04-06T15:04:40.340802202Z,69626.28,69626.285,0.0,0.00999999999476131,0.0014362392011524542,3.5034669268014886e-05,9.332943801083632e-07,349,5.816666666666666,0.05532951289372596,46.61000000000058,5.44066722609287e-05,1
BTC-USD,2026-04-06T15:04:40.840626067Z,69626.28,69626.285,0.0,0.00999999999476131,0.0014362392011524542,3.50850793061436e-05,9.359839892729407e-07,348,5.8,0.0554597701147,46.61000000000058,5.44066722609287e-05,1
BTC-USD,2026-04-06T15:04:41.086100481Z,69626.28,69626.285,0.0,0.00999999999476131,0.0014362392011524542,3.5080996629921585e-05,8.307306063166805e-07,347,5.783333333333333,0.055590778097754576,46.61000000000058,5.4333268869620364e-05,1
BTC-USD,2026-04-06T15:04:41.343213328Z,69626.28,69634.64499999999,0.0,0.00999999999476131,0.0014360667731933311,3.4674529973336816e-05,5.123316641100189e-07,345,5.75,0.05585507246344249,46.61000000000058,5.417281532172314e-05,1
BTC-USD,2026-04-06T15:04:41.512925701Z,69632.15,69634.64499999999,8.430369354986013e-05,0.00999999999476131,0.0014360667731933311,3.4916038570235915e-05,7.55205176822338e-07,346,5.766666666666667,0.05572254335226133,46.61000000000058,5.398121866163926e-05,1
BTC-USD,2026-04-06T15:04:41.588112277Z,69632.15,69634.64499999999,0.0,0.00999999999476131,0.0014360667731933311,3.4916038570235915e-05,7.55205176822338e-07,346,5.766666666666667,0.055722543352219274,46.61000000000058,5.4061009942153434e-05,1
BTC-USD,2026-04-06T15:04:41.792502847Z,69634.64,69634.64499999999,3.575870457364976e-05,0.00999999999476131,0.0014360667731933311,3.4916145103512074e-05,8.563713600501628e-07,347,5.783333333333333,0.05559077809758683,46.61000000000058,5.394687515770674e-05,1
BTC-USD,2026-04-06T15:04:41.840481181Z,69634.64,69634.64499999999,0.0,0.00999999999476131,0.0014360667731933311,3.4916171749105e-05,8.530499921243408e-07,347,5.783333333333333,0.05559077809758683,46.61000000000058,5.4026617461108245e-05,1
BTC-USD,2026-04-06T15:04:42.088017102Z,69634.64,69634.715,0.0,0.05000000000291038,0.007180326652146188,3.4916171749105e-05,8.530499921243408e-07,347,5.783333333333333,0.05570605187282645,46.61000000000058,5.3946877745336587e-05,1
BTC-USD,2026-04-06T15:04:42.243698312Z,69634.69,69634.715,7.180331806989803e-07,0.05000000000291038,0.007180326652146188,3.4916142324578313e-05,8.551252325309854e-07,347,5.783333333333333,0.05582132564806608,46.61000000000058,5.3946873719872597e-05,1
BTC-USD,2026-04-06T15:04:42.346179495Z,69634.69,69634.735,0.0,0.010000000009313226,0.0014360649192264787,3.4887143391852076e-05,7.762438660889131e-07,347,5.783333333333333,0.05582132564810801,46.61000000000058,5.413727093402874e-05,1
BTC-USD,2026-04-06T15:04:42.586879632Z,69634.69,69634.735,0.0,0.010000000009313226,0.0014360649192264787,3.4887143391852076e-05,7.762438660889131e-07,347,5.783333333333333,0.05582132564814995,46.61000000000058,5.421705240574814e-05,1
BTC-USD,2026-04-06T15:04:43.086548044Z,69634.69,69634.735,0.0,0.010000000009313226,0.0014360649192264787,3.493764281630209e-05,7.784938483094607e-07,346,5.766666666666667,0.055953757225182865,46.61000000000058,5.413486061493886e-05,1
BTC-USD,2026-04-06T15:04:43.112913884Z,69634.74,69634.735,7.180326651117779e-07,0.010000000009313226,0.0014360649192264787,3.4937617765802016e-05,7.805751024112341e-07,346,5.766666666666667,0.055953757225182865,46.61000000000058,5.4134861858858905e-05,1
BTC-USD,2026-04-06T15:04:43.339382235Z,69634.74,69634.735,0.0,0.010000000009313226,0.0014360649192264787,3.4887118511614184e-05,7.783191050054212e-07,347,5.783333333333333,0.05582132564819189,46.61000000000058,5.4214409362208946e-05,1
BTC-USD,2026-04-06T15:04:43.587894685Z,69634.74,69634.735,0.0,0.010000000009313226,0.0014360649192264787,3.490211305173564e-05,8.625997309800619e-07,346,5.766666666666667,0.055953757225182865,46.61000000000058,5.414466529740984e-05,1
BTC-USD,2026-04-06T15:04:43.755196343Z,69634.74,69634.735,0.0,0.010000000009313226,0.0014360649192264787,3.485167074005141e-05,8.601066681737612e-07,347,5.783333333333333,0.05582132564819189,46.61000000000058,5.414466529740984e-05,1
BTC-USD,2026-04-06T15:04:43.841561587Z,69634.74,69634.735,0.0,0.010000000009313226,0.0014360649192264787,3.485167074005141e-05,8.601066681737612e-07,347,5.783333333333333,0.05582132564819189,46.61000000000058,5.406545151007484e-05,1
BTC-USD,2026-04-06T15:04:44.089313662Z,69634.74,69629.755,0.0,0.00999999999476131,0.0014361676261479463,3.495276382502985e-05,8.655248733235099e-07,345,5.75,0.056086956521545106,46.61000000000058,5.4065621962291096e-05,1
BTC-USD,2026-04-06T15:04:44.270495009Z,69629.75,69629.755,-7.166220193162796e-05,0.00999999999476131,0.0014361676261479463,3.511919019780383e-05,6.55299578236694e-07,346,5.766666666666667,0.05595375722522492,46.61000000000058,5.385244258689651e-05,1
BTC-USD,2026-04-06T15:04:44.342224637Z,69629.75,69631.995,0.0,0.00999999999476131,0.0014361214258993026,3.5068420844734946e-05,6.53405648819825e-07,347,5.783333333333333,0.05582132564819189,46.61000000000058,5.385244258689651e-05,1
BTC-USD,2026-04-06T15:04:44.589283603Z,69629.75,69631.995,0.0,0.00999999999476131,0.0014361214258993026,3.5068420844734946e-05,6.53405648819825e-07,347,5.783333333333333,0.05582132564819189,46.61000000000058,5.384363489599753e-05,1
BTC-USD,2026-04-06T15:04:44.842250323Z,69629.75,69631.995,0.0,0.00999999999476131,0.0014361214258993026,3.49279691240862e-05,8.501694527332963e-07,346,5.766666666666667,0.05595375722522492,46.61000000000058,5.37655537126328e-05,1
BTC-USD,2026-04-06T15:04:45.086999931Z,69629.75,69631.995,0.0,0.00999999999476131,0.0014361214258993026,3.49279691240862e-05,8.501694527332963e-07,346,5.766666666666667,0.05595375722522492,46.61000000000058,5.3765560014439624e-05,1
BTC-USD,2026-04-06T15:04:45.271661101Z,69631.99,69631.995,3.216963970421424e-05,0.00999999999476131,0.0014361214258993026,3.496848019074054e-05,9.438311878568901e-07,346,5.766666666666667,0.05552023121363899,46.61000000000058,5.3738863787052817e-05,1
BTC-USD,2026-04-06T15:04:45.340274022Z,69631.99,69631.995,0.0,0.00999999999476131,0.0014361214258993026,3.496848019074054e-05,9.438311878568901e-07,346,5.766666666666667,0.05508670520205306,46.61000000000058,5.3816904512997624e-05,1
BTC-USD,2026-04-06T15:04:45.587406112Z,69631.99,69631.995,0.0,0.00999999999476131,0.0014361214258993026,3.50192325047561e-05,9.465748831704275e-07,345,5.75,0.05521739130401883,46.61000000000058,5.373885931617957e-05,1
BTC-USD,2026-04-06T15:04:45.840203125Z,69631.99,69631.995,0.0,0.00999999999476131,0.0014361214258993026,3.4997427434334215e-05,8.772519267401284e-07,345,5.75,0.05521739130397665,46.61000000000058,5.3738859316179574e-05,1
BTC-USD,2026-04-06T15:04:46.088483142Z,69631.99,69631.995,0.0,0.00999999999476131,0.0014361214258993026,3.504838451389756e-05,8.793906918681014e-07,344,5.733333333333333,0.05534883720886069,46.61000000000058,5.358379657108445e-05,1
BTC-USD,2026-04-06T15:04:46.263735508Z,69632.0,69631.995,1.4361214252420112e-07,0.00999999999476131,0.0014361214258993026,3.499742743697549e-05,8.772518007362877e-07,345,5.75,0.05521739130389229,46.61000000000058,5.366116714150554e-05,1
BTC-USD,2026-04-06T15:04:46.340679083Z,69632.0,69632.10500000001,0.0,0.00999999999476131,0.00143611915721366,3.504837486384454e-05,8.798093861611749e-07,344,5.733333333333333,0.055348837208776085,46.61000000000058,5.366116714150554e-05,1
BTC-USD,2026-04-06T15:04:46.589645751Z,69632.0,69634.735,0.0,0.010000000009313226,0.0014360649192264787,3.499742743697549e-05,8.772518007362877e-07,345,5.75,0.05521739130385011,46.61000000000058,5.358379657195169e-05,1
BTC-USD,2026-04-06T15:04:46.842459765Z,69632.0,69634.735,0.0,0.010000000009313226,0.0014360649192264787,3.46576542004844e-05,5.958628242004107e-07,344,5.733333333333333,0.04767441860416892,46.61000000000058,5.3506769627859644e-05,1
BTC-USD,2026-04-06T15:04:47.008428546Z,69632.11,69634.735,1.5797322080478233e-06,0.010000000009313226,0.0014360649192264787,3.1426176634112874e-05,1.3866242115630211e-06,344,5.733333333333333,0.04206395348795246,46.61000000000058,5.3583789582566896e-05,1
BTC-USD,2026-04-06T15:04:47.089410564Z,69632.11,69634.35500000001,0.0,0.00999999999476131,0.001436072753852794,2.743027070020099e-05,5.535041147393785e-07,343,5.716666666666667,0.033935860057883085,46.61000000000058,5.366115586773698e-05,1
BTC-USD,2026-04-06T15:04:47.23782716Z,69634.34,69634.35500000001,3.202494211893522e-05,0.00999999999476131,0.001436072753852794,2.7442764107148732e-05,6.452575783084626e-07,344,5.733333333333333,0.0338662790693275,46.61000000000058,5.371222452170293e-05,1
BTC-USD,2026-04-06T15:04:47.346344876Z,69634.34,69633.38500000001,0.0,0.00999999999476131,0.0014360927584895248,2.7482833608415554e-05,6.47144296373692e-07,343,5.716666666666667,0.03134110787121101,46.61000000000058,5.3712224521702937e-05,1
BTC-USD,2026-04-06T15:04:47.589685414Z,69634.34,69633.995,0.0,0.00999999999476131,0.0014360801781890169,2.7446568008151694e-05,5.69025832883887e-07,343,5.716666666666667,0.03134110787121101,46.61000000000058,5.3712224521702937e-05,1
BTC-USD,2026-04-06T15:04:47.767676388Z,69633.36,69633.995,-1.4073615059525013e-05,0.00999999999476131,0.0014360801781890169,2.7457938308017935e-05,5.278749116572057e-07,343,5.716666666666667,0.03134110787121101,46.61000000000058,5.378444147207976e-05,1
BTC-USD,2026-04-06T15:04:47.841496757Z,69633.36,69633.995,0.0,0.00999999999476131,0.0014360801781890169,2.7457938308017935e-05,5.278749116572057e-07,343,5.716666666666667,0.03134110787121101,46.61000000000058,5.378444147207976e-05,1
BTC-USD,2026-04-06T15:04:48.089794644Z,69633.36,69632.10500000001,0.0,0.00999999999476131,0.00143611915721366,2.7457938308017935e-05,5.278749116572057e-07,343,5.716666666666667,0.03134110787121101,46.61000000000058,5.378444147207976e-05,1
BTC-USD,2026-04-06T15:04:48.251325049Z,69633.99,69632.10500000001,9.04734670415762e-06,0.00999999999476131,0.00143611915721366,2.7421730355811888e-05,5.527130218394226e-07,344,5.733333333333333,0.03127906976691901,46.61000000000058,5.386084757388738e-05,1
BTC-USD,2026-04-06T15:04:48.345823417Z,69633.99,69632.10500000001,0.0,0.00999999999476131,0.00143611915721366,2.7421720815303408e-05,5.531317835488628e-07,344,5.733333333333333,0.03127906976691901,46.61000000000058,5.386084757388738e-05,1
BTC-USD,2026-04-06T15:04:48.588889002Z,69633.99,69632.10500000001,0.0,0.00999999999476131,0.00143611915721366,2.7461765451646942e-05,5.547491279452045e-07,343,5.716666666666667,0.03134110787121101,46.61000000000058,5.393952522684325e-05,1
BTC-USD,2026-04-06T15:04:48.739595026Z,69632.1,69632.10500000001,-2.714228567938956e-05,0.00999999999476131,0.00143611915721366,2.746233558149579e-05,4.7399975532906816e-07,344,5.733333333333333,0.03127906976691901,46.61000000000058,5.39976457195045e-05,1
BTC-USD,2026-04-06T15:04:48.83937948Z,69632.1,69632.10500000001,0.0,0.00999999999476131,0.00143611915721366,2.7422402218989217e-05,4.726218490635767e-07,345,5.75,0.031217391303811303,46.61000000000058,5.4076984129597464e-05,1
BTC-USD,2026-04-06T15:04:49.08801161Z,69632.1,69632.10500000001,0.0,0.00999999999476131,0.00143611915721366,2.7408021245512252e-05,5.657100187506082e-07,344,5.733333333333333,0.03127906976691901,46.61000000000058,5.4076984129597464e-05,1
BTC-USD,2026-04-06T15:04:49.341295793Z,69632.1,69632.10500000001,0.0,0.00999999999476131,0.00143611915721366,2.7438126066282526e-05,6.05584336874683e-07,343,5.716666666666667,0.03134110787121101,46.61000000000058,5.4156673284822136e-05,1
BTC-USD,2026-04-06T15:04:49.639270799Z,69632.1,69632.10500000001,0.0,0.00999999999476131,0.00143611915721366,2.6209432091066587e-05,3.345503365739784e-07,341,5.683333333333334,0.03146627565921466,46.61000000000058,5.399764119461713e-05,1
BTC-USD,2026-04-06T15:04:49.905081026Z,69632.1,69632.10500000001,0.0,0.00999999999476131,0.00143611915721366,2.624769757465923e-05,3.2706357908935936e-07,340,5.666666666666667,0.03152941176402451,46.61000000000058,5.525881826323432e-05,1
BTC-USD,2026-04-06T15:04:50.088577327Z,69632.1,69631.995,0.0,0.00999999999476131,0.0014361214258993026,2.624769757465923e-05,3.2706357908935936e-07,340,5.666666666666667,0.03152941176398171,46.61000000000058,5.525877480501173e-05,1
BTC-USD,2026-04-06T15:04:50.338517571Z,69632.1,69631.995,0.0,0.00999999999476131,0.0014361214258993026,2.6286484348368144e-05,3.284561573126183e-07,339,5.65,0.031592920353185595,46.61000000000058,5.517985753469747e-05,1
BTC-USD,2026-04-06T15:04:50.511495443Z,69631.99,69631.995,-1.5797324349723026e-06,0.00999999999476131,0.0014361214258993026,2.6286682771015065e-05,3.2378239271210854e-07,339,5.65,0.03159292035314267,46.61000000000058,5.5239850900496165e-05,1
BTC-USD,2026-04-06T15:04:50.588912091Z,69631.99,69631.995,0.0,0.00999999999476131,0.0014361214258993026,2.6286682771015065e-05,3.2378239271210854e-07,339,5.65,0.03159292035309974,46.61000000000058,5.5320283269143994e-05,1
BTC-USD,2026-04-06T15:04:50.763415331Z,69632.0,69631.995,1.4361214252420112e-07,0.00999999999476131,0.0014361214258993026,2.6247885036793792e-05,3.2325091704783743e-07,340,5.666666666666667,0.03152941176381051,46.61000000000058,5.524543641048388e-05,1
BTC-USD,2026-04-06T15:04:50.843730455Z,69632.0,69631.995,0.0,0.00999999999476131,0.0014361214258993026,2.6247885036793792e-05,3.2325091704783743e-07,340,5.666666666666667,0.03152941176376771,46.61000000000058,5.532587923936181e-05,1
BTC-USD,2026-04-06T15:04:51.018221741Z,69631.99,69631.995,-1.4361214260952267e-07,0.00999999999476131,0.0014361214258993026,2.620926897552956e-05,3.2187779040178637e-07,341,5.683333333333334,0.03146627565887326,46.61000000000058,5.5325870438569065e-05,1
BTC-USD,2026-04-06T15:04:51.340661965Z,69631.99,69631.995,0.0,0.00999999999476131,0.0014361214258993026,2.6247736491610412e-05,3.16895753896093e-07,340,5.666666666666667,0.03152941176372491,46.61000000000058,5.525624882915264e-05,1
BTC-USD,2026-04-06T15:04:51.513353947Z,69632.0,69631.995,1.4361214252420112e-07,0.00999999999476131,0.0014361214258993026,2.6247732532479778e-05,3.1731938853480743e-07,340,5.666666666666667,0.03152941176372491,46.61000000000058,5.525625519394462e-05,1
BTC-USD,2026-04-06T15:04:51.587789485Z,69632.0,69631.995,0.0,0.00999999999476131,0.0014361214258993026,2.6209110135105343e-05,3.1638609621558737e-07,341,5.683333333333334,0.03146627565883059,46.61000000000058,5.5256255193944624e-05,1
BTC-USD,2026-04-06T15:04:51.743968753Z,69631.99,69631.995,-1.4361214260952267e-07,0.00999999999476131,0.0014361214258993026,2.6209116387844945e-05,3.159637075608535e-07,341,5.683333333333334,0.03146627565883059,46.61000000000058,5.5336481631518454e-05,1
BTC-USD,2026-04-06T15:04:51.840998157Z,69631.99,69631.995,0.0,0.00999999999476131,0.0014361214258993026,2.6209116387844945e-05,3.159637075608535e-07,341,5.683333333333334,0.031466275658787915,46.61000000000058,5.5256255191420364e-05,1
BTC-USD,2026-04-06T15:04:52.087775868Z,69631.99,69631.995,0.0,0.00999999999476131,0.0014361214258993026,2.620911638784494e-05,3.159637075608535e-07,341,5.683333333333334,0.03146627565874524,46.61000000000058,5.5336489106585935e-05,1
BTC-USD,2026-04-06T15:04:52.34040101Z,69631.99,69631.995,0.0,0.00999999999476131,0.0014361214258993026,2.61706639596904e-05,3.15037127773285e-07,342,5.7,0.031403508770838855,46.61000000000058,5.541707354670505e-05,1
BTC-USD,2026-04-06T15:04:52.587313917Z,69631.99,69631.995,0.0,0.00999999999476131,0.0014361214258993026,2.6185436981051547e-05,2.5471140611365716e-07,341,5.683333333333334,0.03146627565865989,46.61000000000058,5.541707354670505e-05,1
BTC-USD,2026-04-06T15:04:52.849705072Z,69631.99,69633.02,0.0,0.059999999997671694,0.008616601721090323,2.6185436981051547e-05,2.5471140611365716e-07,341,5.683333333333334,0.031612903224608156,46.61000000000058,5.5336489106585935e-05,1
BTC-USD,2026-04-06T15:04:53.093522556Z,69631.99,69645.095,0.0,0.010000000009313226,0.0014358512985463263,2.6185424115449345e-05,2.555562567679953e-07,341,5.683333333333334,0.03161290322465083,46.61000000000058,5.526498179107957e-05,1
BTC-USD,2026-04-06T15:04:53.320712504Z,69642.53,69645.095,0.00015135575437803613,0.010000000009313226,0.0014358512985463263,2.7434082211557734e-05,7.007202402328074e-07,341,5.683333333333334,0.031612903224693505,54.39999999999418,5.642144602772716e-05,1
BTC-USD,2026-04-06T15:04:53.343588166Z,69642.53,69645.09,0.0,0.020000000004074536,0.0028717028011701236,2.7434091892121766e-05,7.002978148756627e-07,341,5.683333333333334,0.0316422287379173,54.39999999999418,5.650339171888221e-05,1
BTC-USD,2026-04-06T15:04:53.548053927Z,69627.0,69645.09,-0.00022302078659080967,0.020000000004074536,0.0028717028011701236,2.9990113050164664e-05,4.435432490269306e-08,341,5.683333333333334,0.03167155425114109,54.39999999999418,5.5456365820940644e-05,1
BTC-USD,2026-04-06T15:04:53.589883934Z,69627.0,69645.08499999999,0.0,0.00999999999476131,0.001435851502623812,2.9946107087213836e-05,4.4224253568667564e-08,342,5.7,0.03160818713343238,54.39999999999418,5.5536912509421017e-05,1
BTC-USD,2026-04-06T15:04:53.747616469Z,69645.08,69645.08499999999,0.0002596356728724384,0.00999999999476131,0.001435851502623812,3.2930384095124424e-05,9.690441210136758e-07,342,5.7,0.03160818713343238,56.94999999999709,5.373840171398151e-05,1
BTC-USD,2026-04-06T15:04:53.840990164Z,69645.08,69645.08499999999,0.0,0.00999999999476131,0.001435851502623812,3.2930384095124424e-05,9.690441210136758e-07,342,5.7,0.03160818713343238,56.94999999999709,5.3758618012607245e-05,1
BTC-USD,2026-04-06T15:04:54.013520555Z,69645.09,69645.08499999999,1.4358515034181328e-07,0.00999999999476131,0.001435851502623812,3.2930186391045595e-05,9.732560844277368e-07,342,5.7,0.03160818713338983,56.95999999999185,5.375861094831537e-05,1
BTC-USD,2026-04-06T15:04:54.088014866Z,69645.09,69645.08499999999,0.0,0.00999999999476131,0.001435851502623812,3.2930186391045595e-05,9.732560844277368e-07,342,5.7,0.03160818713334728,56.95999999999185,5.4306613601721996e-05,1
BTC-USD,2026-04-06T15:04:54.266153064Z,69645.08,69645.08499999999,-1.4358515030836043e-07,0.00999999999476131,0.001435851502623812,3.293019975115096e-05,9.728350136057182e-07,342,5.7,0.03160818713334728,56.95999999999185,5.4306622703614595e-05,1
BTC-USD,2026-04-06T15:04:54.340676348Z,69645.08,69645.08499999999,0.0,0.00999999999476131,0.001435851502623812,3.2926075334604565e-05,9.416655977990758e-07,342,5.7,0.03160818713334728,56.95999999999185,5.431086716944357e-05,1
BTC-USD,2026-04-06T15:04:54.513525744Z,69645.09,69645.08499999999,1.4358515034181328e-07,0.00999999999476131,0.001435851502623812,3.2926064207652564e-05,9.420866686211927e-07,342,5.7,0.03160818713334728,56.95999999999185,5.427831723842478e-05,1
BTC-USD,2026-04-06T15:04:54.594257662Z,69645.09,69650.275,0.0,0.00999999999476131,0.0014357445099479236,3.2926064207652564e-05,9.420866686211927e-07,342,5.7,0.03160818713334728,56.95999999999185,5.427831723842478e-05,1
BTC-USD,2026-04-06T15:04:54.77113518Z,69650.27,69650.275,7.437433669577971e-05,0.00999999999476131,0.0014357445099479236,3.311610770120455e-05,1.1568008499871533e-06,343,5.716666666666667,0.03154518950320563,62.13999999999942,5.420386749415913e-05,1
BTC-USD,2026-04-06T15:04:55.087284358Z,69650.27,69650.275,0.0,0.00999999999476131,0.0014357445099479236,3.316458397942191e-05,1.1597720217938822e-06,342,5.7,0.03160818713334728,62.13999999999942,5.420386749415913e-05,1
BTC-USD,2026-04-06T15:04:55.59164419Z,69650.27,69660.63500000001,0.0,0.00999999999476131,0.0014355309845741873,3.325239341729349e-05,1.2741790999203836e-06,339,5.65,0.031799410028379015,62.13999999999942,5.575731623319168e-05,1
BTC-USD,2026-04-06T15:04:55.758637894Z,69644.5,69660.63500000001,-8.284589584099038e-05,0.00999999999476131,0.0014355309845741873,3.351525153974322e-05,1.026037285935396e-06,340,5.666666666666667,0.03173529411651543,62.13999999999942,5.558666492873275e-05,1
BTC-USD,2026-04-06T15:04:55.8439525Z,69644.5,69660.63500000001,0.0,0.00999999999476131,0.0014355309845741873,3.351525153974322e-05,1.026037285935396e-06,340,5.666666666666667,0.03173529411651543,62.13999999999942,5.728952590898974e-05,1
BTC-USD,2026-04-06T15:04:56.017082412Z,69683.823,69660.63500000001,0.0005644652888573125,0.00999999999476131,0.0014355309845741873,4.528729565582247e-05,2.683211555262976e-06,341,5.683333333333334,0.03167155425105574,95.6929999999993,4.8566685799008194e-05,1
BTC-USD,2026-04-06T15:04:56.089506594Z,69683.823,69660.63500000001,0.0,0.00999999999476131,0.0014355309845741873,4.528729565582247e-05,2.683211555262976e-06,341,5.683333333333334,0.03167155425105574,95.6929999999993,4.882548213693284e-05,1
BTC-USD,2026-04-06T15:04:56.269552223Z,69660.64,69660.63500000001,-0.00033274375909582156,0.00999999999476131,0.0014355309845741873,4.8722706259071115e-05,1.6995547498345753e-06,342,5.7,0.03160818713334728,95.6929999999993,4.548694366345171e-05,0
BTC-USD,2026-04-06T15:04:56.341138335Z,69660.64,69660.63500000001,0.0,0.00999999999476131,0.0014355309845741873,4.8722720329466226e-05,1.6991335290197216e-06,342,5.7,0.03160818713334728,95.6929999999993,4.548694366345171e-05,0
BTC-USD,2026-04-06T15:04:56.465335824Z,69660.63,69660.63500000001,-1.4355309849810474e-07,0.00999999999476131,0.0014355309845741873,4.8651537872747446e-05,1.6937455564246403e-06,343,5.716666666666667,0.03154518950320563,95.6929999999993,4.5552550303113395e-05,0
BTC-USD,2026-04-06T15:04:56.590624698Z,69660.63,69657.155,0.0,0.010000000009313226,0.0014356027043184905,4.872272032023842e-05,1.6991337730060804e-06,342,5.7,0.03160818713338983,95.6929999999993,4.548699240487064e-05,0
BTC-USD,2026-04-06T15:04:56.784346998Z,69660.6,69657.155,-4.306594192672767e-07,0.010000000009313226,0.0014356027043184905,4.872276992822928e-05,1.6978708421577893e-06,342,5.7,0.03160818713343238,95.6929999999993,4.555262529220575e-05,0
BTC-USD,2026-04-06T15:04:56.845191675Z,69660.6,69655.225,0.0,0.00999999999476131,0.0014356424797653457,4.8651572036309894e-05,1.6929063075315969e-06,343,5.716666666666667,0.03154518950329048,95.6929999999993,4.555262529220575e-05,0
BTC-USD,2026-04-06T15:04:57.023965555Z,69657.15,69655.225,-4.9527070322618004e-05,0.00999999999476131,0.0014356424797653457,4.8659028006053195e-05,1.5435769296011316e-06,344,5.733333333333333,0.03148255813844011,95.6929999999993,4.547989597872413e-05,0
BTC-USD,2026-04-06T15:04:57.089373039Z,69657.15,69653.67499999999,0.0,0.00999999999476131,0.0014356744270508787,4.8659028006053195e-05,1.5435769296011316e-06,344,5.733333333333333,0.03148255813844011,95.6929999999993,4.547989597872413e-05,0
BTC-USD,2026-04-06T15:04:57.258736484Z,69653.68,69653.67499999999,-4.9816658198371164e-05,0.00999999999476131,0.0014356744270508787,4.866686861710554e-05,1.3942739205081888e-06,345,5.75,0.03142028985396567,95.6929999999993,4.5471430875384775e-05,0
BTC-USD,2026-04-06T15:04:57.339740824Z,69653.68,69653.67499999999,0.0,0.00999999999476131,0.0014356744270508787,4.859634354668695e-05,1.3902325468255564e-06,346,5.766666666666667,0.03135838150177144,95.6929999999993,4.550543322163604e-05,0
BTC-USD,2026-04-06T15:04:57.484646375Z,69652.0,69653.67499999999,-2.4119619531331923e-05,0.00999999999476131,0.0014356744270508787,4.868620853298992e-05,1.3237412000744767e-06,345,5.75,0.03142028985396567,95.6929999999993,4.5489205176548106e-05,0
BTC-USD,2026-04-06T15:04:57.58812261Z,69652.0,69653.67499999999,0.0,0.00999999999476131,0.0014356744270508787,4.868535978560038e-05,1.3358500983797634e-06,345,5.75,0.03142028985396567,95.6929999999993,4.5499578189147485e-05,0
BTC-USD,2026-04-06T15:04:57.780576491Z,69653.68,69653.67499999999,2.4119619531262287e-05,0.00999999999476131,0.0014356744270508787,4.8700751184059737e-05,1.4059652714357583e-06,345,5.75,0.03142028985396567,95.6929999999993,4.5425035651235924e-05,0
BTC-USD,2026-04-06T15:04:57.8471784Z,69653.68,69653.67499999999,0.0,0.00999999999476131,0.0014356744270508787,4.870058140826882e-05,1.3938563731306344e-06,345,5.75,0.03142028985396567,95.6929999999993,4.5425035651235924e-05,0
BTC-USD,2026-04-06T15:04:58.090508048Z,69653.68,69650.455,0.0,0.010000000009313226,0.0014357408015946522,4.870058140826882e-05,1.3938563731306344e-06,345,5.75,0.031420289854007855,95.6929999999993,4.5428911294141276e-05,0
BTC-USD,2026-04-06T15:04:58.231646895Z,69650.45,69650.455,-4.6373355916604116e-05,0.010000000009313226,0.0014357408015946522,4.869770501621212e-05,1.2554006853343018e-06,346,5.766666666666667,0.031358381501855555,95.6929999999993,4.5429732189119015e-05,0
BTC-USD,2026-04-06T15:04:58.343752581Z,69650.45,69654.61499999999,0.0,0.00999999999476131,0.0014356550523983674,4.869770501621212e-05,1.2554006853343018e-06,346,5.766666666666667,0.031358381501855555,95.6929999999993,4.536454352616283e-05,0
BTC-USD,2026-04-06T15:04:58.502665079Z,69654.62,69654.61499999999,5.986860350807436e-05,0.00999999999476131,0.0014356550523983674,4.872897536283439e-05,1.4248030056312383e-06,347,5.783333333333333,0.031296829970134825,95.6929999999993,4.5311100646393035e-05,0
BTC-USD,2026-04-06T15:04:58.58825312Z,69654.62,69654.61499999999,0.0,0.00999999999476131,0.0014356550523983674,4.872897536283439e-05,1.4248030056312383e-06,347,5.783333333333333,0.031296829970134825,95.6929999999993,4.5311100646393035e-05,0
BTC-USD,2026-04-06T15:04:58.742267284Z,69654.61,69654.61499999999,-1.4356550524218602e-07,0.00999999999476131,0.0014356550523983674,4.865878267204671e-05,1.420283211651776e-06,348,5.8,0.03123563218284927,95.6929999999993,4.5376676196752137e-05,0
BTC-USD,2026-04-06T15:04:58.841284699Z,69654.61,69654.61499999999,0.0,0.00999999999476131,0.0014356550523983674,4.858887980923228e-05,1.4162019380550753e-06,349,5.816666666666666,0.031174785099215778,95.6929999999993,4.544252564847592e-05,0
BTC-USD,2026-04-06T15:04:59.087799719Z,69654.61,69654.61499999999,0.0,0.00999999999476131,0.0014356550523983674,4.858887980923228e-05,1.4162019380550753e-06,349,5.816666666666666,0.031174785099215778,95.6929999999993,4.544252564847592e-05,0
BTC-USD,2026-04-06T15:04:59.342425071Z,69654.61,69652.185,0.0,0.010000000009313226,0.0014357051410968983,4.858887980923228e-05,1.4162019380550753e-06,349,5.816666666666666,0.031174785099257474,95.6929999999993,4.537664536874901e-05,0
BTC-USD,2026-04-06T15:04:59.484603611Z,69653.56,69652.185,-1.5074492759762578e-05,0.010000000009313226,0.0014357051410968983,4.852722450134743e-05,1.3689506638492941e-06,350,5.833333333333333,0.031114285713286206,95.6929999999993,4.5370652705803476e-05,0
BTC-USD,2026-04-06T15:04:59.587377547Z,69653.56,69652.185,0.0,0.010000000009313226,0.0014357051410968983,4.8457905396192434e-05,1.3650393762382962e-06,351,5.85,0.031054131053160926,95.6929999999993,4.53707106554218e-05,0
BTC-USD,2026-04-06T15:04:59.737060242Z,69652.18,69652.185,-1.9812536081403582e-05,0.010000000009313226,0.0014357051410968983,4.8540368060558166e-05,1.312592784813313e-06,350,5.833333333333333,0.03111428571336936,95.6929999999993,4.535976794048792e-05,0
BTC-USD,2026-04-06T15:04:59.840888861Z,69652.18,69652.185,0.0,0.010000000009313226,0.0014357051410968983,4.8471025709175746e-05,1.3088425197138464e-06,351,5.85,0.031054131053243842,95.6929999999993,4.542560118076621e-05,0
BTC-USD,2026-04-06T15:05:00.089577467Z,69652.18,69650.445,0.0,0.00999999999476131,0.0014357410056405685,4.840197968812328e-05,1.3051136236462857e-06,352,5.866666666666666,0.03099431818091861,95.6929999999993,4.542560118076621e-05,0
BTC-USD,2026-04-06T15:05:00.342057008Z,69652.18,69646.005,0.0,0.00999999999476131,0.0014358325355146083,4.847103618094614e-05,1.3084321302913748e-06,351,5.85,0.031054131053243842,95.6929999999993,4.529820688594689e-05,0
BTC-USD,2026-04-06T15:05:00.508754398Z,69647.69,69646.005,-6.4465243241683e-05,0.00999999999476131,0.0014358325355146083,4.852873331733783e-05,1.1210427417672315e-06,352,5.866666666666666,0.03099431818091861,95.6929999999993,4.517256922323684e-05,0
BTC-USD,2026-04-06T15:05:00.592627986Z,69647.69,69639.92499999999,0.0,0.00999999999476131,0.001435957892654438,4.85820081380396e-05,1.0544803759430463e-06,351,5.85,0.031054131053243842,95.6929999999993,4.517256922323684e-05,0
BTC-USD,2026-04-06T15:05:00.763944466Z,69640.0,69639.92499999999,-0.0001104189466823974,0.00999999999476131,0.001435957892654438,4.894499559700811e-05,7.389976711361967e-07,351,5.85,0.031054131053243842,95.6929999999993,4.485207947627058e-05,0
BTC-USD,2026-04-06T15:05:00.853504519Z,69640.0,69639.92499999999,0.0,0.00999999999476131,0.001435957892654438,4.89259034455189e-05,6.638992329298151e-07,351,5.85,0.031054131053243842,95.6929999999993,4.485207947627058e-05,0
BTC-USD,2026-04-06T15:05:00.99340571Z,69639.92,69639.92499999999,-1.148765737449848e-06,0.00999999999476131,0.001435957892654438,4.885625424506341e-05,6.587349452649159e-07,352,5.866666666666666,0.03099431818091861,95.6929999999993,4.491721874606408e-05,0
BTC-USD,2026-04-06T15:05:01.341788824Z,69639.92,69639.92499999999,0.0,0.00999999999476131,0.001435957892654438,4.892599134223087e-05,6.602066765519039e-07,351,5.85,0.031054131053243842,95.6929999999993,4.479542651623801e-05,0
BTC-USD,2026-04-06T15:05:01.840172877Z,69639.92,69639.92499999999,0.0,0.00999999999476131,0.001435957892654438,4.906634998520919e-05,6.644136947926828e-07,349,5.816666666666666,0.03117478509942426,95.6929999999993,4.811098865325513e-05,1
BTC-USD,2026-04-06T15:05:02.086971112Z,69639.92,69638.10500000001,0.0,0.00999999999476131,0.001435995421581519,4.906320393713163e-05,8.087192051497733e-07,348,5.8,0.031235632182974715,95.6929999999993,4.811098865325513e-05,1
BTC-USD,2026-04-06T15:05:02.240163954Z,69638.1,69638.10500000001,-2.613477704665074e-05,0.00999999999476131,0.001435995421581519,4.890562706462679e-05,9.556955295752556e-07,348,5.8,0.0312356321829329,95.6929999999993,4.816069585127178e-05,1
BTC-USD,2026-04-06T15:05:02.340795188Z,69638.1,69638.10500000001,0.0,0.00999999999476131,0.001435995421581519,4.890562706462679e-05,9.556955295752556e-07,348,5.8,0.031235632182891084,95.6929999999993,4.816069585127178e-05,1
BTC-USD,2026-04-06T15:05:02.551995761Z,69638.11,69638.10500000001,1.4359954216081494e-07,0.00999999999476131,0.001435995421581519,4.897622192064754e-05,9.584575177259093e-07,347,5.783333333333333,0.031296829970092886,95.6929999999993,4.823022871081435e-05,1
BTC-USD,2026-04-06T15:05:02.599877669Z,69638.11,69638.10500000001,0.0,0.00999999999476131,0.001435995421581519,4.890562706690604e-05,9.556953923145955e-07,348,5.8,0.031235632182807452,95.6929999999993,4.823022871081435e-05,1
BTC-USD,2026-04-06T15:05:02.839682811Z,69638.11,69638.10500000001,0.0,0.00999999999476131,0.001435995421581519,4.890562706690604e-05,9.556953923145955e-07,348,5.8,0.03123563218276564,95.6929999999993,4.8300068758122034e-05,1
BTC-USD,2026-04-06T15:05:02.850343458Z,69638.1,69638.10500000001,-1.435995421314952e-07,0.00999999999476131,0.001435995421581519,4.8835345261296335e-05,9.525364988248078e-07,349,5.816666666666666,0.031174785099132386,95.6929999999993,4.830007266467396e-05,1
BTC-USD,2026-04-06T15:05:03.028922775Z,69638.11,69638.10500000001,1.4359954216081494e-07,0.00999999999476131,0.001435995421581519,4.8835337817621176e-05,9.529491411873389e-07,349,5.816666666666666,0.03117478509909069,95.6929999999993,4.837021184426437e-05,1
BTC-USD,2026-04-06T15:05:03.087284391Z,69638.11,69638.10500000001,0.0,0.00999999999476131,0.001435995421581519,4.876534956312815e-05,9.502186278888078e-07,350,5.833333333333333,0.03111428571307832,95.6929999999993,4.844066266189147e-05,1
BTC-USD,2026-04-06T15:05:03.263129319Z,69638.1,69638.10500000001,-1.435995421314952e-07,0.00999999999476131,0.001435995421581519,4.876535818472144e-05,9.498071678827003e-07,350,5.833333333333333,0.031114285713036743,95.6929999999993,4.844066660628099e-05,1
BTC-USD,2026-04-06T15:05:03.339875668Z,69638.1,69638.10500000001,0.0,0.00999999999476131,0.001435995421581519,4.869566994556849e-05,9.470934331173212e-07,351,5.85,0.031054131052870717,95.6929999999993,4.851142617559271e-05,1
BTC-USD,2026-04-06T15:05:03.58739395Z,69638.1,69638.10500000001,0.0,0.00999999999476131,0.001435995421581519,4.869566994556849e-05,9.470934331173212e-07,351,5.85,0.031054131052870717,95.6929999999993,4.8511426175592704e-05,1
BTC-USD,2026-04-06T15:05:03.762654938Z,69638.1,69638.10500000001,0.0,0.00999999999476131,0.001435995421581519,4.869447457264485e-05,8.065751831286147e-07,350,5.833333333333333,0.0292857142844254,95.6929999999993,4.844250922998425e-05,1
BTC-USD,2026-04-06T15:05:04.087179284Z,69638.1,69638.10500000001,0.0,0.00999999999476131,0.001435995421581519,4.8736098124734435e-05,7.176747327860681e-07,349,5.816666666666666,0.029340974210756817,95.6929999999993,4.837816891749691e-05,1
BTC-USD,2026-04-06T15:05:04.339562619Z,69638.1,69638.10500000001,0.0,0.00999999999476131,0.001435995421581519,4.880626704355089e-05,7.189150899389362e-07,348,5.8,0.02939655172287175,95.6929999999993,4.8448633176845374e-05,1
BTC-USD,2026-04-06T15:05:04.59156788Z,69638.1,69638.10500000001,0.0,0.00999999999476131,0.001435995421581519,4.880626033544633e-05,7.193290247808032e-07,348,5.8,0.02939655172287175,95.6929999999993,4.837816891749691e-05,1
BTC-USD,2026-04-06T15:05:04.839755279Z,69638.1,69638.10500000001,0.0,0.00999999999476131,0.001435995421581519,4.880626033544633e-05,7.193290247808032e-07,348,5.8,0.02939655172287175,95.6929999999993,4.844863317684537e-05,1
BTC-USD,2026-04-06T15:05:05.088170304Z,69638.1,69638.10500000001,0.0,0.00999999999476131,0.001435995421581519,4.887672338378911e-05,7.21408010401557e-07,347,5.783333333333333,0.029452449566468607,95.6929999999993,4.83781689174969e-05,1
BTC-USD,2026-04-06T15:05:05.340322961Z,69638.1,69638.10500000001,0.0,0.00999999999476131,0.001435995421581519,4.880626033544633e-05,7.193290247808032e-07,348,5.8,0.02939655172287175,95.6929999999993,4.844863317684537e-05,1
BTC-USD,2026-04-06T15:05:05.589767995Z,69638.1,69630.905,0.0,0.010000000009313226,0.0014361439089888644,4.894749804604044e-05,7.230827136486718e-07,346,5.766666666666667,0.02950867051903005,95.6929999999993,4.83781689174969e-05,1
BTC-USD,2026-04-06T15:05:05.755249629Z,69637.33,69630.905,-1.1057226676852403e-05,0.010000000009313226,0.0014361439089888644,4.888080449151327e-05,6.890355766819058e-07,347,5.783333333333333,0.02945244956655248,95.6929999999993,4.844525404678676e-05,1
BTC-USD,2026-04-06T15:05:05.844409241Z,69637.33,69629.85500000001,0.0,0.00999999999476131,0.0014361655635734569,4.8880798028033236e-05,6.894507078672464e-07,347,5.783333333333333,0.02945244956655248,95.6929999999993,4.844525404678676e-05,1
BTC-USD,2026-04-06T15:05:05.998027812Z,69630.9,69629.85500000001,-9.233979644283208e-05,0.00999999999476131,0.0014361655635734569,4.913524857891139e-05,4.225726834659976e-07,347,5.783333333333333,0.02945244956655248,95.6929999999993,4.826007715919814e-05,1
BTC-USD,2026-04-06T15:05:06.089921976Z,69630.9,69629.85500000001,0.0,0.00999999999476131,0.0014361655635734569,4.9135251540597084e-05,4.221575522806018e-07,347,5.783333333333333,0.02945244956655248,95.6929999999993,4.8260077159198134e-05,1
BTC-USD,2026-04-06T15:05:06.275695805Z,69629.85,69629.85500000001,-1.5079625809977858e-05,0.00999999999476131,0.0014361655635734569,4.9142293936863644e-05,3.7857481872575253e-07,347,5.783333333333333,0.02945244956655248,95.6929999999993,4.832401943803595e-05,1
BTC-USD,2026-04-06T15:05:06.341680403Z,69629.85,69629.85500000001,0.0,0.00999999999476131,0.0014361655635734569,4.9071436821654564e-05,3.7748382501184546e-07,348,5.8,0.02939655172295538,95.6929999999993,4.8324019438035945e-05,1
BTC-USD,2026-04-06T15:05:06.588367665Z,69629.85,69629.85500000001,0.0,0.00999999999476131,0.0014361655635734569,4.9142296526451036e-05,3.781596875993982e-07,347,5.783333333333333,0.02945244956655248,95.6929999999993,4.825332069398756e-05,1
BTC-USD,2026-04-06T15:05:06.842612055Z,69629.85,69628.91500000001,0.0,0.00999999999476131,0.0014361849520075545,4.9219906930331315e-05,2.429893466653566e-07,345,5.75,0.029565217390030527,95.6929999999993,4.8182929248695516e-05,1
BTC-USD,2026-04-06T15:05:07.008044967Z,69628.91,69628.91500000001,-1.3500048399309047e-05,0.00999999999476131,0.0014361849520075545,4.915407487746027e-05,2.0315445464803952e-07,346,5.766666666666667,0.029508670518945936,95.6929999999993,4.8247881208564134e-05,1
BTC-USD,2026-04-06T15:05:07.339154589Z,69628.91,69628.91500000001,0.0,0.00999999999476131,0.0014361849520075545,4.922460491385352e-05,1.8746159371265558e-07,345,5.75,0.029565217390030527,95.6929999999993,4.8318573908626596e-05,1
BTC-USD,2026-04-06T15:05:07.586598426Z,69628.91,69628.91500000001,0.0,0.00999999999476131,0.0014361849520075545,4.922460491385352e-05,1.8746159371265558e-07,345,5.75,0.029565217390030527,95.6929999999993,4.838957825847073e-05,1
BTC-USD,2026-04-06T15:05:07.841014671Z,69628.91,69629.64499999999,0.0,0.00999999999476131,0.0014361698949867275,4.9287098076859227e-05,1.3608485036427565e-07,344,5.733333333333333,0.028052325580109366,95.6929999999993,4.838957825847073e-05,1
BTC-USD,2026-04-06T15:05:08.087959023Z,69628.91,69629.64499999999,0.0,0.00999999999476131,0.0014361698949867275,4.934953486710482e-05,1.8855786034296754e-07,343,5.716666666666667,0.028104956266862265,95.6929999999993,4.846089655470142e-05,1
BTC-USD,2026-04-06T15:05:08.276526489Z,69629.64,69629.64499999999,1.0484095949548577e-05,0.00999999999476131,0.0014361698949867275,4.935266440501578e-05,2.1921311165743706e-07,343,5.716666666666667,0.028104956266819837,95.6929999999993,4.8529117839991755e-05,1
BTC-USD,2026-04-06T15:05:08.588414804Z,69629.64,69629.64499999999,0.0,0.00999999999476131,0.0014361698949867275,4.9387354130733926e-05,3.2347196237019596e-07,342,5.7,0.023596491226601367,95.6929999999993,4.84574885002626e-05,1
BTC-USD,2026-04-06T15:05:09.34199804Z,69629.64,69629.64499999999,0.0,0.00999999999476131,0.0014361698949867275,4.9710212929620615e-05,4.1250002805888887e-07,337,5.616666666666666,0.023738872402006325,95.6929999999993,4.84574885002626e-05,1
BTC-USD,2026-04-06T15:05:09.588874847Z,69629.64,69629.64499999999,0.0,0.00999999999476131,0.0014361698949867275,4.9636409180546586e-05,4.1127599236731947e-07,338,5.633333333333334,0.0236982248505056,95.6929999999993,4.8423136211129724e-05,1
BTC-USD,2026-04-06T15:05:09.845819705Z,69629.64,69624.995,0.0,0.00999999999476131,0.0014362658115467458,4.968589422335964e-05,3.2657561894157664e-07,337,5.616666666666666,0.023738872402006325,95.6929999999993,4.841040170762335e-05,1
BTC-USD,2026-04-06T15:05:09.975581249Z,69624.99,69624.995,-6.678413495794166e-05,0.00999999999476131,0.0014362658115467458,4.974623077220367e-05,1.2743404452946023e-07,338,5.633333333333334,0.0236982248505056,95.6929999999993,4.834750369031291e-05,1
BTC-USD,2026-04-06T15:05:10.089150723Z,69624.99,69624.995,0.0,0.00999999999476131,0.0014362658115467458,4.974623077220367e-05,1.2743404452946023e-07,338,5.633333333333334,0.0236982248505056,95.6929999999993,4.841854938550715e-05,1
BTC-USD,2026-04-06T15:05:10.343622985Z,69624.99,69624.995,0.0,0.00999999999476131,0.0014362658115467458,4.974623077220367e-05,1.2743404452946023e-07,338,5.633333333333334,0.0236982248505056,95.6929999999993,4.8335267166874084e-05,1
BTC-USD,2026-04-06T15:05:10.58799001Z,69624.99,69624.995,0.0,0.00999999999476131,0.0014362658115467458,4.972567450575365e-05,2.945345783063232e-07,337,5.616666666666666,0.023738872402006325,95.6929999999993,4.8313666649848805e-05,1
BTC-USD,2026-04-06T15:05:10.840728347Z,69624.99,69624.995,0.0,0.00999999999476131,0.0014362658115467458,4.9785869975621e-05,3.5887368232692295e-07,336,5.6,0.02377976190321836,95.6929999999993,4.838424273556642e-05,1
BTC-USD,2026-04-06T15:05:11.087780604Z,69624.99,69624.995,0.0,0.00999999999476131,0.0014362658115467458,4.9785869975621e-05,3.5887368232692295e-07,336,5.6,0.02377976190321836,95.6929999999993,4.838424273556642e-05,1
BTC-USD,2026-04-06T15:05:11.341894697Z,69624.99,69625.375,0.0,0.5899999999965075,0.08473922043457684,4.993514174636469e-05,3.614604427913862e-07,334,5.566666666666666,0.025598802393693394,95.6929999999993,4.838424273556642e-05,1
BTC-USD,2026-04-06T15:05:11.584072768Z,69625.0,69625.375,1.436265811946073e-07,0.5899999999965075,0.08473922043457684,4.9860333923660316e-05,3.6080824560097665e-07,335,5.583333333333333,0.027283582088030153,95.6929999999993,4.838424273639037e-05,1
BTC-USD,2026-04-06T15:05:11.588417496Z,69625.0,69625.08499999999,0.0,0.00999999999476131,0.0014362639549756115,4.9860333923660316e-05,3.6080824560097665e-07,335,5.583333333333333,0.027283582087986712,95.6929999999993,4.838424273639037e-05,1
BTC-USD,2026-04-06T15:05:11.841150532Z,69625.79,69625.08499999999,1.1346434731248676e-05,0.00999999999476131,0.0014362639549756115,4.9863484693731494e-05,3.818774899261739e-07,335,5.583333333333333,0.027283582087943275,95.6929999999993,4.830945312711499e-05,1
BTC-USD,2026-04-06T15:05:11.844325747Z,69625.79,69625.08499999999,0.0,0.00999999999476131,0.0014362639549756115,4.97890103181076e-05,3.8073755712042414e-07,336,5.6,0.02723214285552309,95.6929999999993,4.838002209154955e-05,1
BTC-USD,2026-04-06T15:05:12.087148845Z,69625.79,69625.08499999999,0.0,0.00999999999476131,0.0014362639549756115,4.97890103181076e-05,3.8073755712042414e-07,336,5.6,0.02723214285547978,95.6929999999993,4.845090121716143e-05,1
BTC-USD,2026-04-06T15:05:12.270020516Z,69625.08,69625.08499999999,-1.0197422823950893e-05,0.00999999999476131,0.0014362639549756115,4.979235093323828e-05,3.5029748898922744e-07,336,5.6,0.027232142855436473,95.6929999999993,4.844805040096951e-05,1
BTC-USD,2026-04-06T15:05:12.357558104Z,69625.08,69625.08499999999,0.0,0.00999999999476131,0.0014362639549756115,4.9738865977424396e-05,2.233795740988222e-07,336,5.6,0.025476190474494485,95.6929999999993,4.851923864936974e-05,1
BTC-USD,2026-04-06T15:05:12.545138226Z,69625.09,69625.08499999999,1.4362639556534425e-07,0.00999999999476131,0.0014362639549756115,4.973886466911553e-05,2.2380830960797248e-07,336,5.6,0.023720238093552497,95.6929999999993,4.8590736922344036e-05,1
BTC-USD,2026-04-06T15:05:12.589479375Z,69625.09,69625.08499999999,0.0,0.00999999999476131,0.0014362639549756115,4.966479484416899e-05,2.2314221344842494e-07,337,5.616666666666666,0.02367952522085579,95.6929999999993,4.8590736922344036e-05,1
BTC-USD,2026-04-06T15:05:12.822563553Z,69625.08,69625.08499999999,-1.436263955437375e-07,0.00999999999476131,0.0014362639549756115,4.9736035155209005e-05,2.5167837144390896e-07,336,5.6,0.023601190474480626,95.6929999999993,4.866256041172954e-05,1
BTC-USD,2026-04-06T15:05:13.341945528Z,69603.68,69625.08499999999,-0.00030740775352066193,0.00999999999476131,0.0014362639549756115,5.2728292692789934e-05,-6.732723329565517e-07,333,5.55,0.023723723721914565,95.6929999999993,4.5632515270760744e-05,0
BTC-USD,2026-04-06T15:05:13.509615592Z,69603.68,69601.07500000001,0.0,0.00999999999476131,0.0014367594171155126,5.26490744433199e-05,-6.712504941188444e-07,334,5.566666666666666,0.023682634728719495,95.6929999999993,4.569996287885749e-05,0
BTC-USD,2026-04-06T15:05:13.53106495Z,69602.38,69601.07500000001,-1.867734781123239e-05,0.00999999999476131,0.0014367594171155126,5.257940351336316e-05,-7.251609651281664e-07,335,5.583333333333333,0.02364179104294649,95.6929999999993,4.575583188551877e-05,0
BTC-USD,2026-04-06T15:05:13.76017692Z,69610.03,69601.07500000001,0.00010990399502020328,0.00999999999476131,0.0014367594171155126,5.292567398828475e-05,-3.961070878221685e-07,335,5.583333333333333,0.023641791042903048,95.6929999999993,4.529771534663753e-05,0
BTC-USD,2026-04-06T15:05:13.924563314Z,69610.03,69607.995,0.0,0.00999999999476131,0.001436616583305023,5.2979530165433035e-05,-4.861527059716588e-07,334,5.566666666666666,0.02368263472863236,95.6929999999993,4.529771534663753e-05,0
BTC-USD,2026-04-06T15:05:14.020774587Z,69607.99,69607.995,-2.9306550978716753e-05,0.00999999999476131,0.001436616583305023,5.3002985782584195e-05,-5.741603665684058e-07,334,5.566666666666666,0.02368263472863236,95.6929999999993,4.5336362038761953e-05,0
BTC-USD,2026-04-06T15:05:14.091854803Z,69607.99,69607.995,0.0,0.00999999999476131,0.001436616583305023,5.3000592857788985e-05,-5.448295150248732e-07,334,5.566666666666666,0.02368263472863236,95.6929999999993,4.5336362038761953e-05,0
BTC-USD,2026-04-06T15:05:14.341908729Z,69607.99,69607.995,0.0,0.00999999999476131,0.001436616583305023,5.308034456510764e-05,-5.464705677809723e-07,333,5.55,0.023723723721827166,95.6929999999993,4.5382838741897604e-05,0
BTC-USD,2026-04-06T15:05:14.590618004Z,69607.99,69607.995,0.0,0.00999999999476131,0.001436616583305023,5.308034456510764e-05,-5.464705677809723e-07,333,5.55,0.023723723721827166,95.6929999999993,4.549624492945191e-05,0
BTC-USD,2026-04-06T15:05:14.840667557Z,69607.99,69607.995,0.0,0.00999999999476131,0.001436616583305023,5.308034456510764e-05,-5.464705677809723e-07,333,5.55,0.023723723721827166,95.6929999999993,4.546335173187095e-05,0
BTC-USD,2026-04-06T15:05:15.086608639Z,69607.99,69607.995,0.0,0.00999999999476131,0.001436616583305023,5.3000592857788985e-05,-5.448295150248732e-07,334,5.566666666666666,0.02368263472863236,95.6929999999993,4.547999637474642e-05,0
BTC-USD,2026-04-06T15:05:15.275054874Z,69608.0,69607.995,1.4366165824194253e-07,0.00999999999476131,0.001436616583305023,5.3000597875549837e-05,-5.443980986337562e-07,334,5.566666666666666,0.02368263472863236,95.6929999999993,4.5479995517007e-05,0
BTC-USD,2026-04-06T15:05:15.344605858Z,69608.0,69607.995,0.0,0.00999999999476131,0.001436616583305023,5.3000597875549837e-05,-5.443980986337562e-07,334,5.566666666666666,0.02368263472863236,95.6929999999993,4.5479995517007e-05,0
BTC-USD,2026-04-06T15:05:15.482686897Z,69607.99,69607.995,-1.4366165834148862e-07,0.00999999999476131,0.001436616583305023,5.292120071527996e-05,-5.431982889322823e-07,335,5.583333333333333,0.02364179104285961,95.6929999999993,4.554702526946089e-05,0
BTC-USD,2026-04-06T15:05:15.586694985Z,69607.99,69607.995,0.0,0.00999999999476131,0.001436616583305023,5.284216312424932e-05,-5.415768015026337e-07,336,5.6,0.02360119047426408,95.6929999999993,4.55470261250943e-05,0
BTC-USD,2026-04-06T15:05:15.840018985Z,69607.99,69607.995,0.0,0.00999999999476131,0.001436616583305023,5.284216312424932e-05,-5.415768015026337e-07,336,5.6,0.02360119047426408,95.6929999999993,4.5479996374764836e-05,0
BTC-USD,2026-04-06T15:05:16.341252305Z,69607.99,69607.995,0.0,0.00999999999476131,0.001436616583305023,5.304880749822359e-05,-4.0932139912756137e-07,333,5.55,0.023723723721827166,95.6929999999993,4.528066882295904e-05,0
BTC-USD,2026-04-06T15:05:16.514263547Z,69608.0,69607.995,1.4366165824194253e-07,0.00999999999476131,0.001436616583305023,5.304494578257876e-05,-3.725452701626339e-07,333,5.55,0.02372372372178347,95.6929999999993,4.5280667970637034e-05,0
BTC-USD,2026-04-06T15:05:16.587500947Z,69608.0,69607.995,0.0,0.00999999999476131,0.001436616583305023,5.304494578257876e-05,-3.725452701626339e-07,333,5.55,0.023723723721739767,95.6929999999993,4.534681944293962e-05,0
BTC-USD,2026-04-06T15:05:16.841165959Z,69608.0,69608.495,0.0,1.0099999999947613,0.1450972327436129,5.081724440237114e-05,4.774631438225974e-07,332,5.533333333333333,0.026777108431760788,95.6929999999993,4.549757402146197e-05,0
BTC-USD,2026-04-06T15:05:17.104042073Z,69608.0,69609.49,0.0,0.7799999999988358,0.1120536869324622,5.072396594016778e-05,7.550815917701226e-07,330,5.5,0.029212121210046904,95.6929999999993,4.5368301965133694e-05,0
BTC-USD,2026-04-06T15:05:17.257301032Z,69609.9,69609.49,2.7295340615222532e-05,0.7799999999988358,0.1120536869324622,5.066805723644125e-05,8.355066191139178e-07,331,5.516666666666667,0.031480362535692794,95.6929999999993,4.5409780899787744e-05,0
BTC-USD,2026-04-06T15:05:17.340408814Z,69609.9,69609.14499999999,0.0,0.00999999999476131,0.001436592849224238,5.059148227033171e-05,8.329824299323047e-07,332,5.533333333333333,0.03141566264852131,95.6929999999993,4.5409780899787744e-05,0
BTC-USD,2026-04-06T15:05:17.509140271Z,69609.14,69609.14499999999,-1.0918046841945205e-05,0.00999999999476131,0.001436592849224238,5.062913475721628e-05,9.147689053112113e-07,331,5.516666666666667,0.031480362535692794,95.6929999999993,4.54723487657363e-05,0
BTC-USD,2026-04-06T15:05:17.588017458Z,69609.14,69609.14499999999,0.0,0.00999999999476131,0.001436592849224238,5.0552622779765414e-05,9.120052530293043e-07,332,5.533333333333333,0.03141566264852131,95.6929999999993,4.54723487657363e-05,0
BTC-USD,2026-04-06T15:05:17.765931112Z,69609.15,69609.14499999999,1.4365928502954602e-07,0.00999999999476131,0.001436592849224238,5.0420467820382105e-05,6.600338774107724e-07,331,5.516666666666667,0.031480362535692794,89.83299999999872,4.55387728637217e-05,0
BTC-USD,2026-04-06T15:05:17.839575501Z,69609.15,69609.14499999999,0.0,0.00999999999476131,0.001436592849224238,5.0344259391067386e-05,6.580398173581719e-07,332,5.533333333333333,0.03141566264852131,89.83299999999872,4.553877040873606e-05,0
BTC-USD,2026-04-06T15:05:18.087865758Z,69609.15,69609.14499999999,0.0,0.00999999999476131,0.001436592849224238,5.039908081689397e-05,5.773040732337573e-07,331,5.516666666666667,0.031480362535692794,87.93300000000454,4.560549023018709e-05,0
BTC-USD,2026-04-06T15:05:18.272338866Z,69609.14,69609.14499999999,-1.4365928490636562e-07,0.00999999999476131,0.001436592849224238,5.03990864220234e-05,5.768687420673743e-07,331,5.516666666666667,0.031480362535692794,87.93300000000454,4.560549269771794e-05,0
BTC-USD,2026-04-06T15:05:18.340112627Z,69609.14,69609.14499999999,0.0,0.00999999999476131,0.001436592849224238,5.032290724235445e-05,5.751259362001013e-07,332,5.533333333333333,0.03141566264852131,87.93300000000454,4.560549648894764e-05,0
BTC-USD,2026-04-06T15:05:18.519136249Z,69609.15,69609.14499999999,1.4365928502954602e-07,0.00999999999476131,0.001436592849224238,5.032290289974339e-05,5.755599521669579e-07,332,5.533333333333333,0.03141566264852131,87.93300000000454,4.560549269823277e-05,0
BTC-USD,2026-04-06T15:05:18.587502154Z,69609.15,69609.14499999999,0.0,0.00999999999476131,0.001436592849224238,5.024706813938484e-05,5.73826337853202e-07,333,5.55,0.03135135134926077,87.93300000000454,4.5605490230493706e-05,0
BTC-USD,2026-04-06T15:05:18.718689029Z,69609.14,69609.14499999999,-1.4365928490636562e-07,0.00999999999476131,0.001436592849224238,5.020515854078602e-05,3.845626486681898e-07,332,5.533333333333333,0.03141566264852131,83.54300000000512,4.567250665216157e-05,0
BTC-USD,2026-04-06T15:05:18.847363192Z,69609.14,69601.535,0.0,0.9100000000034925,0.13074424292560394,5.020515854078602e-05,3.845626486681898e-07,332,5.533333333333333,0.03412650602199775,83.54300000000512,4.573981689354213e-05,0
BTC-USD,2026-04-06T15:05:18.992325531Z,69602.01,69601.535,-0.00010243432377707305,0.9100000000034925,0.13074424292560394,5.044514378231016e-05,7.486720762680053e-08,333,5.55,0.036756756754674914,83.54300000000512,4.5401467779899235e-05,0
BTC-USD,2026-04-06T15:05:19.092279196Z,69602.01,69593.305,0.0,0.00999999999476131,0.001436919829394697,5.0225488924223225e-05,-1.8304897675744654e-07,333,5.55,0.036756756754674914,81.8130000000092,4.5401467779899235e-05,0
BTC-USD,2026-04-06T15:05:19.26650503Z,69593.7,69593.305,-0.00011940023165762117,0.00999999999476131,0.001436919829394697,5.064859074141402e-05,-5.426882287382332e-07,333,5.55,0.036756756754674914,90.12300000000687,4.49348624447749e-05,0
BTC-USD,2026-04-06T15:05:19.349816371Z,69593.7,69597.67499999999,0.0,0.00999999999476131,0.0014368296059834344,5.064859074141402e-05,-5.426882287382332e-07,333,5.55,0.036756756754674914,90.12300000000687,4.4934862444774905e-05,0
BTC-USD,2026-04-06T15:05:19.514023139Z,69595.6,69597.67499999999,2.730094914097278e-05,0.00999999999476131,0.0014368296059834344,5.059542807888491e-05,-4.590737021024644e-07,334,5.566666666666666,0.03667664670449553,90.12300000000687,4.497726727381319e-05,0
BTC-USD,2026-04-06T15:05:19.590654231Z,69595.6,69597.67499999999,0.0,0.00999999999476131,0.0014368296059834344,5.051963586843853e-05,-4.5769922994048094e-07,335,5.583333333333333,0.03659701492327245,90.12300000000687,4.491088480348015e-05,0
BTC-USD,2026-04-06T15:05:19.841978666Z,69595.6,69597.67499999999,0.0,0.00999999999476131,0.0014368296059834344,5.067096995026587e-05,-4.7257277881248657e-07,333,5.55,0.036756756754674914,90.12300000000687,4.484479101182674e-05,0
BTC-USD,2026-04-06T15:05:20.017619386Z,69597.67,69597.67499999999,2.9742817309255885e-05,0.00999999999476131,0.0014368296059834344,5.062183581835947e-05,-3.8183587164111007e-07,334,5.566666666666666,0.03667664670449553,90.12300000000687,4.4882192184066257e-05,0
BTC-USD,2026-04-06T15:05:20.088264649Z,69597.67,69597.67499999999,0.0,0.00999999999476131,0.0014368296059834344,5.0546002124639915e-05,-3.8069265046853186e-07,335,5.583333333333333,0.03659701492327245,90.12300000000687,4.4882192184066257e-05,0
BTC-USD,2026-04-06T15:05:20.343146091Z,69597.67,69597.67499999999,0.0,0.00999999999476131,0.0014368296059834344,5.055547778168087e-05,-5.224773021569268e-07,334,5.566666666666666,0.03667664670449553,90.12300000000687,4.4882192184066257e-05,0
BTC-USD,2026-04-06T15:05:20.588414955Z,69597.67,69597.67499999999,0.0,0.00999999999476131,0.0014368296059834344,5.063036102832489e-05,-6.779686387374279e-07,332,5.533333333333333,0.036837349395518026,90.12300000000687,4.4882192184066257e-05,0
BTC-USD,2026-04-06T15:05:20.842254439Z,69597.67,69594.185,0.0,0.010000000009313226,0.00143690166201576,5.063036102832489e-05,-6.779686387374279e-07,332,5.533333333333333,0.03683734939556186,90.12300000000687,4.4882192184066257e-05,0
BTC-USD,2026-04-06T15:05:21.094490165Z,69597.67,69594.185,0.0,0.010000000009313226,0.00143690166201576,5.0630366222165516e-05,-6.775346485824587e-07,332,5.533333333333333,0.03683734939560569,90.12300000000687,4.48628380531553e-05,0
BTC-USD,2026-04-06T15:05:21.246976032Z,69594.18,69594.185,-5.014661419808088e-05,0.010000000009313226,0.00143690166201576,5.062668909609534e-05,-8.265379002375744e-07,333,5.55,0.03675675675480601,90.12300000000687,4.484597215994078e-05,0
BTC-USD,2026-04-06T15:05:21.345537162Z,69594.18,69606.245,0.0,0.00999999999476131,0.0014366527018892215,5.0703086368800945e-05,-8.290349935917666e-07,332,5.533333333333333,0.03683734939564952,90.12300000000687,4.496188852666405e-05,0
BTC-USD,2026-04-06T15:05:21.513654066Z,69604.65,69606.245,0.0001504322991758116,0.00999999999476131,0.0014366527018892215,5.1300756757204366e-05,-3.7342856537067206e-07,333,5.55,0.03675675675480601,90.12300000000687,4.430946776336816e-05,0
BTC-USD,2026-04-06T15:05:21.590312998Z,69604.65,69606.245,0.0,0.00999999999476131,0.0014366527018892215,5.1300756757204366e-05,-3.7342856537067206e-07,333,5.55,0.03675675675480601,90.12300000000687,4.430946776336815e-05,0
BTC-USD,2026-04-06T15:05:21.746182825Z,69606.24,69606.245,2.2843040513315638e-05,0.00999999999476131,0.0014366527018892215,5.123942045836306e-05,-3.0370943900825067e-07,334,5.566666666666666,0.03667664670462624,90.12300000000687,4.4356386735720786e-05,0
BTC-USD,2026-04-06T15:05:21.841016472Z,69606.24,69606.245,0.0,0.00999999999476131,0.0014366527018892215,5.116265992936358e-05,-3.028001293106212e-07,335,5.583333333333333,0.03659701492340276,90.12300000000687,4.4301972367775275e-05,0
BTC-USD,2026-04-06T15:05:22.088876175Z,69606.24,69611.42499999999,0.0,0.00999999999476131,0.0014365457961478755,5.116265992936358e-05,-3.028001293106212e-07,335,5.583333333333333,0.03659701492340276,90.12300000000687,4.423699287683253e-05,0
BTC-USD,2026-04-06T15:05:22.265363874Z,69608.83,69611.42499999999,3.7208615422143185e-05,0.00999999999476131,0.0014365457961478755,5.112721159714666e-05,-1.9082575453016208e-07,336,5.6,0.03651785714087704,90.12300000000687,4.418906196341465e-05,0
BTC-USD,2026-04-06T15:05:22.342591452Z,69608.83,69613.67499999999,0.0,0.00999999999476131,0.0014364993652125552,5.105107380217708e-05,-1.9025782073691754e-07,337,5.616666666666666,0.03643916913747611,90.12300000000687,4.418906196341465e-05,0
BTC-USD,2026-04-06T15:05:22.556854773Z,69613.68,69613.67499999999,6.967264132722405e-05,0.00999999999476131,0.0014364993652125552,5.1192726971392346e-05,1.710123083220166e-08,337,5.616666666666666,0.03643916913747611,90.12300000000687,4.402315015466931e-05,0
BTC-USD,2026-04-06T15:05:22.589296871Z,69613.68,69613.67499999999,0.0,0.00999999999476131,0.0014364993652125552,5.111671694985283e-05,1.7050485340117976e-08,338,5.633333333333334,0.03636094674356275,90.12300000000687,4.408780374840862e-05,0
BTC-USD,2026-04-06T15:05:22.829098116Z,69613.67,69613.67499999999,-1.4364993649408843e-07,0.00999999999476131,0.0014364993652125552,5.111671768920551e-05,1.6624224400966378e-08,338,5.633333333333334,0.03636094674356275,90.12300000000687,4.402313486308753e-05,0
BTC-USD,2026-04-06T15:05:22.846627073Z,69613.67,69619.195,0.0,0.00999999999476131,0.0014363854673644688,5.111671768920551e-05,1.6624224400966378e-08,338,5.633333333333334,0.036360946743519695,90.12300000000687,4.402313486308753e-05,0
BTC-USD,2026-04-06T15:05:23.090291521Z,69613.67,69621.785,0.0,0.00999999999476131,0.0014363320323891881,5.1041045238692554e-05,1.6575040305105533e-08,339,5.65,0.0362831858386561,90.12300000000687,4.402313486308754e-05,0
BTC-USD,2026-04-06T15:05:23.122519664Z,69614.02,69621.785,5.0277355029557754e-06,0.00999999999476131,0.0014363320323891881,5.083129183369949e-05,-2.2014062152657938e-07,339,5.65,0.03430678465872025,90.12300000000687,4.408657859056522e-05,0
BTC-USD,2026-04-06T15:05:23.305609156Z,69619.19,69621.785,7.42638915296029e-05,0.00999999999476131,0.0014363320323891881,5.099201536315585e-05,-4.2496611355305937e-10,339,5.65,0.0323303834787844,90.12300000000687,4.427617002113194e-05,0
BTC-USD,2026-04-06T15:05:23.344879344Z,69619.19,69621.785,0.0,0.00999999999476131,0.0014363320323891881,5.099201536315585e-05,-4.2496611355305937e-10,339,5.65,0.032330383478741474,90.12300000000687,4.427617002113194e-05,0
BTC-USD,2026-04-06T15:05:23.528573468Z,69619.2,69621.785,1.4363854673255888e-07,0.00999999999476131,0.0014363320323891881,5.091675095423102e-05,1.0372413478664822e-18,340,5.666666666666667,0.032264705880259176,90.12300000000687,4.434132033080013e-05,0
BTC-USD,2026-04-06T15:05:23.588747204Z,69619.2,69623.735,0.0,0.010000000009313226,0.0014362918061366899,5.0841818241142556e-05,1.034190638019816e-18,341,5.683333333333334,0.03219941348767576,90.12300000000687,4.434133671018819e-05,0
BTC-USD,2026-04-06T15:05:23.718364822Z,69621.79,69623.735,3.720168896087185e-05,0.010000000009313226,0.0014362918061366899,5.0881715746266884e-05,1.0941673223889258e-07,341,5.683333333333334,0.03219941348767576,90.12300000000687,4.429107611319125e-05,0
BTC-USD,2026-04-06T15:05:23.840073838Z,69621.79,69623.735,0.0,0.010000000009313226,0.0014362918061366899,5.0881715746266884e-05,1.0941673223889258e-07,341,5.683333333333334,0.03219941348767576,90.12300000000687,4.429107611319125e-05,0
BTC-USD,2026-04-06T15:05:24.01270941Z,69623.73,69623.735,2.7864451224411096e-05,0.010000000009313226,0.0014362918061366899,5.096024439485396e-05,1.1651565644964685e-07,340,5.666666666666667,0.032264705880259176,90.12300000000687,4.439264310298855e-05,0
BTC-USD,2026-04-06T15:05:24.08787911Z,69623.73,69623.735,0.0,0.010000000009313226,0.0014362918061366899,5.0960244394853964e-05,1.1651565644964685e-07,340,5.666666666666667,0.032264705880259176,90.12300000000687,4.445792966377165e-05,0
BTC-USD,2026-04-06T15:05:24.339587076Z,69623.73,69623.735,0.0,0.010000000009313226,0.0014362918061366899,5.088524806491488e-05,1.1617296334244202e-07,341,5.683333333333334,0.03219941348767576,90.12300000000687,4.4427844897587725e-05,0
BTC-USD,2026-04-06T15:05:24.587781695Z,69623.73,69623.735,0.0,0.010000000009313226,0.0014362918061366899,5.081058187147137e-05,1.158322801654847e-07,342,5.7,0.032134502921949554,90.12300000000687,4.45556674928829e-05,0
BTC-USD,2026-04-06T15:05:24.841992952Z,69623.73,69623.735,0.0,0.010000000009313226,0.0014362918061366899,5.0810581871471365e-05,1.158322801654847e-07,342,5.7,0.0321345029219921,90.12300000000687,4.457934425460816e-05,0
BTC-USD,2026-04-06T15:05:25.088826708Z,69623.73,69624.375,0.0,0.010000000009313226,0.0014362786034794893,5.095685753045642e-05,8.473820281402712e-08,340,5.666666666666667,0.032264705880301975,90.12300000000687,4.45144548777997e-05,0
BTC-USD,2026-04-06T15:05:25.247509126Z,69623.74,69624.375,1.436291806704238e-07,0.010000000009313226,0.0014362786034794893,5.08818658936188e-05,8.491141157242829e-08,341,5.683333333333334,0.03219941348771843,90.12300000000687,4.4586156561604694e-05,0
BTC-USD,2026-04-06T15:05:25.342391675Z,69623.74,69624.375,0.0,0.010000000009313226,0.0014362786034794893,5.095685753044249e-05,8.473819064284068e-08,340,5.666666666666667,0.032264705880301975,90.12300000000687,4.458615656160469e-05,0
BTC-USD,2026-04-06T15:05:25.509882465Z,69624.38,69624.375,9.192224641930025e-06,0.010000000009313226,0.0014362786034794893,5.095925090023989e-05,1.1185389755118884e-07,340,5.666666666666667,0.032264705880301975,90.12300000000687,4.464721433623061e-05,0
BTC-USD,2026-04-06T15:05:25.588894207Z,69624.38,69624.375,0.0,0.010000000009313226,0.0014362786034794893,5.088425600172839e-05,1.115249154995677e-07,341,5.683333333333334,0.03219941348771843,90.12300000000687,4.464721433623061e-05,0
BTC-USD,2026-04-06T15:05:25.840172464Z,69624.38,69624.375,0.0,0.010000000009313226,0.0014362786034794893,5.088425600172839e-05,1.115249154995677e-07,341,5.683333333333334,0.032199413487761105,90.12300000000687,4.458585271385837e-05,0
BTC-USD,2026-04-06T15:05:26.088774253Z,69624.38,69625.82500000001,0.0,0.00999999999476131,0.0014362486900171465,5.0959248300363205e-05,1.1058280670871079e-07,340,5.666666666666667,0.03226470588038758,90.12300000000687,4.458585271385837e-05,0
BTC-USD,2026-04-06T15:05:26.339372866Z,69624.38,69625.82500000001,0.0,0.00999999999476131,0.0014362486900171465,5.0959248300363205e-05,1.1058280670871079e-07,340,5.666666666666667,0.032264705880344774,90.12300000000687,4.458587175179756e-05,0
BTC-USD,2026-04-06T15:05:26.510953255Z,69625.82,69625.82500000001,2.068219650756331e-05,0.00999999999476131,0.0014362486900171465,5.0934265469565124e-05,2.7667092779601057e-07,340,5.666666666666667,0.032264705880301975,90.12300000000687,4.450448636917551e-05,0
BTC-USD,2026-04-06T15:05:26.592333905Z,69625.82,69634.735,0.0,0.010000000009313226,0.0014360649192264787,5.099926838694863e-05,3.323105427438665e-07,339,5.65,0.0323303834787844,90.12300000000687,4.450448636917552e-05,0
BTC-USD,2026-04-06T15:05:26.763228759Z,69632.15,69634.735,9.091041617717395e-05,0.010000000009313226,0.0014360649192264787,5.123598402926378e-05,6.012762710787007e-07,339,5.65,0.03233038347882732,90.12300000000687,4.4285196218344883e-05,0
BTC-USD,2026-04-06T15:05:26.848150547Z,69632.15,69637.32500000001,0.0,0.00999999999476131,0.0014360115060079216,5.117016839793758e-05,4.584886511942739e-07,339,5.65,0.03233038347882732,90.12300000000687,4.434972161997374e-05,0
BTC-USD,2026-04-06T15:05:27.010816406Z,69626.893,69637.32500000001,-7.54995853662078e-05,0.00999999999476131,0.0014360115060079216,5.133620092490709e-05,2.3511709685638102e-07,339,5.65,0.03233038347882732,90.12300000000687,4.410801274130595e-05,0
BTC-USD,2026-04-06T15:05:27.089449401Z,69626.893,69637.545,0.0,0.010000000009313226,0.001436006971428017,5.133620092490709e-05,2.3511709685638102e-07,339,5.65,0.03233038347887025,90.12300000000687,4.410801274130595e-05,0
BTC-USD,2026-04-06T15:05:27.228410125Z,69637.55,69637.545,0.00015304696290373802,0.010000000009313226,0.001436006971428017,5.192602079420778e-05,6.858895033663564e-07,340,5.666666666666667,0.03226470588043038,90.12300000000687,4.3366522023922554e-05,0
BTC-USD,2026-04-06T15:05:27.34022252Z,69637.55,69637.545,0.0,0.010000000009313226,0.001436006971428017,5.1914221344640104e-05,7.43936885630766e-07,340,5.666666666666667,0.03226470588047318,90.12300000000687,4.335246528620571e-05,0
BTC-USD,2026-04-06T15:05:27.460518455Z,69637.54,69637.545,-1.4360069709667357e-07,0.010000000009313226,0.001436006971428017,5.1837842964360124e-05,7.413264809756853e-07,341,5.683333333333334,0.03219941348788913,90.12300000000687,4.341562775742898e-05,0
BTC-USD,2026-04-06T15:05:27.589127536Z,69637.54,69637.545,0.0,0.010000000009313226,0.001436006971428017,5.191422799902623e-05,7.435132847543746e-07,340,5.666666666666667,0.032264705880558776,90.12300000000687,4.3415627757428976e-05,0
BTC-USD,2026-04-06T15:05:27.840639343Z,69637.54,69637.545,0.0,0.010000000009313226,0.001436006971428017,5.1837842964360124e-05,7.413264809756853e-07,341,5.683333333333334,0.032199413487974476,90.12300000000687,4.3479044419584007e-05,0
BTC-USD,2026-04-06T15:05:28.087210305Z,69637.54,69637.545,0.0,0.010000000009313226,0.001436006971428017,5.18904481714285e-05,8.265611608280302e-07,340,5.666666666666667,0.032264705880644375,90.12300000000687,4.3479044419584007e-05,0
BTC-USD,2026-04-06T15:05:28.589027295Z,69637.54,69637.545,0.0,0.010000000009313226,0.001436006971428017,5.194694748801268e-05,1.0019651762470107e-06,338,5.633333333333334,0.03239644970249739,90.12300000000687,4.338995465827437e-05,0
BTC-USD,2026-04-06T15:05:28.762853548Z,69626.893,69637.545,-0.0001529033622064993,0.010000000009313226,0.001436006971428017,5.26171445568812e-05,5.482460005600691e-07,338,5.633333333333334,0.03239644970254044,90.12300000000687,4.26832567877619e-05,0
BTC-USD,2026-04-06T15:05:28.842253793Z,69626.893,69638.765,0.0,0.010000000009313226,0.0014359818140533115,5.2539259325769456e-05,5.466239709726133e-07,339,5.65,0.03233038347925658,90.12300000000687,4.26832567877619e-05,0
BTC-USD,2026-04-06T15:05:29.009680403Z,69638.77,69638.765,0.00017056609321990915,0.010000000009313226,0.0014359818140533115,5.326584088858547e-05,1.0481563286390927e-06,340,5.666666666666667,0.03226470588081557,90.12300000000687,4.170793782822719e-05,0
BTC-USD,2026-04-06T15:05:29.087343138Z,69638.77,69638.765,0.0,0.010000000009313226,0.0014359818140533115,5.326584088858547e-05,1.0481563286390927e-06,340,5.666666666666667,0.03226470588085838,90.12300000000687,4.1768994485150104e-05,0
BTC-USD,2026-04-06T15:05:29.341990119Z,69638.77,69638.765,0.0,0.010000000009313226,0.0014359818140533115,5.31874813745183e-05,1.0450735159078013e-06,341,5.683333333333334,0.032199413488273196,90.12300000000687,4.2954348845913306e-05,0
BTC-USD,2026-04-06T15:05:29.58872145Z,69638.77,69638.765,0.0,0.010000000009313226,0.0014359818140533115,5.26379860966822e-05,6.028350371124641e-07,340,5.666666666666667,0.032264705880943975,90.12300000000687,4.301694835718927e-05,0
BTC-USD,2026-04-06T15:05:29.761572849Z,69638.76,69638.765,-1.435981814419608e-07,0.010000000009313226,0.0014359818140533115,5.249759658255603e-05,3.9227364883577927e-07,340,5.666666666666667,0.032264705880986774,90.12300000000687,4.30169784919479e-05,0
BTC-USD,2026-04-06T15:05:30.086817725Z,69638.76,69638.765,0.0,0.010000000009313226,0.0014359818140533115,5.263091179074428e-05,3.102223979366534e-07,338,5.633333333333334,0.03239644970284181,90.12300000000687,4.587977434496635e-05,0
BTC-USD,2026-04-06T15:05:30.601694177Z,69638.76,69632.04000000001,0.0,0.5800000000017462,0.08329498891627277,5.285317776978788e-05,3.7750646964444405e-07,335,5.583333333333333,0.03429850746126873,90.12300000000687,4.7729609765775954e-05,0
BTC-USD,2026-04-06T15:05:30.76421653Z,69632.16,69632.04000000001,-9.477929785957282e-05,0.5800000000017462,0.08329498891627277,5.302893870124116e-05,9.345630746767611e-08,336,5.6,0.03592261904621063,90.12300000000687,4.753726025747859e-05,0
BTC-USD,2026-04-06T15:05:30.842044761Z,69632.16,69632.32500000001,0.0,0.00999999999476131,0.0014361146198638792,5.302893870124116e-05,9.345630746767611e-08,336,5.6,0.03592261904616732,90.12300000000687,4.7606193455388066e-05,0
BTC-USD,2026-04-06T15:05:31.015604571Z,69632.32,69632.32500000001,2.297786197955625e-06,0.00999999999476131,0.0014361146198638792,5.295010393990862e-05,1.0001681309412833e-07,337,5.616666666666666,0.03584569732791389,90.12300000000687,4.760576324198061e-05,0
BTC-USD,2026-04-06T15:05:31.343952211Z,69632.32,69627.565,0.0,0.8699999999953434,0.12495051349208368,5.3062793471757735e-05,1.0061571616629378e-07,335,5.583333333333333,0.03856716417753548,90.12300000000687,4.7541620996003105e-05,0
BTC-USD,2026-04-06T15:05:31.510901695Z,69632.3,69627.565,-2.8722298600998507e-07,0.8699999999953434,0.12495051349208368,5.3062797422797297e-05,9.975576710638363e-08,335,5.583333333333333,0.041134328356598256,90.12300000000687,4.7541651462129824e-05,0
BTC-USD,2026-04-06T15:05:31.589791944Z,69632.3,69626.07,0.0,2.099999999991269,0.30161116374818636,5.3062797422797297e-05,9.975576710638363e-08,335,5.583333333333333,0.04737313432669364,90.12300000000687,4.755168868964773e-05,0
BTC-USD,2026-04-06T15:05:31.757926449Z,69626.99,69626.07,-7.626062150070903e-05,2.099999999991269,0.30161116374818636,5.314705306595484e-05,-1.2818565757366236e-07,336,5.6,0.05348214285545726,90.12300000000687,4.7382155221453795e-05,0
BTC-USD,2026-04-06T15:05:31.842008002Z,69626.99,69627.11499999999,0.0,0.00999999999476131,0.0014362220802572837,5.306790671588349e-05,-1.2780415264040743e-07,337,5.616666666666666,0.05335311572530683,90.12300000000687,4.742471685824505e-05,0
BTC-USD,2026-04-06T15:05:32.271253418Z,69627.11,69627.11499999999,1.7234681060917837e-06,0.00999999999476131,0.0014362220802572837,5.306800211341301e-05,-1.2267478327703903e-07,337,5.616666666666666,0.05335311572526365,90.12300000000687,4.727372577539498e-05,0
BTC-USD,2026-04-06T15:05:32.340371517Z,69627.11,69627.11499999999,0.0,0.00999999999476131,0.0014362220802572837,5.306800211341301e-05,-1.2267478327703903e-07,337,5.616666666666666,0.05335311572522047,90.12300000000687,4.7341730407636215e-05,0
BTC-USD,2026-04-06T15:05:32.587805738Z,69627.11,69627.11499999999,0.0,0.00999999999476131,0.0014362220802572837,5.306800211341301e-05,-1.2267478327703903e-07,337,5.616666666666666,0.053353115725177286,90.12300000000687,4.725179052430829e-05,0
BTC-USD,2026-04-06T15:05:32.843186533Z,69627.11,69627.11499999999,0.0,0.00999999999476131,0.0014362220802572837,5.298920812910288e-05,-1.223107631486205e-07,338,5.633333333333334,0.05322485206917014,90.12300000000687,4.725179052430829e-05,0
BTC-USD,2026-04-06T15:05:33.088108953Z,69627.11,69627.11499999999,0.0,0.00999999999476131,0.0014362220802572837,5.314714748348783e-05,-1.230409766603601e-07,336,5.6,0.04830357142661038,90.12300000000687,4.725179052430829e-05,0
BTC-USD,2026-04-06T15:05:33.342624792Z,69627.11,69627.11499999999,0.0,0.00999999999476131,0.0014362220802572837,5.3124655275720595e-05,1.1774664959500492e-07,334,5.566666666666666,0.04853293412979511,90.12300000000687,4.7389562061575196e-05,0
BTC-USD,2026-04-06T15:05:33.588676192Z,69627.11,69628.765,0.0,0.010000000009313226,0.0014361880480449748,5.3124655275720595e-05,1.1774664959500492e-07,334,5.566666666666666,0.04853293412983868,90.12300000000687,4.7457136306851016e-05,0
BTC-USD,2026-04-06T15:05:34.146522853Z,69627.11,69638.75,0.0,0.04000000000814907,0.0057439284892605155,5.3446521370283477e-05,1.1306640254760831e-07,330,5.5,0.04909090908904821,90.12300000000687,4.725527504416366e-05,0
BTC-USD,2026-04-06T15:05:34.274826466Z,69627.11,69638.75,0.0,0.04000000000814907,0.0057439284892605155,5.3446521370283477e-05,1.1306640254760831e-07,330,5.5,0.049181818179953776,90.12300000000687,4.7322275653227754e-05,0
BTC-USD,2026-04-06T15:05:34.469724152Z,69627.11,69639.995,0.0,0.00999999999476131,0.0014359564492733394,5.3446521370283477e-05,1.1306640254760831e-07,330,5.5,0.04918181817990967,90.12300000000687,4.732228999589672e-05,0
BTC-USD,2026-04-06T15:05:34.514807607Z,69640.0,69639.995,0.00018511190527051896,0.00999999999476131,0.0014359564492733394,5.4325602042135294e-05,6.73668944571764e-07,331,5.516666666666667,0.04906344410684276,90.12300000000687,4.632695029514431e-05,0
BTC-USD,2026-04-06T15:05:34.655487175Z,69640.0,69639.995,0.0,0.00999999999476131,0.0014359564492733394,5.431169071506993e-05,6.040321393307425e-07,331,5.516666666666667,0.048791540783546514,90.12300000000687,4.632695029514431e-05,0
BTC-USD,2026-04-06T15:05:34.767698124Z,69639.99,69639.995,-1.4359564491505222e-07,0.00999999999476131,0.0014359564492733394,5.4311696127989395e-05,6.035970010128181e-07,331,5.516666666666667,0.04851963746025026,90.12300000000687,4.6383476119300527e-05,0
BTC-USD,2026-04-06T15:05:34.842491611Z,69639.99,69639.995,0.0,0.00999999999476131,0.0014359564492733394,5.430482399985062e-05,6.492959739529919e-07,331,5.516666666666667,0.04851963746025026,90.12300000000687,4.644953474504447e-05,0
BTC-USD,2026-04-06T15:05:35.032024472Z,69640.0,69639.995,1.4359564483446895e-07,0.00999999999476131,0.0014359564492733394,5.430481937068056e-05,6.49731112270672e-07,331,5.516666666666667,0.04851963746025026,90.12300000000687,4.6386372704133e-05,0
BTC-USD,2026-04-06T15:05:35.087396472Z,69640.0,69639.995,0.0,0.00999999999476131,0.0014359564492733394,5.422273759545232e-05,6.477681783967425e-07,332,5.533333333333333,0.04840361445583614,90.12300000000687,4.645243847251659e-05,0
BTC-USD,2026-04-06T15:05:35.339815559Z,69640.0,69639.995,0.0,0.00999999999476131,0.0014359564492733394,5.422273759545232e-05,6.477681783967425e-07,332,5.533333333333333,0.04840361445583614,90.12300000000687,4.638635366378211e-05,0
BTC-USD,2026-04-06T15:05:35.597857724Z,69640.0,69639.995,0.0,0.00999999999476131,0.0014359564492733394,5.430481937068056e-05,6.49731112270672e-07,331,5.516666666666667,0.04851963746025026,90.12300000000687,4.629078072098458e-05,0
BTC-USD,2026-04-06T15:05:35.730826661Z,69639.99,69639.995,-1.4359564491505222e-07,0.00999999999476131,0.0014359564492733394,5.422274335079929e-05,6.473343546960929e-07,332,5.533333333333333,0.04840361445583614,90.12300000000687,4.635634247601389e-05,0
BTC-USD,2026-04-06T15:05:35.844699182Z,69639.99,69639.995,0.0,0.00999999999476131,0.0014359564492733394,5.4222747954661955e-05,6.469004380307891e-07,332,5.533333333333333,0.04840361445583614,90.12300000000687,4.6290821506873336e-05,0
BTC-USD,2026-04-06T15:05:36.116653946Z,69639.99,69647.685,0.0,0.010000000009313226,0.0014357979033062227,5.430482977701611e-05,6.488607423884581e-07,331,5.516666666666667,0.048519637460294224,90.12300000000687,4.626435137005069e-05,0
BTC-USD,2026-04-06T15:05:36.272885012Z,69646.38,69647.685,9.175341427143389e-05,0.010000000009313226,0.0014357979033062227,5.445277788091023e-05,9.241010853765109e-07,332,5.533333333333333,0.048403614455923796,90.12300000000687,4.599227151191084e-05,0
BTC-USD,2026-04-06T15:05:36.344503858Z,69646.38,69650.275,0.0,0.00999999999476131,0.0014357445099479236,5.4370732422542005e-05,9.213176483723647e-07,333,5.55,0.04828828828637076,90.12300000000687,4.60571489482536e-05,0
BTC-USD,2026-04-06T15:05:36.518263198Z,69650.0,69650.275,5.1975507200032756e-05,0.00999999999476131,0.0014357445099479236,5.444263470380228e-05,1.077870380902584e-06,333,5.55,0.04828828828632706,90.12300000000687,4.590040662721241e-05,0
BTC-USD,2026-04-06T15:05:36.588501134Z,69650.0,69651.995,0.0,0.00999999999476131,0.0014357090553919255,5.4360859536933885e-05,1.0746335329118853e-06,334,5.566666666666666,0.048173652692639735,90.12300000000687,4.590040662721241e-05,0
BTC-USD,2026-04-06T15:05:36.725398902Z,69650.27,69651.995,3.876517970908537e-06,0.00999999999476131,0.0014357090553919255,5.408078409309219e-05,7.813536657605046e-07,334,5.566666666666666,0.048173652692596165,90.12300000000687,4.5963987000176136e-05,0
BTC-USD,2026-04-06T15:05:36.839370648Z,69650.27,69651.995,0.0,0.00999999999476131,0.0014357090553919255,5.408078409309219e-05,7.813536657605046e-07,334,5.566666666666666,0.048173652692552596,90.12300000000687,4.600654059361794e-05,0
BTC-USD,2026-04-06T15:05:37.090333675Z,69650.27,69645.995,0.0,0.00999999999476131,0.0014358327416761454,5.419981429075352e-05,7.196930609528362e-07,332,5.533333333333333,0.048403614455704645,90.12300000000687,4.590781944684719e-05,0
BTC-USD,2026-04-06T15:05:37.244499854Z,69645.99,69645.995,-6.145175758978918e-05,0.00999999999476131,0.0014358327416761454,5.4225261516469494e-05,5.324296553783121e-07,333,5.55,0.04828828828615226,90.12300000000687,4.5866611167398046e-05,0
BTC-USD,2026-04-06T15:05:37.347588216Z,69645.99,69642.515,0.0,0.010000000009313226,0.0014359044915757601,5.430710310543185e-05,5.340382041861016e-07,332,5.533333333333333,0.04840361445574847,90.12300000000687,4.580220641960105e-05,0
BTC-USD,2026-04-06T15:05:37.492611355Z,69645.96,69642.515,-4.307499464476059e-07,0.010000000009313226,0.0014359044915757601,5.4225279393552846e-05,5.311322157805784e-07,333,5.55,0.048288288286239656,90.12300000000687,4.586670030202497e-05,0
BTC-USD,2026-04-06T15:05:37.590304069Z,69645.96,69637.555,0.0,0.00999999999476131,0.0014360067631267802,5.4225279393552846e-05,5.311322157805784e-07,333,5.55,0.048288288286239656,90.12300000000687,4.580224822296328e-05,0
BTC-USD,2026-04-06T15:05:37.751465341Z,69636.02,69637.555,-0.00014273203205289673,0.00999999999476131,0.0014360067631267802,5.470832204432256e-05,1.009125032620279e-07,334,5.566666666666666,0.048173652692552596,90.12300000000687,4.525690265300417e-05,0
BTC-USD,2026-04-06T15:05:37.838748615Z,69636.02,69637.555,0.0,0.00999999999476131,0.0014360067631267802,5.462636224350862e-05,1.0061037001872842e-07,335,5.583333333333333,0.04805970149046964,90.12300000000687,4.5320800608979435e-05,0
BTC-USD,2026-04-06T15:05:38.088674781Z,69636.02,69637.555,0.0,0.00999999999476131,0.0014360067631267802,5.469473345318454e-05,1.6732685568231813e-07,334,5.566666666666666,0.048173652692552596,90.12300000000687,4.525690265300417e-05,0
BTC-USD,2026-04-06T15:05:38.339220439Z,69636.02,69637.555,0.0,0.00999999999476131,0.0014360067631267802,5.464188603999421e-05,3.780651648989794e-07,333,5.55,0.04828828828615226,90.12300000000687,4.5320800608979435e-05,0
BTC-USD,2026-04-06T15:05:38.588674221Z,69636.02,69637.555,0.0,0.00999999999476131,0.0014360067631267802,5.480130020511372e-05,4.238785595716545e-07,331,5.516666666666667,0.048519637460118364,90.12300000000687,4.5320800608979435e-05,0
BTC-USD,2026-04-06T15:05:38.771187129Z,69637.55,69637.555,2.1971146428621636e-05,0.00999999999476131,0.0014360067631267802,5.4814089889425426e-05,4.904577911735383e-07,331,5.516666666666667,0.048519637460118364,90.12300000000687,4.530255571013887e-05,0
BTC-USD,2026-04-06T15:05:38.842195098Z,69637.55,69637.555,0.0,0.00999999999476131,0.0014360067631267802,5.4731233135495685e-05,4.88976045580869e-07,332,5.533333333333333,0.048403614455704645,90.12300000000687,4.530255571013887e-05,0
BTC-USD,2026-04-06T15:05:39.088336267Z,69637.55,69637.555,0.0,0.00999999999476131,0.0014360067631267802,5.4731233135495685e-05,4.88976045580869e-07,332,5.533333333333333,0.048403614455704645,90.12300000000687,4.523871398243449e-05,0
BTC-USD,2026-04-06T15:05:39.267851919Z,69637.56,69637.555,1.4360067636449403e-07,0.00999999999476131,0.0014360067631267802,5.4648747695088124e-05,4.879357583241932e-07,333,5.55,0.04828828828615226,90.12300000000687,4.53025557283834e-05,0
BTC-USD,2026-04-06T15:05:39.342198156Z,69637.56,69637.555,0.0,0.00999999999476131,0.0014360067631267802,5.4648747695088124e-05,4.879357583241932e-07,333,5.55,0.04828828828615226,90.12300000000687,4.5238672336915745e-05,0
BTC-USD,2026-04-06T15:05:39.474471137Z,69637.55,69637.555,-1.4360067633550002e-07,0.00999999999476131,0.0014360067631267802,5.456664176452449e-05,4.860392525144043e-07,334,5.566666666666666,0.04817365269246546,90.12300000000687,4.530255571225984e-05,0
BTC-USD,2026-04-06T15:05:39.591422581Z,69637.55,69641.88500000001,0.0,0.00999999999476131,0.0014359174790804859,5.456664176452449e-05,4.860392525144043e-07,334,5.566666666666666,0.04817365269246546,90.12300000000687,4.530255571225983e-05,0
BTC-USD,2026-04-06T15:05:39.73294535Z,69641.43,69641.88500000001,5.5715514300716765e-05,0.00999999999476131,0.0014359174790804859,5.4568387772227174e-05,6.51396962239561e-07,335,5.583333333333333,0.04805970149038276,90.12300000000687,4.519701398504875e-05,0
BTC-USD,2026-04-06T15:05:39.839761068Z,69641.43,69641.88500000001,0.0,0.00999999999476131,0.0014359174790804859,5.4568387772227174e-05,6.51396962239561e-07,335,5.583333333333333,0.04805970149038276,90.12300000000687,4.5260974361175324e-05,0
BTC-USD,2026-04-06T15:05:39.974754072Z,69641.88,69641.88500000001,6.461649999640251e-06,0.00999999999476131,0.0014359174790804859,5.448780352596493e-05,6.68741001157175e-07,336,5.6,0.04794642856926484,90.12300000000687,4.525864937397356e-05,0
BTC-USD,2026-04-06T15:05:40.098578081Z,69641.88,69641.88500000001,0.0,0.00999999999476131,0.0014359174790804859,5.448780352596493e-05,6.68741001157175e-07,336,5.6,0.04794642856926484,90.12300000000687,4.519467326552026e-05,0
BTC-USD,2026-04-06T15:05:40.340140166Z,69641.88,69641.88500000001,0.0,0.00999999999476131,0.0014359174790804859,5.44066722609287e-05,6.66750700558493e-07,337,5.616666666666666,0.04783382789100222,90.12300000000687,4.519467326552026e-05,0
BTC-USD,2026-04-06T15:05:40.589319569Z,69641.88,69640.785,0.0,0.00999999999476131,0.0014359401598878173,5.44066722609287e-05,6.66750700558493e-07,337,5.616666666666666,0.04783382789100222,90.12300000000687,4.525862737060145e-05,0
BTC-USD,2026-04-06T15:05:40.844550314Z,69641.88,69640.725,0.0,0.00999999999476131,0.0014359413970433694,5.440667226092871e-05,6.66750700558493e-07,337,5.616666666666666,0.04783382789100222,90.12300000000687,4.525862737060145e-05,0
BTC-USD,2026-04-06T15:05:41.006906207Z,69640.78,69640.725,-1.5795218156120065e-05,0.00999999999476131,0.0014359413970433694,5.4333268869620364e-05,6.179021282834824e-07,338,5.633333333333334,0.04772189348894233,90.12300000000687,4.525326423050631e-05,0
BTC-USD,2026-04-06T15:05:41.088459377Z,69640.78,69640.725,0.0,0.00999999999476131,0.0014359413970433694,5.4333268869620364e-05,6.179021282834824e-07,338,5.633333333333334,0.04772189348894233,90.12300000000687,4.531748998615286e-05,0
BTC-USD,2026-04-06T15:05:41.263830305Z,69640.73,69640.725,-7.179703896433462e-07,0.00999999999476131,0.0014359413970433694,5.4252883189474627e-05,6.139498427274858e-07,339,5.65,0.047610619466835605,90.12300000000687,4.531758537225057e-05,0
BTC-USD,2026-04-06T15:05:41.34172816Z,69640.73,69640.725,0.0,0.00999999999476131,0.0014359413970433694,5.417281532172314e-05,6.121387812445138e-07,340,5.666666666666667,0.047499999997800094,90.12300000000687,4.5257020357695256e-05,0
BTC-USD,2026-04-06T15:05:41.493834277Z,69640.72,69640.725,-1.4359413967445928e-07,0.00999999999476131,0.0014359413970433694,5.398121866163926e-05,3.630317379125527e-07,340,5.666666666666667,0.047499999997800094,90.12300000000687,4.532127701489451e-05,0
BTC-USD,2026-04-06T15:05:41.589734078Z,69640.72,69640.725,0.0,0.00999999999476131,0.0014359413970433694,5.4026618929417145e-05,2.5831081236303437e-07,339,5.65,0.047610619466835605,90.12300000000687,4.52845501255617e-05,0
BTC-USD,2026-04-06T15:05:41.738007839Z,69640.73,69640.725,1.435941395943083e-07,0.00999999999476131,0.0014359413970433694,5.394687515770674e-05,2.579724150982299e-07,340,5.666666666666667,0.047499999997800094,90.12300000000687,4.534881442911589e-05,0
BTC-USD,2026-04-06T15:05:41.842101794Z,69640.73,69640.75,0.0,0.059999999997671694,0.00861564529354892,5.4026617461108245e-05,2.587356470955619e-07,339,5.65,0.04775811209221292,90.12300000000687,4.534881442911589e-05,0
BTC-USD,2026-04-06T15:05:42.0071501Z,69640.72,69640.75,-1.4359413967445928e-07,0.059999999997671694,0.00861564529354892,5.3946877745336587e-05,2.575488335652669e-07,340,5.666666666666667,0.04779411764487604,90.12300000000687,4.538212177215815e-05,0
BTC-USD,2026-04-06T15:05:42.091683206Z,69640.72,69647.685,0.0,0.010000000009313226,0.0014357979033062227,5.3946873719872597e-05,2.554307415868041e-07,340,5.666666666666667,0.047676470586071336,90.12300000000687,4.538212177215815e-05,0
BTC-USD,2026-04-06T15:05:42.267062552Z,69647.68,69647.685,9.993653464010153e-05,0.010000000009313226,0.0014357979033062227,5.421705240574814e-05,5.502287788732393e-07,340,5.666666666666667,0.04755882352726664,90.12300000000687,4.511511485076327e-05,0
BTC-USD,2026-04-06T15:05:42.342174325Z,69647.68,69647.685,0.0,0.010000000009313226,0.0014357979033062227,5.413727093402874e-05,5.486104589353768e-07,341,5.683333333333334,0.04744868034979464,90.12300000000687,4.517946103776921e-05,0
BTC-USD,2026-04-06T15:05:42.591076896Z,69647.68,69642.98,0.0,1.8999999999941792,0.2728200315371599,5.421705240574814e-05,5.502287788732393e-07,340,5.666666666666667,0.053117647056633896,90.12300000000687,4.505091612397965e-05,0
BTC-USD,2026-04-06T15:05:42.841225691Z,69647.68,69642.76000000001,0.0,0.40000000000873115,0.057435977552976226,5.413727093402874e-05,5.486104589353768e-07,341,5.683333333333334,0.0541348973585462,90.12300000000687,4.511498755331958e-05,0
BTC-USD,2026-04-06T15:05:43.082128069Z,69644.0,69642.76000000001,-5.283876252839351e-05,0.40000000000873115,0.057435977552976226,5.413486061493886e-05,3.9204924782884047e-07,342,5.7,0.05514619882828359,90.12300000000687,4.503550514495204e-05,0
BTC-USD,2026-04-06T15:05:43.088395279Z,69644.0,69642.825,0.0,0.25,0.035897452465490885,5.4134861858858905e-05,3.899435801892166e-07,342,5.7,0.055847953214221265,90.12300000000687,4.509997718596513e-05,0
BTC-USD,2026-04-06T15:05:43.341749043Z,69644.0,69642.86499999999,0.0,0.11000000000058208,0.015794870012970044,5.4214409362208946e-05,3.9109047307212603e-07,341,5.683333333333334,0.05627565982183469,90.12300000000687,4.509997718596513e-05,0
BTC-USD,2026-04-06T15:05:43.469375566Z,69642.7,69642.86499999999,-1.8666534565647323e-05,0.11000000000058208,0.015794870012970044,5.414466529740984e-05,3.3520300961547076e-07,342,5.7,0.05643274853580763,90.12300000000687,4.509215895825923e-05,0
BTC-USD,2026-04-06T15:05:43.588819292Z,69642.7,69642.905,0.0,0.010000000009313226,0.001435896450516133,5.414466529740984e-05,3.3520300961547076e-07,342,5.7,0.05643274853580763,90.12300000000687,4.509215895825923e-05,0
BTC-USD,2026-04-06T15:05:43.76336194Z,69642.7,69642.905,0.0,0.010000000009313226,0.001435896450516133,5.4144665297409844e-05,3.3520300961547076e-07,342,5.7,0.05643274853580763,90.12300000000687,4.509215895825923e-05,0
BTC-USD,2026-04-06T15:05:43.840442896Z,69642.7,69642.905,0.0,0.010000000009313226,0.001435896450516133,5.406545151007484e-05,3.342228838563612e-07,343,5.716666666666667,0.05629737609112398,90.12300000000687,4.515648345929649e-05,0
BTC-USD,2026-04-06T15:05:43.983420413Z,69642.9,69642.905,2.8717972279979738e-06,0.010000000009313226,0.001435896450516133,5.4065621962291096e-05,3.4261995177448395e-07,343,5.716666666666667,0.05629737609112398,90.12300000000687,4.5155728388824507e-05,0
BTC-USD,2026-04-06T15:05:44.091931271Z,69642.9,69647.58499999999,0.0,0.00999999999476131,0.001435799962735436,5.39248364848062e-05,5.521585539137465e-07,343,5.716666666666667,0.05629737609112398,90.12300000000687,4.522421733744941e-05,0
BTC-USD,2026-04-06T15:05:44.256185791Z,69644.0,69647.58499999999,1.5794737337626395e-05,0.00999999999476131,0.001435799962735436,5.385244258689651e-05,5.965975591140749e-07,344,5.733333333333333,0.05616279069549501,90.12300000000687,4.527831228841247e-05,0
BTC-USD,2026-04-06T15:05:44.3413223Z,69644.0,69647.58499999999,0.0,0.00999999999476131,0.001435799962735436,5.385244258689651e-05,5.965975591140749e-07,344,5.733333333333333,0.05616279069549501,90.12300000000687,4.527831228841247e-05,0
BTC-USD,2026-04-06T15:05:44.511459129Z,69647.58,69647.58499999999,5.140296349259551e-05,0.00999999999476131,0.001435799962735436,5.3922052015407636e-05,7.464604264394262e-07,344,5.733333333333333,0.05616279069549501,90.12300000000687,4.5250624683294955e-05,0
BTC-USD,2026-04-06T15:05:44.588345206Z,69647.58,69647.58499999999,0.0,0.00999999999476131,0.001435799962735436,5.384363489599753e-05,7.442904833393116e-07,345,5.75,0.0560289855050581,90.12300000000687,4.5254459778054805e-05,0
BTC-USD,2026-04-06T15:05:44.764074311Z,69647.59,69647.58499999999,1.435799962431838e-07,0.00999999999476131,0.001435799962735436,5.3843629681307346e-05,7.447078670493208e-07,345,5.75,0.0560289855050581,90.12300000000687,4.5254433828001955e-05,0
BTC-USD,2026-04-06T15:05:44.842024507Z,69647.59,69647.58499999999,0.0,0.00999999999476131,0.001435799962735436,5.37655537126328e-05,7.425492935216416e-07,346,5.766666666666667,0.055895953755028344,90.12300000000687,4.518982214303385e-05,0
BTC-USD,2026-04-06T15:05:44.958602479Z,69647.58,69647.58499999999,-1.4357999631927317e-07,0.00999999999476131,0.001435799962735436,5.3765560014439624e-05,7.421331196192669e-07,346,5.766666666666667,0.055895953755028344,90.12300000000687,4.525448444100257e-05,0
BTC-USD,2026-04-06T15:05:45.087306865Z,69647.58,69647.58499999999,0.0,0.00999999999476131,0.001435799962735436,5.3738863787052817e-05,6.488877871432838e-07,346,5.766666666666667,0.055895953755028344,90.12300000000687,4.525445978058494e-05,0
BTC-USD,2026-04-06T15:05:45.343421111Z,69647.58,69647.58499999999,0.0,0.00999999999476131,0.001435799962735436,5.3816904512997624e-05,6.507740888500957e-07,345,5.75,0.0560289855050581,90.12300000000687,4.5319375596877674e-05,0
BTC-USD,2026-04-06T15:05:45.500010526Z,69647.59,69647.58499999999,1.435799962431838e-07,0.00999999999476131,0.001435799962735436,5.373885931617957e-05,6.49303961045438e-07,346,5.766666666666667,0.055895953755028344,90.12300000000687,4.5304101528159935e-05,0
BTC-USD,2026-04-06T15:05:45.589210832Z,69647.59,69647.58499999999,0.0,0.00999999999476131,0.001435799962735436,5.3738859316179574e-05,6.49303961045438e-07,346,5.766666666666667,0.055895953755028344,90.12300000000687,4.5304101528159935e-05,0
BTC-USD,2026-04-06T15:05:45.841312596Z,69647.59,69647.58499999999,0.0,0.00999999999476131,0.001435799962735436,5.3738859316179574e-05,6.49303961045438e-07,346,5.766666666666667,0.055895953755028344,90.12300000000687,4.5599254280342064e-05,0
BTC-USD,2026-04-06T15:05:46.01860876Z,69647.58,69647.58499999999,-1.4357999631927317e-07,0.00999999999476131,0.001435799962735436,5.366116269394469e-05,6.47012388914326e-07,347,5.783333333333333,0.05576368875860106,90.12300000000687,4.5599275327370605e-05,0
BTC-USD,2026-04-06T15:05:46.087412297Z,69647.58,69647.58499999999,0.0,0.00999999999476131,0.001435799962735436,5.358379657108445e-05,6.451477998972818e-07,348,5.8,0.05563218390583141,90.12300000000687,4.566475113582984e-05,0
BTC-USD,2026-04-06T15:05:46.339498496Z,69647.58,69647.58499999999,0.0,0.00999999999476131,0.001435799962735436,5.366116714150554e-05,6.465973249185915e-07,347,5.783333333333333,0.05576368875860106,90.12300000000687,4.566475113582984e-05,0
BTC-USD,2026-04-06T15:05:46.5082586Z,69647.59,69647.58499999999,1.435799962431838e-07,0.00999999999476131,0.001435799962735436,5.366116269481643e-05,6.470122960059995e-07,347,5.783333333333333,0.05576368875860106,90.12300000000687,4.566472869479513e-05,0
BTC-USD,2026-04-06T15:05:46.587838369Z,69647.59,69647.58499999999,0.0,0.00999999999476131,0.001435799962735436,5.358379657195169e-05,6.451477072567027e-07,348,5.8,0.05563218390583141,90.12300000000687,4.571076340624985e-05,0
BTC-USD,2026-04-06T15:05:46.762006298Z,69647.58,69647.58499999999,-1.4357999631927317e-07,0.00999999999476131,0.001435799962735436,5.358380210656182e-05,6.447339320511716e-07,348,5.8,0.05563218390578959,90.12300000000687,4.575123929550422e-05,0
BTC-USD,2026-04-06T15:05:46.8384429Z,69647.58,69647.58499999999,0.0,0.00999999999476131,0.001435799962735436,5.3506769627859644e-05,6.428812483383808e-07,349,5.816666666666666,0.055501432662491516,90.12300000000687,4.5816972230264086e-05,0
BTC-USD,2026-04-06T15:05:47.34503119Z,69647.58,69647.58499999999,0.0,0.00999999999476131,0.001435799962735436,5.3712224521702937e-05,5.510666669413722e-07,346,5.766666666666667,0.055895953754902174,90.12300000000687,4.562063747231041e-05,0
BTC-USD,2026-04-06T15:05:47.588583397Z,69647.58,69647.58499999999,0.0,0.00999999999476131,0.001435799962735436,5.3712224521702937e-05,5.510666669413722e-07,346,5.766666666666667,0.055895953754902174,90.12300000000687,4.5566276324040564e-05,0
BTC-USD,2026-04-06T15:05:47.841167842Z,69647.58,69647.58499999999,0.0,0.00999999999476131,0.001435799962735436,5.378444147207976e-05,5.935802766113328e-07,345,5.75,0.056028985504931565,90.12300000000687,4.550209924815113e-05,0
BTC-USD,2026-04-06T15:05:48.088961847Z,69647.58,69647.58499999999,0.0,0.00999999999476131,0.001435799962735436,5.378444147207976e-05,5.935802766113328e-07,345,5.75,0.056028985504931565,90.12300000000687,4.550209924815113e-05,0
BTC-USD,2026-04-06T15:05:48.340694381Z,69647.58,69647.58499999999,0.0,0.00999999999476131,0.001435799962735436,5.386084757388738e-05,5.689337272598858e-07,344,5.733333333333333,0.05616279069536811,90.12300000000687,4.550208144544507e-05,0
BTC-USD,2026-04-06T15:05:48.841868751Z,69647.58,69647.58499999999,0.0,0.00999999999476131,0.001435799962735436,5.4076984129597464e-05,6.537839827339131e-07,341,5.683333333333334,0.05656891495373122,90.12300000000687,4.5246250175592706e-05,0
BTC-USD,2026-04-06T15:05:49.384005731Z,69647.58,69647.58499999999,0.0,0.00999999999476131,0.001435799962735436,5.415667328482213e-05,6.55712549054662e-07,340,5.666666666666667,0.05670588235066937,90.12300000000687,4.505718389098137e-05,0
BTC-USD,2026-04-06T15:05:49.49697099Z,69647.59,69647.58499999999,1.435799962431838e-07,0.00999999999476131,0.001435799962735436,5.407697958308247e-05,6.542062768405106e-07,341,5.683333333333334,0.05656891495373122,90.12300000000687,4.5119924208523364e-05,0
BTC-USD,2026-04-06T15:05:49.59555225Z,69647.59,69660.805,0.0,0.00999999999476131,0.001435527481309082,5.399764119461713e-05,6.522877833600399e-07,342,5.7,0.056432748535722534,90.12300000000687,4.518294604019532e-05,0
BTC-USD,2026-04-06T15:05:49.763777743Z,69663.24,69660.805,0.0002246774362889744,0.00999999999476131,0.001435527481309082,5.5339738190779194e-05,1.3111658956444223e-06,342,5.7,0.056432748535722534,90.12300000000687,4.3617180853912845e-05,0
BTC-USD,2026-04-06T15:05:49.843843008Z,69663.24,69663.35500000001,0.0,0.00999999999476131,0.0014354749343842698,5.525881826323432e-05,1.3073320772361053e-06,343,5.716666666666667,0.0562973760909967,90.12300000000687,4.3617180853912845e-05,0
BTC-USD,2026-04-06T15:05:50.016432112Z,69663.35,69663.35500000001,1.5790237887332598e-06,0.00999999999476131,0.0014354749343842698,5.525877480501173e-05,1.3119491058581325e-06,343,5.716666666666667,0.0562973760909967,90.12300000000687,4.367798786908033e-05,0
BTC-USD,2026-04-06T15:05:50.089271212Z,69663.35,69663.995,0.0,0.00999999999476131,0.00143546174674038,5.525877480501173e-05,1.3119491058581325e-06,343,5.716666666666667,0.0562973760909967,90.12300000000687,4.3739404382834986e-05,0
BTC-USD,2026-04-06T15:05:50.261875619Z,69664.0,69663.995,9.330544218327914e-06,0.00999999999476131,0.00143546174674038,5.517985753469747e-05,1.3353269341743709e-06,344,5.733333333333333,0.05616279069536811,90.12300000000687,4.375651346017409e-05,0
BTC-USD,2026-04-06T15:05:50.342626756Z,69664.0,69658.065,0.0,0.010000000009313226,0.0014355839498718815,5.517967996114453e-05,1.339932568095573e-06,344,5.733333333333333,0.056162790695410414,90.12300000000687,4.375651346017409e-05,0
BTC-USD,2026-04-06T15:05:50.482287018Z,69659.0,69658.065,-7.177565803419684e-05,0.010000000009313226,0.0014355839498718815,5.5239850900496165e-05,1.127387246577281e-06,345,5.75,0.05602898550501593,90.12300000000687,4.366445428986956e-05,0
BTC-USD,2026-04-06T15:05:50.589032664Z,69659.0,69658.065,0.0,0.010000000009313226,0.0014355839498718815,5.5320291281653934e-05,1.1302553955686891e-06,344,5.733333333333333,0.05616279069549501,90.12300000000687,4.3636417084001566e-05,0
BTC-USD,2026-04-06T15:05:50.716957188Z,69658.06,69658.065,-1.3494399035021461e-05,0.010000000009313226,0.0014355839498718815,5.524543641048388e-05,1.0877418652472063e-06,345,5.75,0.056028985505100284,90.12300000000687,4.369426513860817e-05,0
BTC-USD,2026-04-06T15:05:50.845953249Z,69658.06,69654.015,0.0,0.010000000009313226,0.0014356674212266478,5.5325870438569065e-05,1.0913318186228816e-06,344,5.733333333333333,0.05616279069557962,90.12300000000687,4.363294449124205e-05,0
BTC-USD,2026-04-06T15:05:51.021537387Z,69658.05,69654.015,-1.4355841535693292e-07,0.010000000009313226,0.0014356674212266478,5.5325879235866754e-05,1.0909132809687796e-06,344,5.733333333333333,0.05616279069562192,90.12300000000687,4.3681907245644507e-05,0
BTC-USD,2026-04-06T15:05:51.088122815Z,69658.05,69654.015,0.0,0.010000000009313226,0.0014356674212266478,5.524543640700261e-05,1.0877420214310799e-06,345,5.75,0.05602898550522682,90.12300000000687,4.3743302139719586e-05,0
BTC-USD,2026-04-06T15:05:51.272880753Z,69654.02,69654.015,-5.785571919396149e-05,0.010000000009313226,0.0014356674212266478,5.525624882915264e-05,9.168914092125507e-07,346,5.766666666666667,0.055895953755238634,90.12300000000687,4.364113907097513e-05,0
BTC-USD,2026-04-06T15:05:51.342021586Z,69654.02,69654.015,0.0,0.010000000009313226,0.0014356674212266478,5.525625519394462e-05,9.164751421327705e-07,346,5.766666666666667,0.05589595375528069,90.12300000000687,4.3641139070975125e-05,0
BTC-USD,2026-04-06T15:05:51.587318762Z,69654.02,69654.015,0.0,0.010000000009313226,0.0014356674212266478,5.5256255193944624e-05,9.164751421327705e-07,346,5.766666666666667,0.05589595375532275,90.12300000000687,4.370248286384797e-05,0
BTC-USD,2026-04-06T15:05:51.746163644Z,69654.01,69654.015,-1.4356674214183534e-07,0.010000000009313226,0.0014356674212266478,5.533648910658594e-05,9.191394460356789e-07,345,5.75,0.05602898550539554,90.12300000000687,4.370250818455528e-05,0
BTC-USD,2026-04-06T15:05:51.840888Z,69654.01,69654.015,0.0,0.010000000009313226,0.0014356674212266478,5.5256255191420364e-05,9.164752737283291e-07,346,5.766666666666667,0.05589595375540687,90.12300000000687,4.376411149272492e-05,0
BTC-USD,2026-04-06T15:05:52.340758464Z,69654.01,69654.015,0.0,0.010000000009313226,0.0014356674212266478,5.541707354670505e-05,9.21819152875433e-07,344,5.733333333333333,0.056162790695918036,90.12300000000687,4.3721362523300296e-05,0
BTC-USD,2026-04-06T15:05:52.590940243Z,69654.01,69650.23,0.0,0.4400000000023283,0.06317279928613707,5.541707354670505e-05,9.21819152875433e-07,344,5.733333333333333,0.05741279069594003,90.12300000000687,4.362424225607539e-05,0
BTC-USD,2026-04-06T15:05:52.849378493Z,69654.01,69642.845,0.0,0.6300000000046566,0.09046155423499092,5.5336489106585935e-05,9.191394460356789e-07,345,5.75,0.05907246376640008,90.12300000000687,4.362424225607539e-05,0
BTC-USD,2026-04-06T15:05:53.064778012Z,69652.8,69642.845,-1.737172791511677e-05,0.6300000000046566,0.09046155423499092,5.534523074866457e-05,8.686402369801069e-07,345,5.75,0.0607246376794638,90.12300000000687,4.4217692150742896e-05,0
BTC-USD,2026-04-06T15:05:53.091627353Z,69652.8,69632.42499999999,0.0,0.00999999999476131,0.0014361125574416389,5.526498179107957e-05,8.661224391917588e-07,346,5.766666666666667,0.06057803468037507,90.12300000000687,4.4217692150742896e-05,0
BTC-USD,2026-04-06T15:05:53.302191845Z,69634.74,69632.42499999999,-0.00025931967929366184,0.00999999999476131,0.0014361125574416389,5.642144602772716e-05,-3.2424113666823524e-07,346,5.766666666666667,0.060578034680333015,90.12300000000687,4.2151077369990416e-05,0
BTC-USD,2026-04-06T15:05:53.350626224Z,69634.74,69624.695,0.0,0.6299999999901047,0.0904851360555482,5.520911707056137e-05,3.231325419775246e-07,345,5.75,0.06249275362136794,90.12300000000687,4.2151077369990416e-05,0
BTC-USD,2026-04-06T15:05:53.527712419Z,69626.97,69624.695,-0.00011158846186891112,0.6299999999901047,0.0904851360555482,5.5456365820940644e-05,-1.2488910975149627e-09,346,5.766666666666667,0.06413294797503481,90.12300000000687,4.181264271944429e-05,0
BTC-USD,2026-04-06T15:05:53.590008165Z,69626.97,69624.38500000001,0.0,0.00999999999476131,0.001436278395099836,5.373840171398151e-05,-7.560073845961657e-07,345,5.75,0.06426086956335643,90.12300000000687,4.181264271944429e-05,0
BTC-USD,2026-04-06T15:05:53.756207917Z,69625.01,69624.38500000001,-2.8150407629883756e-05,0.00999999999476131,0.001436278395099836,5.3758618012607245e-05,-8.378399649155951e-07,345,5.75,0.06426086956335643,90.12300000000687,4.1849085828587325e-05,0
BTC-USD,2026-04-06T15:05:53.850203799Z,69625.01,69614.025,0.0,0.00999999999476131,0.0014364921428923713,5.375861094831537e-05,-8.382573636084492e-07,345,5.75,0.06426086956335643,90.12300000000687,4.189615361029946e-05,0
BTC-USD,2026-04-06T15:05:54.028800094Z,69615.0,69614.025,-0.00014378051275974976,0.00999999999476131,0.0014364921428923713,5.4306613601721996e-05,-1.2562239704681867e-06,345,5.75,0.06426086956335643,90.12300000000687,4.153061910402602e-05,0
BTC-USD,2026-04-06T15:05:54.091295132Z,69615.0,69613.205,0.0,0.010000000009313226,0.0014365090659614402,5.4306622703614595e-05,-1.2558065717754298e-06,345,5.75,0.06426086956339862,90.12300000000687,4.153061910402602e-05,0
BTC-USD,2026-04-06T15:05:54.267783586Z,69614.03,69613.205,-1.3933875715669613e-05,0.010000000009313226,0.0014365090659614402,5.431086716944357e-05,-1.2963120244372602e-06,345,5.75,0.06426086956344079,90.12300000000687,4.152693918810711e-05,0
BTC-USD,2026-04-06T15:05:54.344174346Z,69614.03,69616.83499999999,0.0,0.00999999999476131,0.0014364341606109086,5.431085665345922e-05,-1.2967294231301141e-06,345,5.75,0.06426086956344079,90.12300000000687,4.15269391881071e-05,0
BTC-USD,2026-04-06T15:05:54.461464882Z,69616.84,69616.83499999999,4.0364611675330966e-05,0.00999999999476131,0.0014364341606109086,5.427831723842478e-05,-1.1759719126997922e-06,346,5.766666666666667,0.06410404624098796,90.12300000000687,4.152594467816371e-05,0
BTC-USD,2026-04-06T15:05:54.59197073Z,69616.84,69622.095,0.0,0.010000000009313226,0.0014363256390536978,5.427831723842478e-05,-1.1759719126997922e-06,346,5.766666666666667,0.06410404624103001,90.12300000000687,4.1467697588338644e-05,0
BTC-USD,2026-04-06T15:05:54.846464092Z,69616.84,69625.89499999999,0.0,0.00999999999476131,0.0014362472460513881,5.420386749415913e-05,-1.3955949028407215e-06,345,5.75,0.06426086956348297,90.12300000000687,4.140964723253377e-05,0
BTC-USD,2026-04-06T15:05:55.099420162Z,69616.84,69625.95,0.0,0.10000000000582077,0.014362461123449055,5.4203867494159124e-05,-1.3955949028407215e-06,345,5.75,0.06452173912873242,90.12300000000687,4.1409647232533766e-05,0
BTC-USD,2026-04-06T15:05:55.104368928Z,69624.52,69625.95,0.00011031205107160174,0.10000000000582077,0.014362461123449055,5.4457397543160186e-05,-1.0718046246539316e-06,346,5.766666666666667,0.06462427745496678,90.12300000000687,4.104045685619952e-05,0
BTC-USD,2026-04-06T15:05:55.273930588Z,69608.0,69625.95,-0.00023730088455667394,0.10000000000582077,0.014362461123449055,5.583775281463797e-05,-1.7545476302378046e-06,347,5.783333333333333,0.06472622478220266,90.12300000000687,3.9102872497421614e-05,0
BTC-USD,2026-04-06T15:05:55.451777085Z,69608.0,69625.94,0.0,0.08000000000174623,0.011489970548583793,5.575731623319168e-05,-1.7494912970094535e-06,348,5.8,0.06477011494087952,90.12300000000687,3.9102872497421614e-05,0
BTC-USD,2026-04-06T15:05:55.722615167Z,69608.0,69619.22,0.0,0.04000000000814907,0.005745539810435836,5.558666492873275e-05,-1.5107423176406054e-06,348,5.8,0.06485632183746971,90.12300000000687,3.9102872497421614e-05,0
BTC-USD,2026-04-06T15:05:55.768651204Z,69625.9,69619.22,0.0002571212915620974,0.04000000000814907,0.005745539810435836,5.728952590898974e-05,-7.697587684702959e-07,348,5.8,0.06494252873405991,90.12300000000687,3.66213613244895e-05,0
BTC-USD,2026-04-06T15:05:56.01688611Z,69625.9,69619.215,0.0,0.00999999999476131,0.0014363850547239453,4.8566685799008194e-05,-2.3964598890965604e-06,348,5.8,0.06494252873405991,90.12300000000687,3.657015112025303e-05,0
BTC-USD,2026-04-06T15:05:56.034737599Z,69619.21,69619.215,-9.608955036386843e-05,0.00999999999476131,0.0014363850547239453,4.882548213693284e-05,-2.6733750198281697e-06,348,5.8,0.06494252873405991,90.12300000000687,3.627855015044866e-05,0
BTC-USD,2026-04-06T15:05:56.132226458Z,69619.21,69619.215,0.0,0.00999999999476131,0.0014363850547239453,4.548694366345171e-05,-1.714459287563551e-06,348,5.8,0.06494252873405991,70.30000000000291,3.627855015044866e-05,0
BTC-USD,2026-04-06T15:05:56.339599684Z,69619.21,69619.235,0.0,0.010000000009313226,0.001436384644173873,4.548694366345171e-05,-1.714459287563551e-06,348,5.8,0.06494252873410172,70.30000000000291,3.632950893514168e-05,0
BTC-USD,2026-04-06T15:05:56.491608356Z,69619.23,69619.235,2.872769902325193e-07,0.010000000009313226,0.001436384644173873,4.5552584245590425e-05,-1.7181691985428374e-06,347,5.783333333333333,0.06510086455183628,70.30000000000291,3.632946957520562e-05,0
BTC-USD,2026-04-06T15:05:56.589896236Z,69619.23,69619.205,0.0,0.010000000009313226,0.001436385263134393,4.548699240487064e-05,-1.7132177022934345e-06,348,5.8,0.06494252873418535,70.30000000000291,3.638064354409739e-05,0
BTC-USD,2026-04-06T15:05:56.843577949Z,69619.23,69616.83499999999,0.0,0.00999999999476131,0.0014364341606109086,4.555262529220575e-05,-1.7169245181403307e-06,347,5.783333333333333,0.06510086455179434,70.30000000000291,3.638064354409739e-05,0
BTC-USD,2026-04-06T15:05:56.996439361Z,69619.21,69616.83499999999,-2.872769902710177e-07,0.00999999999476131,0.0014364341606109086,4.547989597872413e-05,-1.5746129767173624e-06,347,5.783333333333333,0.06510086455179434,70.30000000000291,3.6432067634768784e-05,0
BTC-USD,2026-04-06T15:05:57.087944561Z,69619.21,69616.83499999999,0.0,0.00999999999476131,0.0014364341606109086,4.547989597872413e-05,-1.5746129767173624e-06,347,5.783333333333333,0.06510086455179434,70.30000000000291,3.6432067634768784e-05,0
BTC-USD,2026-04-06T15:05:57.264833448Z,69616.83,69616.83499999999,-3.418655112910393e-05,0.00999999999476131,0.0014364341606109086,4.550543322163604e-05,-1.5338724141302603e-06,346,5.766666666666667,0.0652601156054274,70.30000000000291,3.6442378688160116e-05,0
BTC-USD,2026-04-06T15:05:57.340472226Z,69616.83,69619.235,0.0,0.010000000009313226,0.001436384644173873,4.5489205176548106e-05,-1.4639604734597337e-06,346,5.766666666666667,0.06526011560546945,70.30000000000291,3.649416118840374e-05,0
BTC-USD,2026-04-06T15:05:57.517647349Z,69617.99,69619.235,1.6662498648487933e-05,0.010000000009313226,0.001436384644173873,4.5499578189147485e-05,-1.4156633759278847e-06,346,5.766666666666667,0.06526011560551151,70.30000000000291,3.648128224710965e-05,0
BTC-USD,2026-04-06T15:05:57.588520286Z,69617.99,69622.39499999999,0.0,0.00999999999476131,0.0014363194478962283,4.5478814130904314e-05,-1.4855753165982094e-06,346,5.766666666666667,0.06526011560551151,70.30000000000291,3.6533261859725226e-05,0
BTC-USD,2026-04-06T15:05:57.773233219Z,69619.24,69622.39499999999,1.795496793543277e-05,0.00999999999476131,0.0014363194478962283,4.5425035651235924e-05,-1.4293887754073685e-06,347,5.783333333333333,0.06510086455187822,70.30000000000291,3.651837542158723e-05,0
BTC-USD,2026-04-06T15:05:57.842198725Z,69619.24,69622.545,0.0,0.010000000009313226,0.0014363163554726743,4.5425035651235924e-05,-1.4293887754073685e-06,347,5.783333333333333,0.06510086455192016,70.30000000000291,3.657054996454468e-05,0
BTC-USD,2026-04-06T15:05:57.974251949Z,69622.4,69622.545,4.5388721370029865e-05,0.010000000009313226,0.0014363163554726743,4.549445926531774e-05,-1.298207499771444e-06,347,5.783333333333333,0.0651008645519621,70.30000000000291,3.6483633531556916e-05,0
BTC-USD,2026-04-06T15:05:58.088982756Z,69622.4,69622.545,0.0,0.010000000009313226,0.0014363163554726743,4.5428911294141276e-05,-1.29446626778363e-06,348,5.8,0.0649425287343108,70.30000000000291,3.654890358009583e-05,0
BTC-USD,2026-04-06T15:05:58.276874566Z,69622.54,69622.545,2.010845061982938e-06,0.010000000009313226,0.0014363163554726743,4.543000936741461e-05,-1.1583687686194585e-06,347,5.783333333333333,0.0651008645519621,70.30000000000291,3.659676214072859e-05,0
BTC-USD,2026-04-06T15:05:58.340171826Z,69622.54,69622.47,0.0,0.16000000000349246,0.02298108642274433,4.536454352616283e-05,-1.1550305300931776e-06,348,5.8,0.06537356321705269,70.30000000000291,3.66489906185784e-05,0
BTC-USD,2026-04-06T15:05:58.58825154Z,69622.54,69622.53,0.0,0.04000000000814907,0.005745266655513535,4.5311100646393035e-05,-1.3313994145965522e-06,347,5.783333333333333,0.06561959654049845,70.30000000000291,3.66489906185784e-05,0
BTC-USD,2026-04-06T15:05:58.844243735Z,69622.54,69622.515,0.0,0.010000000009313226,0.0014363169743743423,4.544252564847592e-05,-1.3387227672824562e-06,345,5.75,0.06594202898428404,70.30000000000291,3.670144334466481e-05,0
BTC-USD,2026-04-06T15:05:59.170924425Z,69622.54,69624.375,0.0,0.010000000009313226,0.0014362786034794893,4.544252564847592e-05,-1.3387227672824562e-06,345,5.75,0.06594202898432622,70.30000000000291,3.66489906185784e-05,0
BTC-USD,2026-04-06T15:05:59.267299655Z,69622.51,69624.375,-4.3089503001088e-07,0.010000000009313226,0.0014362786034794893,4.537664536874901e-05,-1.3360913825367414e-06,346,5.766666666666667,0.06578034681965855,70.30000000000291,3.6702592726689936e-05,0
BTC-USD,2026-04-06T15:05:59.342908083Z,69622.51,69624.375,0.0,0.010000000009313226,0.0014362786034794893,4.5370652705803476e-05,-1.292397200624386e-06,346,5.766666666666667,0.06578034681965855,70.30000000000291,3.6702592726689936e-05,0
BTC-USD,2026-04-06T15:05:59.514408444Z,69622.55,69624.375,5.745266655141129e-07,0.010000000009313226,0.0014362786034794893,4.53707106554218e-05,-1.2907319059417363e-06,346,5.766666666666667,0.06578034681965855,70.30000000000291,3.6755037642321446e-05,0
BTC-USD,2026-04-06T15:05:59.589450925Z,69622.55,69624.375,0.0,0.010000000009313226,0.0014362786034794893,4.535976794048792e-05,-1.233304265126074e-06,346,5.766666666666667,0.06578034681965855,70.30000000000291,3.6782046866081804e-05,0
BTC-USD,2026-04-06T15:05:59.844482861Z,69622.55,69621.205,0.0,2.0100000000093132,0.2887051437861946,4.542560118076621e-05,-1.2368894519433011e-06,345,5.75,0.07173913043360158,70.30000000000291,3.672945197701186e-05,0
BTC-USD,2026-04-06T15:06:00.089757375Z,69622.55,69622.205,0.0,0.010000000009313226,0.0014363233697228099,4.542560118076621e-05,-1.2368894519433011e-06,345,5.75,0.07173913043364376,70.30000000000291,3.672945197701186e-05,0
BTC-USD,2026-04-06T15:06:00.267002758Z,69621.68,69622.205,-1.2496029458801721e-05,0.010000000009313226,0.0014363233697228099,4.536375761650303e-05,-1.2695246403689778e-06,346,5.766666666666667,0.07156069364050986,70.30000000000291,3.677777675283481e-05,0
BTC-USD,2026-04-06T15:06:00.340303149Z,69621.68,69622.205,0.0,0.010000000009313226,0.0014363233697228099,4.529820688594689e-05,-1.26585549400953e-06,347,5.783333333333333,0.07138328530151505,70.30000000000291,3.683059734553254e-05,0
BTC-USD,2026-04-06T15:06:00.502741725Z,69622.2,69622.205,7.468909944274825e-06,0.010000000009313226,0.0014363233697228099,4.517256922323684e-05,-1.0579533171715005e-06,347,5.783333333333333,0.07138328530155699,70.30000000000291,3.682732049402822e-05,0
BTC-USD,2026-04-06T15:06:00.587984588Z,69622.2,69622.205,0.0,0.010000000009313226,0.0014363233697228099,4.517256922323684e-05,-1.0579533171715005e-06,347,5.783333333333333,0.07138328530159893,70.30000000000291,3.6880361413256784e-05,0
BTC-USD,2026-04-06T15:06:00.841436312Z,69622.2,69622.205,0.0,0.010000000009313226,0.0014363233697228099,4.485207947627058e-05,-7.409649306056283e-07,346,5.766666666666667,0.07156069364067809,70.30000000000291,3.6880361413256784e-05,0
BTC-USD,2026-04-06T15:06:01.088563505Z,69622.2,69624.375,0.0,0.010000000009313226,0.0014362786034794893,4.491721874606408e-05,-7.397794631438718e-07,345,5.75,0.07173913043389683,70.30000000000291,3.757617938666054e-05,0
BTC-USD,2026-04-06T15:06:01.271476863Z,69623.26,69624.375,1.5224912898785612e-05,0.010000000009313226,0.0014362786034794893,4.486028495531486e-05,-6.935049925295834e-07,346,5.766666666666667,0.0715606936407622,70.30000000000291,3.762067327072479e-05,0
BTC-USD,2026-04-06T15:06:01.341598656Z,69623.26,69625.495,0.0,0.00999999999476131,0.0014362554973234032,4.479542651623801e-05,-6.915006428401915e-07,347,5.783333333333333,0.07138328530172473,70.30000000000291,3.767460526553016e-05,0
BTC-USD,2026-04-06T15:06:01.52492757Z,69608.0,69625.495,-0.00021920364810457606,0.00999999999476131,0.0014362554973234032,4.630579024749872e-05,-1.3250371980557293e-06,347,5.783333333333333,0.07138328530172473,70.30000000000291,3.5832944537701564e-05,0
BTC-USD,2026-04-06T15:06:01.591495587Z,69608.0,69625.495,0.0,0.00999999999476131,0.0014362554973234032,4.623907362103242e-05,-1.3212186470526869e-06,348,5.8,0.07120689655084265,70.30000000000291,3.5832944537701564e-05,0
BTC-USD,2026-04-06T15:06:01.741374618Z,69625.49,69625.495,0.0002512326609352075,0.00999999999476131,0.0014362554973234032,4.811098865325513e-05,-5.954891080232036e-07,349,5.816666666666666,0.07103151862374787,70.30000000000291,3.320724965186793e-05,0
BTC-USD,2026-04-06T15:06:02.086970342Z,69625.49,69625.495,0.0,0.00999999999476131,0.0014362554973234032,4.811098865325513e-05,-5.954891080232036e-07,349,5.816666666666666,0.07103151862374787,70.30000000000291,3.325493328270495e-05,0
BTC-USD,2026-04-06T15:06:02.340529142Z,69625.49,69625.495,0.0,0.00999999999476131,0.0014362554973234032,4.816069585127178e-05,-5.218888545977643e-07,348,5.8,0.07120689655084265,70.30000000000291,3.325493328270495e-05,0
BTC-USD,2026-04-06T15:06:02.589275521Z,69625.49,69625.495,0.0,0.00999999999476131,0.0014362554973234032,4.823022871081435e-05,-5.238122314670084e-07,347,5.783333333333333,0.07138328530172473,70.30000000000291,3.329205680759961e-05,0
BTC-USD,2026-04-06T15:06:02.844336142Z,69625.49,69625.495,0.0,0.00999999999476131,0.0014362554973234032,4.830007266467396e-05,-5.249142972331985e-07,346,5.766666666666667,0.0715606936407622,70.30000000000291,3.329205680759961e-05,0
BTC-USD,2026-04-06T15:06:03.087388199Z,69625.49,69625.495,0.0,0.00999999999476131,0.0014362554973234032,4.844066660628099e-05,-5.279750219984921e-07,344,5.733333333333333,0.07191860465033198,70.30000000000291,3.3753100670408384e-05,0
BTC-USD,2026-04-06T15:06:03.339998835Z,69625.49,69625.495,0.0,0.00999999999476131,0.0014362554973234032,4.8511426175592704e-05,-5.295188086125227e-07,343,5.716666666666667,0.07209912536361353,70.30000000000291,3.3753100670408384e-05,0
BTC-USD,2026-04-06T15:06:03.588267447Z,69625.49,69626.965,0.0,0.00999999999476131,0.0014362251743647466,4.85114261755927e-05,-5.295188086125227e-07,343,5.716666666666667,0.07209912536361353,70.30000000000291,3.3753100670408384e-05,0
BTC-USD,2026-04-06T15:06:03.725271045Z,69626.0,69626.965,7.324876739166448e-06,0.00999999999476131,0.0014362251743647466,4.844250922998425e-05,-5.066196962283275e-07,344,5.733333333333333,0.07191860465033198,70.30000000000291,3.37489806544664e-05,0
BTC-USD,2026-04-06T15:06:03.840103587Z,69626.0,69626.965,0.0,0.00999999999476131,0.0014362251743647466,4.844250922998425e-05,-5.066196962283275e-07,344,5.733333333333333,0.07191860465033198,70.30000000000291,3.3749017699316186e-05,0
BTC-USD,2026-04-06T15:06:04.004270567Z,69626.96,69626.965,1.37878577234535e-05,0.00999999999476131,0.0014362251743647466,4.837816891749691e-05,-4.650659827990198e-07,345,5.75,0.07173913043393902,70.30000000000291,3.3689406515181105e-05,0
BTC-USD,2026-04-06T15:06:04.340509795Z,69626.96,69626.965,0.0,0.00999999999476131,0.0014362251743647466,4.8448633176845374e-05,-4.664218602998916e-07,344,5.733333333333333,0.07191860465033198,70.30000000000291,3.371338257139195e-05,0
BTC-USD,2026-04-06T15:06:04.588679782Z,69626.96,69626.965,0.0,0.00999999999476131,0.0014362251743647466,4.837816891749691e-05,-4.650659827990198e-07,345,5.75,0.07173913043393902,70.30000000000291,3.4336352189420054e-05,0
BTC-USD,2026-04-06T15:06:04.84027041Z,69626.96,69626.965,0.0,0.00999999999476131,0.0014362251743647466,4.844863317684537e-05,-4.664218602998916e-07,344,5.733333333333333,0.07191860465033198,70.30000000000291,3.429050821802238e-05,0
BTC-USD,2026-04-06T15:06:05.086231543Z,69626.96,69626.965,0.0,0.00999999999476131,0.0014362251743647466,4.83781689174969e-05,-4.650659827990198e-07,345,5.75,0.07173913043393902,70.30000000000291,3.429050821802238e-05,0
BTC-USD,2026-04-06T15:06:05.340514952Z,69626.96,69626.965,0.0,0.00999999999476131,0.0014362251743647466,4.844863317684537e-05,-4.664218602998916e-07,344,5.733333333333333,0.07191860465033198,70.30000000000291,3.424536876217323e-05,0
BTC-USD,2026-04-06T15:06:05.586940527Z,69626.96,69626.965,0.0,0.00999999999476131,0.0014362251743647466,4.83781689174969e-05,-4.650659827990198e-07,345,5.75,0.07173913043393902,70.30000000000291,3.421525460886664e-05,0
BTC-USD,2026-04-06T15:06:05.840675623Z,69626.96,69626.965,0.0,0.00999999999476131,0.0014362251743647466,4.844525404678676e-05,-4.341850478309345e-07,344,5.733333333333333,0.07191860465024737,70.30000000000291,3.421525460886664e-05,0
BTC-USD,2026-04-06T15:06:06.086203396Z,69626.96,69626.965,0.0,0.00999999999476131,0.0014362251743647466,4.8260077159198134e-05,-1.6545518995081438e-07,343,5.716666666666667,0.07209912536352868,70.30000000000291,3.421360457226055e-05,0
BTC-USD,2026-04-06T15:06:06.339096328Z,69626.96,69626.965,0.0,0.00999999999476131,0.0014362251743647466,4.8324019438035945e-05,-1.217186192175973e-07,342,5.7,0.07228070175349582,70.30000000000291,3.416602738315437e-05,0
BTC-USD,2026-04-06T15:06:06.498317381Z,69626.97,69626.965,1.4362251733483166e-07,0.00999999999476131,0.0014362251743647466,4.832402112295988e-05,-1.2129743881485586e-07,342,5.7,0.07228070175349582,70.30000000000291,3.416598332586912e-05,0
BTC-USD,2026-04-06T15:06:06.586640873Z,69626.97,69626.965,0.0,0.00999999999476131,0.0014362251743647466,4.825332069398756e-05,-1.2094276794112822e-07,343,5.716666666666667,0.07209912536352868,70.30000000000291,3.418288896297325e-05,0
BTC-USD,2026-04-06T15:06:06.755761198Z,69626.96,69626.965,-1.436225174231332e-07,0.00999999999476131,0.0014362251743647466,4.8253320264568494e-05,-1.2136271682248241e-07,343,5.716666666666667,0.07209912536352868,70.30000000000291,3.419579076591532e-05,0
BTC-USD,2026-04-06T15:06:06.842431042Z,69626.96,69626.965,0.0,0.00999999999476131,0.0014362251743647466,4.8182929248695516e-05,-1.2100888965973463e-07,344,5.733333333333333,0.07191860465024737,70.30000000000291,3.424328004683213e-05,0
BTC-USD,2026-04-06T15:06:07.58725841Z,69626.96,69626.965,0.0,0.00999999999476131,0.0014362251743647466,4.838957825847073e-05,-8.237059045288222e-08,341,5.683333333333334,0.07246334310762702,70.30000000000291,3.420267722435265e-05,0
BTC-USD,2026-04-06T15:06:08.338972801Z,69626.96,69626.965,0.0,0.00999999999476131,0.0014362251743647466,4.852911783999176e-05,-1.1387602575008415e-07,339,5.65,0.072831858406228,70.30000000000291,3.406232994096778e-05,0
BTC-USD,2026-04-06T15:06:08.586818301Z,69626.96,69626.965,0.0,0.00999999999476131,0.0014362251743647466,4.84574885002626e-05,-1.1354010826999541e-07,340,5.666666666666667,0.07264705882266485,70.30000000000291,3.4062174508084795e-05,0
BTC-USD,2026-04-06T15:06:08.842984739Z,69626.96,69626.965,0.0,0.00999999999476131,0.0014362251743647466,4.84574885002626e-05,-1.1354010826999541e-07,340,5.666666666666667,0.07264705882266485,70.30000000000291,3.4015890057690465e-05,0
BTC-USD,2026-04-06T15:06:09.34287748Z,69626.96,69619.955,0.0,0.010000000009313226,0.0014363697892814243,4.845748850026261e-05,-1.1354010826999541e-07,340,5.666666666666667,0.07264705882270765,70.30000000000291,3.3969793753654486e-05,0
BTC-USD,2026-04-06T15:06:09.478967687Z,69624.52,69619.955,-3.504451084112985e-05,0.010000000009313226,0.0014363697892814243,4.8423136211129724e-05,-2.1627825748428908e-07,341,5.683333333333334,0.07246334310771237,70.30000000000291,3.397524496092019e-05,0
BTC-USD,2026-04-06T15:06:09.589912391Z,69624.52,69619.955,0.0,0.010000000009313226,0.0014363697892814243,4.8423136211129724e-05,-2.1627825748428908e-07,341,5.683333333333334,0.07246334310775504,70.30000000000291,3.3929216994222504e-05,0
BTC-USD,2026-04-06T15:06:09.768665247Z,69619.95,69619.955,-6.563994967482035e-05,0.010000000009313226,0.0014363697892814243,4.8481327713979474e-05,-4.081365314354212e-07,342,5.7,0.07228070175366602,70.30000000000291,3.6667405946362943e-05,0
BTC-USD,2026-04-06T15:06:09.84099056Z,69619.95,69619.205,0.0,0.010000000009313226,0.001436385263134393,4.841040170762335e-05,-4.069431497645574e-07,343,5.716666666666667,0.0720991253637408,70.30000000000291,3.6667405946362943e-05,0
BTC-USD,2026-04-06T15:06:10.090686384Z,69619.95,69614.045,0.0,0.010000000009313226,0.0014364917322809247,4.8418549385507156e-05,-2.1291300665157958e-07,341,5.683333333333334,0.07246334310788306,70.30000000000291,3.9546393750064946e-05,0
BTC-USD,2026-04-06T15:06:10.269425045Z,69616.87,69614.045,-4.4241171272113786e-05,0.010000000009313226,0.0014364917322809247,4.840608457593501e-05,-3.4202813352976787e-07,342,5.7,0.07228070175379368,70.30000000000291,3.954112981587737e-05,0
BTC-USD,2026-04-06T15:06:10.341354897Z,69616.87,69614.045,0.0,0.010000000009313226,0.0014364917322809247,4.8335267166874084e-05,-3.410280512679849e-07,343,5.716666666666667,0.07209912536386807,70.30000000000291,3.954112981587737e-05,0
BTC-USD,2026-04-06T15:06:10.506086536Z,69614.04,69614.045,-4.065189260621217e-05,0.010000000009313226,0.0014364917322809247,4.838424273556642e-05,-4.5989323432708485e-07,343,5.716666666666667,0.0720991253639105,70.30000000000291,3.9545408361424945e-05,0
BTC-USD,2026-04-06T15:06:10.586755836Z,69614.04,69614.045,0.0,0.010000000009313226,0.0014364917322809247,4.8313666649848805e-05,-4.5855243772554813e-07,344,5.733333333333333,0.07191860465067039,70.30000000000291,3.9599446958463775e-05,0
BTC-USD,2026-04-06T15:06:11.087269022Z,69614.04,69614.045,0.0,0.010000000009313226,0.0014364917322809247,4.838424273556642e-05,-4.5989323432708485e-07,343,5.716666666666667,0.07209912536399535,70.30000000000291,4.0128058668571716e-05,0
BTC-USD,2026-04-06T15:06:11.340413285Z,69614.04,69614.045,0.0,0.010000000009313226,0.0014364917322809247,4.838424273556642e-05,-4.5989323432708485e-07,343,5.716666666666667,0.07209912536403777,70.30000000000291,4.0696843111521046e-05,0
BTC-USD,2026-04-06T15:06:11.524199066Z,69614.05,69614.045,1.4364917311969034e-07,0.010000000009313226,0.0014364917322809247,4.838424273639037e-05,-4.5989316826882393e-07,343,5.716666666666667,0.07040816326494975,70.30000000000291,4.075199259287319e-05,0
BTC-USD,2026-04-06T15:06:11.586833813Z,69614.05,69614.045,0.0,0.010000000009313226,0.0014364917322809247,4.838424273639037e-05,-4.5989316826882393e-07,343,5.716666666666667,0.06871720116586172,70.30000000000291,4.075199259287319e-05,0
BTC-USD,2026-04-06T15:06:11.729285982Z,69614.04,69614.045,-1.4364917321564936e-07,0.010000000009313226,0.0014364917322809247,4.838002209154955e-05,-4.934899048315854e-07,343,5.716666666666667,0.06871720116590414,70.30000000000291,4.0807417776176634e-05,0
BTC-USD,2026-04-06T15:06:11.840775809Z,69614.04,69614.045,0.0,0.010000000009313226,0.0014364917322809247,4.830945312711499e-05,-4.920511587533592e-07,344,5.733333333333333,0.06854651162765824,70.30000000000291,4.0863044861975454e-05,0
BTC-USD,2026-04-06T15:06:12.08813016Z,69614.04,69614.045,0.0,0.010000000009313226,0.0014364917322809247,4.844805040096951e-05,-4.6503262354384535e-07,342,5.7,0.06888888888871188,70.30000000000291,4.155928155904224e-05,0
BTC-USD,2026-04-06T15:06:12.58723979Z,69614.04,69614.045,0.0,0.010000000009313226,0.0014364917322809247,4.8590736922344036e-05,-4.681998555280727e-07,340,5.666666666666667,0.06923529411754263,70.30000000000291,4.229682046405944e-05,0
BTC-USD,2026-04-06T15:06:12.840911082Z,69614.04,69614.045,0.0,0.010000000009313226,0.0014364917322809247,4.569996287885748e-05,4.403302629946413e-07,339,5.65,0.06941002949847871,70.30000000000291,4.229682046405944e-05,0
BTC-USD,2026-04-06T15:06:13.089335181Z,69614.04,69614.045,0.0,0.010000000009313226,0.0014364917322809247,4.5632515270760744e-05,4.3903135366427364e-07,340,5.666666666666667,0.06923529411762823,70.30000000000291,4.229682046405944e-05,0
BTC-USD,2026-04-06T15:06:13.58710249Z,69614.04,69614.045,0.0,0.010000000009313226,0.0014364917322809247,4.536487190344676e-05,1.7093466374842196e-07,338,5.633333333333334,0.06958579881662315,70.30000000000291,4.224559763133777e-05,0
BTC-USD,2026-04-06T15:06:13.712557353Z,69614.04,69614.045,0.0,0.010000000009313226,0.0014364917322809247,4.529771534663753e-05,1.7042893989117812e-07,339,5.65,0.06941002949860749,70.30000000000291,4.224559763133777e-05,0
BTC-USD,2026-04-06T15:06:13.84231406Z,69614.04,69614.045,0.0,0.010000000009313226,0.0014364917322809247,4.529771534663753e-05,1.7042893989117812e-07,339,5.65,0.06941002949865042,70.30000000000291,4.224559763133777e-05,0
BTC-USD,2026-04-06T15:06:14.088793091Z,69614.04,69609.485,0.0,0.010000000009313226,0.0014365858344323659,4.5336362038761953e-05,2.5789772303244803e-07,338,5.633333333333334,0.06958579881675231,70.30000000000291,4.219548899896995e-05,0
BTC-USD,2026-04-06T15:06:14.267834307Z,69611.43,69609.485,-3.749313972943579e-05,0.010000000009313226,0.0014365858344323659,4.5382838741897604e-05,1.4664211552670387e-07,338,5.633333333333334,0.06958579881679537,70.30000000000291,4.215634808900813e-05,0
BTC-USD,2026-04-06T15:06:14.343876358Z,69611.43,69603.985,0.0,0.010000000009313226,0.001436699351238758,4.5382838741897604e-05,1.4664211552670387e-07,338,5.633333333333334,0.06958579881683842,70.30000000000291,4.215634808900813e-05,0
BTC-USD,2026-04-06T15:06:14.499205331Z,69606.25,69603.985,-7.441583572407561e-05,0.010000000009313226,0.001436699351238758,4.549624492945191e-05,-7.395693133602485e-08,339,5.65,0.06941002949882212,70.30000000000291,4.204614591883991e-05,0
BTC-USD,2026-04-06T15:06:14.591001951Z,69606.25,69606.945,0.0,0.00999999999476131,0.0014366382542376067,4.549624492945191e-05,-7.395693133602485e-08,339,5.65,0.06941002949882212,70.30000000000291,4.204614591883991e-05,0
BTC-USD,2026-04-06T15:06:14.733836043Z,69603.98,69606.945,-3.26125457906843e-05,0.00999999999476131,0.0014366382542376067,4.546335173187095e-05,-1.699409692692056e-07,340,5.666666666666667,0.06923529411792782,70.30000000000291,4.2073493335009476e-05,0
BTC-USD,2026-04-06T15:06:14.847525722Z,69603.98,69607.515,0.0,0.010000000009313226,0.001436626492026504,4.546335173187096e-05,-1.699409692692056e-07,340,5.666666666666667,0.06923529411797062,70.30000000000291,4.2073493335009476e-05,0
BTC-USD,2026-04-06T15:06:15.021138051Z,69607.51,69607.515,5.07142047075563e-05,0.010000000009313226,0.001436626492026504,4.547999637474642e-05,-2.028171727854235e-08,341,5.683333333333334,0.06906158357806254,70.30000000000291,4.203986441608199e-05,0
BTC-USD,2026-04-06T15:06:15.087459389Z,69607.51,69607.515,0.0,0.010000000009313226,0.001436626492026504,4.5479995517007e-05,-2.0704251567489263e-08,341,5.683333333333334,0.06906158357810521,70.30000000000291,4.209723754155344e-05,0
BTC-USD,2026-04-06T15:06:15.342656149Z,69607.51,69607.515,0.0,0.010000000009313226,0.001436626492026504,4.5479995517007e-05,-2.0704251567489263e-08,341,5.683333333333334,0.06906158357814789,70.30000000000291,4.198274753096912e-05,0
BTC-USD,2026-04-06T15:06:15.514217638Z,69607.52,69607.515,1.4366264922687193e-07,0.010000000009313226,0.001436626492026504,4.55470261250943e-05,-1.991776172677875e-08,340,5.666666666666667,0.06923529411814182,70.30000000000291,4.1982704280106814e-05,0
BTC-USD,2026-04-06T15:06:15.586712092Z,69607.52,69607.515,0.0,0.010000000009313226,0.001436626492026504,4.55470261250943e-05,-1.991776172677875e-08,340,5.666666666666667,0.06923529411818462,70.30000000000291,4.203984338166097e-05,0
BTC-USD,2026-04-06T15:06:15.773722961Z,69607.51,69607.515,-1.4366264921568045e-07,0.010000000009313226,0.001436626492026504,4.5479996374764836e-05,-2.0281717278216695e-08,341,5.683333333333334,0.06906158357827591,70.30000000000291,4.209723754384108e-05,0
BTC-USD,2026-04-06T15:06:15.840242609Z,69607.51,69607.515,0.0,0.010000000009313226,0.001436626492026504,4.5479996374764836e-05,-2.0281717278216695e-08,341,5.683333333333334,0.06906158357831858,70.30000000000291,4.215484620603029e-05,0
BTC-USD,2026-04-06T15:06:15.998279092Z,69607.52,69607.515,1.4366264922687193e-07,0.010000000009313226,0.001436626492026504,4.541326206633641e-05,-1.9800942009873328e-08,342,5.7,0.06888888888952033,70.30000000000291,4.215482364678219e-05,0
BTC-USD,2026-04-06T15:06:16.089336819Z,69607.52,69607.515,0.0,0.010000000009313226,0.001436626492026504,4.534681981648759e-05,-1.9743044518616387e-08,343,5.716666666666667,0.06871720116683751,70.30000000000291,4.221266937016459e-05,0
BTC-USD,2026-04-06T15:06:16.270514782Z,69607.51,69607.515,-1.4366264921568045e-07,0.010000000009313226,0.001436626492026504,4.528066882295904e-05,-2.0104326164963512e-08,344,5.733333333333333,0.06854651162858888,70.30000000000291,4.221269067402903e-05,0
BTC-USD,2026-04-06T15:06:16.342641573Z,69607.51,69607.515,0.0,0.010000000009313226,0.001436626492026504,4.5280667970637034e-05,-2.0523164818730136e-08,344,5.733333333333333,0.0685465116286312,70.30000000000291,4.221269067402903e-05,0
BTC-USD,2026-04-06T15:06:16.632429677Z,69607.51,69601.10500000001,0.0,0.00999999999476131,0.0014367587978324926,4.534681944293962e-05,-2.058317407258607e-08,343,5.716666666666667,0.06871720116692236,70.30000000000291,4.221269067402903e-05,0
BTC-USD,2026-04-06T15:06:16.825484307Z,69601.78,69601.10500000001,-8.232209219991703e-05,0.00999999999476131,0.0014367587978324926,4.549757402146197e-05,-2.6052926452694306e-07,344,5.733333333333333,0.0685465116286312,70.30000000000291,4.206084805833133e-05,0
BTC-USD,2026-04-06T15:06:16.84208625Z,69601.78,69601.10500000001,0.0,0.00999999999476131,0.0014367587978324926,4.549757402146197e-05,-2.6052926452694306e-07,344,5.733333333333333,0.06563953488444514,70.30000000000291,4.206084805833133e-05,0
BTC-USD,2026-04-06T15:06:17.087033094Z,69601.11,69601.10500000001,-9.626236926594979e-06,0.00999999999476131,0.0014367587978324926,4.543419376956923e-05,-2.877551588934199e-07,345,5.75,0.06547826087027214,70.30000000000291,4.211720729947481e-05,0
BTC-USD,2026-04-06T15:06:17.088537072Z,69601.11,69601.10500000001,0.0,0.00999999999476131,0.0014367587978324926,4.5368301965133694e-05,-2.8692108596909113e-07,346,5.766666666666667,0.06531791907583426,70.30000000000291,4.211720729947481e-05,0
BTC-USD,2026-04-06T15:06:17.340339137Z,69601.11,69601.10500000001,0.0,0.00999999999476131,0.0014367587978324926,4.5409780899787744e-05,-3.671020792865085e-07,345,5.75,0.061014492754306496,70.30000000000291,4.217551691898361e-05,0
BTC-USD,2026-04-06T15:06:17.587683338Z,69601.11,69601.10500000001,0.0,0.00999999999476131,0.0014367587978324926,4.54723487657363e-05,-3.363413073837135e-07,344,5.733333333333333,0.06116279069837494,70.30000000000291,4.217551691898361e-05,0
BTC-USD,2026-04-06T15:06:17.775629491Z,69601.1,69601.10500000001,-1.4367587974536573e-07,0.00999999999476131,0.0014367587978324926,4.553877040873606e-05,-3.381649227993819e-07,343,5.716666666666667,0.06131195335348752,70.30000000000291,4.21172470383914e-05,0
BTC-USD,2026-04-06T15:06:18.088876333Z,69601.1,69601.10500000001,0.0,0.00999999999476131,0.0014367587978324926,4.560549269771794e-05,-3.387353205644644e-07,342,5.7,0.061461988304828824,70.30000000000291,4.205917843269836e-05,0
BTC-USD,2026-04-06T15:06:18.274713988Z,69601.11,69601.10500000001,1.4367587975275557e-07,0.00999999999476131,0.0014367587978324926,4.560549648894764e-05,-3.383139836736938e-07,342,5.7,0.061461988304828824,70.30000000000291,4.2059493001565913e-05,0
BTC-USD,2026-04-06T15:06:18.46232502Z,69601.11,69601.10500000001,0.0,0.00999999999476131,0.0014367587978324926,4.560549269823277e-05,-3.387352718995869e-07,342,5.7,0.061461988304828824,70.30000000000291,4.205949300156592e-05,0
BTC-USD,2026-04-06T15:06:18.529125529Z,69601.1,69601.10500000001,-1.4367587974536573e-07,0.00999999999476131,0.0014367587978324926,4.5605490230493706e-05,-3.3915660879033574e-07,342,5.7,0.061461988304828824,70.30000000000291,4.20595324779378e-05,0
BTC-USD,2026-04-06T15:06:18.940141064Z,69601.1,69601.10500000001,0.0,0.00999999999476131,0.0014367587978324926,4.5401467779899235e-05,-3.856761219918991e-08,340,5.666666666666667,0.05911764705956825,70.30000000000291,4.194409090139818e-05,0
BTC-USD,2026-04-06T15:06:19.089584552Z,69601.1,69601.10500000001,0.0,0.00999999999476131,0.0014367587978324926,4.5401467779899235e-05,-3.856761219918991e-08,340,5.666666666666667,0.056470588236013156,70.30000000000291,4.194409090139818e-05,0
BTC-USD,2026-04-06T15:06:19.241925572Z,69601.11,69601.10500000001,1.4367587975275557e-07,0.00999999999476131,0.0014367587978324926,4.49348624447749e-05,3.140692831912926e-07,340,5.666666666666667,0.056470588236013156,70.30000000000291,4.200166288659636e-05,0
BTC-USD,2026-04-06T15:06:19.340614968Z,69601.11,69601.10500000001,0.0,0.00999999999476131,0.0014367587978324926,4.4934862444774905e-05,3.140692831912926e-07,340,5.666666666666667,0.056470588236013156,70.30000000000291,4.200166288659636e-05,0
BTC-USD,2026-04-06T15:06:19.527137068Z,69601.1,69601.10500000001,-1.4367587974536573e-07,0.00999999999476131,0.0014367587978324926,4.49772701643944e-05,2.3380136680807795e-07,339,5.65,0.05660766961725579,69.82000000000698,4.205951205780265e-05,0
BTC-USD,2026-04-06T15:06:19.589965825Z,69601.1,69601.10500000001,0.0,0.00999999999476131,0.0014367587978324926,4.491088480348015e-05,2.3311168725997152e-07,340,5.666666666666667,0.056470588236013156,69.82000000000698,4.211758178441812e-05,0
BTC-USD,2026-04-06T15:06:19.744575399Z,69601.11,69601.10500000001,1.4367587975275557e-07,0.00999999999476131,0.0014367587978324926,4.4910883279544783e-05,2.3353550991410946e-07,340,5.666666666666667,0.056470588236013156,69.82000000000698,4.2175872121437556e-05,0
BTC-USD,2026-04-06T15:06:19.84077435Z,69601.11,69601.10500000001,0.0,0.00999999999476131,0.0014367587978324926,4.484479101182674e-05,2.3284864076730326e-07,341,5.683333333333334,0.05633431085114145,69.82000000000698,4.217587212143755e-05,0
BTC-USD,2026-04-06T15:06:20.087949756Z,69601.11,69601.10500000001,0.0,0.00999999999476131,0.0014367587978324926,4.4882192184066257e-05,1.4579858569801542e-07,340,5.666666666666667,0.056470588236013156,69.82000000000698,4.223442581218187e-05,0
BTC-USD,2026-04-06T15:06:20.341260763Z,69601.11,69601.10500000001,0.0,0.00999999999476131,0.0014367587978324926,4.4882192184066257e-05,1.4579858569801542e-07,340,5.666666666666667,0.056470588236013156,69.82000000000698,4.2234446489215184e-05,0
BTC-USD,2026-04-06T15:06:20.587754383Z,69601.11,69603.13500000001,0.0,0.00999999999476131,0.0014367168942550229,4.4882192184066257e-05,1.4579858569801542e-07,340,5.666666666666667,0.056470588236013156,69.82000000000698,4.2229572288518846e-05,0
BTC-USD,2026-04-06T15:06:20.837797192Z,69601.11,69603.13500000001,0.0,0.00999999999476131,0.0014367168942550229,4.4882192184066257e-05,1.4579858569801542e-07,340,5.666666666666667,0.056470588236013156,69.82000000000698,4.225196145399319e-05,0
BTC-USD,2026-04-06T15:06:20.984148826Z,69598.49,69603.13500000001,-3.764378633705096e-05,0.00999999999476131,0.0014367168942550229,4.4928958665642544e-05,3.475496818459077e-08,340,5.666666666666667,0.056470588235970356,69.82000000000698,4.220994572351757e-05,0
BTC-USD,2026-04-06T15:06:21.094360002Z,69598.49,69588.85,0.0,1.3400000000110595,0.1925595839004466,4.48628380531553e-05,3.465274768993021e-08,341,5.683333333333334,0.06023460410627853,69.82000000000698,4.215182807115219e-05,0
BTC-USD,2026-04-06T15:06:21.273889422Z,69593.31,69588.85,-7.442967189734973e-05,1.3400000000110595,0.1925595839004466,4.5028155118839767e-05,-3.6876470456320594e-08,340,5.666666666666667,0.06429411764774533,70.69000000000233,4.203598457469184e-05,0
BTC-USD,2026-04-06T15:06:21.341746222Z,69593.31,69588.215,0.0,0.00999999999476131,0.0014370249322764367,4.496188852666405e-05,-3.6768010249096116e-08,341,5.683333333333334,0.06413489736137294,70.69000000000233,4.203598457469184e-05,0
BTC-USD,2026-04-06T15:06:21.490340605Z,69589.52,69588.215,-5.4460740609009785e-05,0.00999999999476131,0.0014370249322764367,4.430946776336816e-05,-6.393945978515117e-07,341,5.683333333333334,0.06413489736137294,74.47999999999593,4.2001581761215786e-05,0
BTC-USD,2026-04-06T15:06:21.587518343Z,69589.52,69588.215,0.0,0.00999999999476131,0.0014370249322764367,4.430946776336815e-05,-6.393945978515117e-07,341,5.683333333333334,0.06413489736137294,74.47999999999593,4.200161107752679e-05,0
BTC-USD,2026-04-06T15:06:21.768293994Z,69588.21,69588.215,-1.8824850786651255e-05,0.00999999999476131,0.0014370249322764367,4.436724703649163e-05,-7.64194851237406e-07,340,5.666666666666667,0.06429411764774533,75.7899999999936,4.199159881139557e-05,0
BTC-USD,2026-04-06T15:06:21.840131399Z,69588.21,69588.215,0.0,0.00999999999476131,0.0014370249322764367,4.4301972367775275e-05,-7.619472193220018e-07,341,5.683333333333334,0.06413489736137294,75.7899999999936,4.2781845446472246e-05,0
BTC-USD,2026-04-06T15:06:21.985692316Z,69588.22,69588.215,1.4370249312709942e-07,0.00999999999476131,0.0014370249322764367,4.430198032045156e-05,-7.615245649304515e-07,341,5.683333333333334,0.06413489736137294,75.7899999999936,4.278182815775478e-05,0
BTC-USD,2026-04-06T15:06:22.087439884Z,69588.22,69588.205,0.0,0.010000000009313226,0.0014370251408716789,4.423699287683253e-05,-7.592913550626203e-07,342,5.7,0.06397660818782891,75.7899999999936,4.351395844696929e-05,0
BTC-USD,2026-04-06T15:06:22.244409244Z,69588.21,69588.205,-1.4370249323838002e-07,0.010000000009313226,0.0014370251408716789,4.418906196341465e-05,-8.688289442572871e-07,342,5.7,0.06397660818787146,75.7899999999936,4.348304061558595e-05,0
BTC-USD,2026-04-06T15:06:22.342105273Z,69588.21,69580.53,0.0,5.380000000004657,0.7732048031259113,4.418906196341465e-05,-8.688289442572871e-07,342,5.7,0.0796783625738653,75.7899999999936,4.348304061558595e-05,0
BTC-USD,2026-04-06T15:06:22.550999962Z,69588.12,69580.53,-1.2933233691893935e-06,5.380000000004657,0.7732048031259113,4.402315015466931e-05,-1.0769402776778545e-06,342,5.7,0.09538011695985915,75.88000000000466,4.354339105544761e-05,0
BTC-USD,2026-04-06T15:06:22.591706131Z,69588.12,69580.475,0.0,0.00999999999476131,0.0014371847842029404,4.4087813408903275e-05,-1.0796852492695714e-06,341,5.683333333333334,0.09563049853453685,75.88000000000466,4.348755319224272e-05,0
BTC-USD,2026-04-06T15:06:22.723011288Z,69588.0,69580.475,-1.7244337605881164e-06,0.00999999999476131,0.0014371847842029404,4.402313486308753e-05,-1.0815760073672797e-06,342,5.7,0.09538011695985915,76.0,4.354790883696688e-05,0
BTC-USD,2026-04-06T15:06:22.843370292Z,69588.0,69580.475,0.0,0.00999999999476131,0.0014371847842029404,4.402313486308753e-05,-1.0815760073672797e-06,342,5.7,0.09538011695985915,76.0,4.354790883696689e-05,0
BTC-USD,2026-04-06T15:06:23.08721049Z,69588.0,69580.475,0.0,0.00999999999476131,0.0014371847842029404,4.402313486308754e-05,-1.0815760073672797e-06,342,5.7,0.09538011695985915,76.0,4.3547884258965483e-05,0
BTC-USD,2026-04-06T15:06:23.299782245Z,69580.47,69580.475,-0.00010821416671956593,0.00999999999476131,0.0014371847842029404,4.427617002113194e-05,-1.6362447419540211e-06,341,5.683333333333334,0.09563049853453685,83.52999999999884,4.3122257804036736e-05,0
BTC-USD,2026-04-06T15:06:23.341107398Z,69580.47,69580.475,0.0,0.00999999999476131,0.0014371847842029404,4.427617002113194e-05,-1.6362447419540211e-06,341,5.683333333333334,0.09563049853453685,83.52999999999884,4.3182063336024414e-05,0
BTC-USD,2026-04-06T15:06:23.549560669Z,69580.48,69580.475,1.4371847833795532e-07,0.00999999999476131,0.0014371847842029404,4.434133671018819e-05,-1.641071186822306e-06,340,5.666666666666667,0.09588235294200678,83.52999999999884,4.318205172437678e-05,0
BTC-USD,2026-04-06T15:06:23.605042211Z,69580.48,69577.19,0.0,1.5599999999976717,0.22421141181437074,4.429107611319125e-05,-1.7508106822821044e-06,340,5.666666666666667,0.10044117647138431,83.52999999999884,4.318205172437678e-05,0
BTC-USD,2026-04-06T15:06:23.771877432Z,69580.48,69577.19,0.0,1.5599999999976717,0.22421141181437074,4.429107611319125e-05,-1.7508106822821044e-06,340,5.666666666666667,0.10500000000076183,83.52999999999884,4.3195048566907714e-05,0
BTC-USD,2026-04-06T15:06:23.844921766Z,69580.48,69569.995,0.0,0.00999999999476131,0.0014374012812220717,4.4261885417451585e-05,-1.8330067035930517e-06,340,5.666666666666667,0.10500000000071903,83.52999999999884,4.3195048566907714e-05,0
BTC-USD,2026-04-06T15:06:23.980095701Z,69575.0,69569.995,-7.876082210822176e-05,0.00999999999476131,0.0014374012812220717,4.439264310298855e-05,-2.059264984194901e-06,341,5.683333333333334,0.104721407625335,89.0,4.306014835769191e-05,0
BTC-USD,2026-04-06T15:06:24.090900795Z,69575.0,69569.995,0.0,0.00999999999476131,0.0014374012812220717,4.445792966377165e-05,-2.065339512171877e-06,340,5.666666666666667,0.10500000000063343,89.0,4.3000320183142215e-05,0
BTC-USD,2026-04-06T15:06:24.265879896Z,69572.58,69569.995,-3.478321362456611e-05,0.00999999999476131,0.0014374012812220717,4.4427844897587725e-05,-2.161568553678919e-06,341,5.683333333333334,0.10472140762524965,91.41999999999825,4.296317758101171e-05,0
BTC-USD,2026-04-06T15:06:24.346900916Z,69572.58,69577.755,0.0,0.00999999999476131,0.001437240968002102,4.442784489758774e-05,-2.161568553678919e-06,341,5.683333333333334,0.10472140762520697,91.41999999999825,4.296317758101171e-05,0
BTC-USD,2026-04-06T15:06:24.507948112Z,69577.76,69577.755,7.4451848301318e-05,0.00999999999476131,0.001437240968002102,4.45556674928829e-05,-1.936895776978048e-06,342,5.7,0.10444444444500099,91.41999999999825,4.283866878666057e-05,0
BTC-USD,2026-04-06T15:06:24.595418151Z,69577.76,69577.39,0.0,0.7200000000011642,0.10348189260924621,4.45556674928829e-05,-1.936895776978048e-06,342,5.7,0.10652046783679003,91.41999999999825,4.283866878666057e-05,0
BTC-USD,2026-04-06T15:06:24.723605477Z,69574.0,69577.39,-5.404171676892538e-05,0.7200000000011642,0.10348189260924621,4.457934425460816e-05,-2.08924905473228e-06,343,5.716666666666667,0.1083090379014092,91.41999999999825,4.2758128749529734e-05,0
BTC-USD,2026-04-06T15:06:24.843382371Z,69574.0,69577.435,0.0,0.6300000000046566,0.09054659747153034,4.457934425460816e-05,-2.08924905473228e-06,343,5.716666666666667,0.11011661807632274,91.41999999999825,4.2758128749529734e-05,0
BTC-USD,2026-04-06T15:06:25.08748244Z,69574.0,69577.43,0.0,0.6200000000098953,0.08910935629699104,4.45144548777997e-05,-2.0831579496164427e-06,344,5.733333333333333,0.11159883720985056,91.41999999999825,4.275813715829714e-05,0
BTC-USD,2026-04-06T15:06:25.206985358Z,69577.12,69577.43,4.48433329249555e-05,0.6200000000098953,0.08910935629699104,4.4586156561604694e-05,-1.952838113627273e-06,344,5.733333333333333,0.11337209302380574,91.41999999999825,4.268998658946787e-05,0
BTC-USD,2026-04-06T15:06:25.340196665Z,69577.12,69577.735,0.0,0.010000000009313226,0.0014372413832260027,4.458615656160469e-05,-1.952838113627273e-06,344,5.733333333333333,0.11337209302380574,91.41999999999825,4.2689978344232576e-05,0
BTC-USD,2026-04-06T15:06:25.588096926Z,69577.12,69577.735,0.0,0.010000000009313226,0.0014372413832260027,4.464721433623061e-05,-1.9854260164213006e-06,343,5.716666666666667,0.11367346938827948,91.41999999999825,4.267979698349946e-05,0
BTC-USD,2026-04-06T15:06:25.739434824Z,69577.73,69577.735,8.767211491491467e-06,0.010000000009313226,0.0014372413832260027,4.465086373889885e-05,-1.95979089510115e-06,343,5.716666666666667,0.11367346938827948,91.41999999999825,4.267680764299404e-05,0
BTC-USD,2026-04-06T15:06:25.839049845Z,69577.73,69577.735,0.0,0.010000000009313226,0.0014372413832260027,4.458585271385837e-05,-1.954077219022138e-06,344,5.733333333333333,0.11337209302380574,91.41999999999825,4.267680019810477e-05,0
BTC-USD,2026-04-06T15:06:26.088081942Z,69577.73,69577.735,0.0,0.010000000009313226,0.0014372413832260027,4.458585271385837e-05,-1.954077219022138e-06,344,5.733333333333333,0.11337209302380574,91.41999999999825,4.267680019810477e-05,0
BTC-USD,2026-04-06T15:06:26.264126131Z,69577.74,69577.735,1.4372413825412142e-07,0.010000000009313226,0.0014372413832260027,4.458587175179756e-05,-1.9536581982109017e-06,344,5.733333333333333,0.11337209302384804,91.41999999999825,4.26767914070805e-05,0
BTC-USD,2026-04-06T15:06:26.341343628Z,69577.74,69577.735,0.0,0.010000000009313226,0.0014372413832260027,4.456920042843501e-05,-2.013956147212544e-06,344,5.733333333333333,0.11337209302389034,91.41999999999825,4.2736163874926296e-05,0
BTC-USD,2026-04-06T15:06:26.509478405Z,69577.73,69577.735,-1.437241383716234e-07,0.010000000009313226,0.0014372413832260027,4.450448636917551e-05,-2.008519426256611e-06,345,5.75,0.11307246376877562,91.41999999999825,4.2683341577838244e-05,0
BTC-USD,2026-04-06T15:06:26.588331112Z,69577.73,69577.735,0.0,0.010000000009313226,0.0014372413832260027,4.450448636917552e-05,-2.008519426256611e-06,345,5.75,0.11307246376881781,91.41999999999825,4.274272075338154e-05,0
BTC-USD,2026-04-06T15:06:26.856409115Z,69577.73,69580.235,0.0,0.010000000009313226,0.0014371897435116777,4.417229002943206e-05,-2.0653260626995334e-06,343,5.716666666666667,0.11367346938844917,91.41999999999825,4.273427655163962e-05,0
BTC-USD,2026-04-06T15:06:26.956808207Z,69577.74,69580.235,1.4372413825412142e-07,0.010000000009313226,0.0014371897435116777,4.410801274130595e-05,-2.058885683104916e-06,344,5.733333333333333,0.11337209302397495,91.41999999999825,4.2793540516697e-05,0
BTC-USD,2026-04-06T15:06:27.088106562Z,69577.74,69580.235,0.0,0.010000000009313226,0.0014371897435116777,4.410801274130595e-05,-2.058885683104916e-06,344,5.733333333333333,0.11337209302401725,91.41999999999825,4.2734256582047385e-05,0
BTC-USD,2026-04-06T15:06:27.23521135Z,69580.23,69580.235,3.578666748673045e-05,0.010000000009313226,0.0014371897435116777,4.341560516759511e-05,-2.4077721775496895e-06,343,5.716666666666667,0.11367346938849161,91.41999999999825,4.2749330429153874e-05,0
BTC-USD,2026-04-06T15:06:27.33845899Z,69580.23,69580.235,0.0,0.010000000009313226,0.0014371897435116777,4.335246528620571e-05,-2.4007524335918186e-06,344,5.733333333333333,0.11337209302401725,91.41999999999825,4.28087834889489e-05,0
BTC-USD,2026-04-06T15:06:27.588691591Z,69580.23,69580.235,0.0,0.010000000009313226,0.0014371897435116777,4.3415627757428976e-05,-2.4073522924704592e-06,343,5.716666666666667,0.11367346938849161,91.41999999999825,4.2749330429153874e-05,0
BTC-USD,2026-04-06T15:06:27.842383429Z,69580.23,69577.735,0.0,0.010000000009313226,0.0014372413832260027,4.3479044419584007e-05,-2.4144119766126013e-06,342,5.7,0.11397660818784593,91.41999999999825,4.2690135984010876e-05,0
BTC-USD,2026-04-06T15:06:28.087566547Z,69580.23,69577.735,0.0,0.010000000009313226,0.0014372413832260027,4.3479044419584007e-05,-2.4144119766126013e-06,342,5.7,0.11397660818784593,91.41999999999825,4.269128050341247e-05,0
BTC-USD,2026-04-06T15:06:28.259121792Z,69577.73,69577.735,-3.5930391624988735e-05,0.010000000009313226,0.0014372413832260027,4.3453132205257354e-05,-2.5124119171049294e-06,343,5.716666666666667,0.11367346938849161,91.41999999999825,4.265196022851767e-05,0
BTC-USD,2026-04-06T15:06:28.341115075Z,69577.73,69577.735,0.0,0.010000000009313226,0.0014372413832260027,4.338995465827437e-05,-2.505087101020075e-06,344,5.733333333333333,0.11337209302401725,91.41999999999825,4.259303494689595e-05,0
BTC-USD,2026-04-06T15:06:28.84182593Z,69577.73,69577.735,0.0,0.010000000009313226,0.0014372413832260027,4.26832567877619e-05,-2.0653260626999608e-06,343,5.716666666666667,0.11367346938849161,91.41999999999825,4.247594196962997e-05,0
BTC-USD,2026-04-06T15:06:29.088082439Z,69577.73,69577.735,0.0,0.010000000009313226,0.0014372413832260027,4.1768994485150104e-05,-2.5791400195979286e-06,341,5.683333333333334,0.11428152492737242,91.41999999999825,4.2475932882141486e-05,0
BTC-USD,2026-04-06T15:06:29.23017168Z,69564.0,69577.735,-0.00019735272868260422,0.010000000009313226,0.0014372413832260027,4.301694835718927e-05,-3.150323564064223e-06,342,5.7,0.11397660818784593,100.0,4.1264095479644526e-05,0
BTC-USD,2026-04-06T15:06:29.340019313Z,69564.0,69577.735,0.0,0.010000000009313226,0.0014372413832260027,4.2954348845913306e-05,-3.1411120916546783e-06,343,5.716666666666667,0.11367346938849161,100.0,4.1264095479644526e-05,0
BTC-USD,2026-04-06T15:06:29.590741783Z,69564.0,69585.525,0.0,0.00999999999476131,0.0014370804840175182,4.30169784919479e-05,-3.1499024550277363e-06,342,5.7,0.11397660818780338,100.0,4.1264095479644526e-05,0
BTC-USD,2026-04-06T15:06:29.774796422Z,69580.5,69585.525,0.00023716352536161227,0.00999999999476131,0.0014370804840175182,4.4936667241302186e-05,-2.4544082457561462e-06,342,5.7,0.11397660818776083,100.0,3.9382152875106186e-05,0
BTC-USD,2026-04-06T15:06:30.0121076Z,69568.0,69585.525,-0.00017966417221348363,0.00999999999476131,0.0014370804840175182,4.587977434496635e-05,-2.9725654503401447e-06,343,5.716666666666667,0.11367346938836433,100.0,3.824519605049149e-05,0
BTC-USD,2026-04-06T15:06:30.08881616Z,69568.0,69586.315,0.0,0.010000000009313226,0.0014370641712114266,4.587977434496635e-05,-2.9725654503401447e-06,343,5.716666666666667,0.11367346938836433,100.0,3.829811438364287e-05,0
BTC-USD,2026-04-06T15:06:30.261827596Z,69586.0,69586.315,0.00025870618308330827,0.010000000009313226,0.0014370641712114266,4.793613015482002e-05,-2.2096536470350467e-06,344,5.733333333333333,0.11337209302389034,100.0,3.5824880525310876e-05,0
BTC-USD,2026-04-06T15:06:30.341612633Z,69586.0,69586.72,0.0,0.7600000000093132,0.10921624126116496,4.7866552668230556e-05,-2.20323023527041e-06,345,5.75,0.11524637681225389,100.0,3.5824880525310876e-05,0
BTC-USD,2026-04-06T15:06:30.499935465Z,69586.33,69586.72,4.742321983065078e-06,0.7600000000093132,0.10921624126116496,4.7798588973189927e-05,-2.183098199854945e-06,346,5.766666666666667,0.11710982659028008,100.0,3.587327663045879e-05,0
BTC-USD,2026-04-06T15:06:30.587554279Z,69586.33,69587.08499999999,0.0,0.00999999999476131,0.0014370482676147897,4.7729609765775954e-05,-2.176788667485422e-06,347,5.783333333333333,0.11680115273841979,100.0,3.587329315230843e-05,0
BTC-USD,2026-04-06T15:06:30.842412751Z,69586.33,69588.11499999999,0.0,0.00999999999476131,0.0014370269973200613,4.760576324198061e-05,-1.920602811884706e-06,345,5.75,0.11411594202964688,100.0,3.582351111119512e-05,0
BTC-USD,2026-04-06T15:06:31.026484341Z,69587.08,69588.11499999999,1.0777920868662334e-05,0.00999999999476131,0.0014370269973200613,4.761056339173553e-05,-1.8892716465688272e-06,345,5.75,0.11411594202964688,100.0,3.5868870523791306e-05,0
BTC-USD,2026-04-06T15:06:31.08842611Z,69587.08,69588.11499999999,0.0,0.00999999999476131,0.0014370269973200613,4.7541620996003105e-05,-1.8837954968686277e-06,346,5.766666666666667,0.11381502890237842,100.0,3.5868870523791306e-05,0
BTC-USD,2026-04-06T15:06:31.352015964Z,69587.08,69590.705,0.0,0.010000000009313226,0.0014369735166949703,4.7541651462129824e-05,-1.882962966474396e-06,346,5.766666666666667,0.11132947976947083,100.0,3.5918722944369283e-05,0
BTC-USD,2026-04-06T15:06:31.516792189Z,69588.22,69590.705,1.6382217247274257e-05,0.010000000009313226,0.0014369735166949703,4.755168868964773e-05,-1.8354782788011373e-06,346,5.766666666666667,0.10884393063656322,100.0,3.5956621527259624e-05,0
BTC-USD,2026-04-06T15:06:31.591967839Z,69588.22,69593.295,0.0,0.010000000009313226,0.0014369200379595803,4.7382155221453795e-05,-1.6144329990889373e-06,346,5.766666666666667,0.10280346820886971,100.0,3.590659873935751e-05,0
BTC-USD,2026-04-06T15:06:31.775237848Z,69590.71,69593.295,3.578127810391279e-05,0.010000000009313226,0.0014369200379595803,4.742471685824505e-05,-1.5107191495123786e-06,346,5.766666666666667,0.09676300578117619,100.0,3.5852897258616515e-05,0
BTC-USD,2026-04-06T15:06:31.844359374Z,69590.71,69592.08,0.0,2.4400000000023283,0.35061461016861806,4.742446668825855e-05,-1.515714709240181e-06,346,5.766666666666667,0.1037861271684813,100.0,3.5902850100996923e-05,0
BTC-USD,2026-04-06T15:06:32.005905268Z,69593.29,69592.08,3.707322681172729e-05,2.4400000000023283,0.35061461016861806,4.7401172416100815e-05,-1.4041859765206218e-06,347,5.783333333333333,0.11051873198932813,100.0,3.715184775456099e-05,0
BTC-USD,2026-04-06T15:06:32.08953962Z,69593.29,69589.59,0.0,0.8000000000029104,0.11495972314291698,4.73328815867109e-05,-1.4001393310551444e-06,348,5.8,0.11250000000086141,100.0,3.7203656711692e-05,0
BTC-USD,2026-04-06T15:06:32.265586041Z,69592.0,69589.59,-1.853644160285354e-05,0.8000000000029104,0.11495972314291698,4.727372577539498e-05,-1.4493815789626112e-06,349,5.816666666666666,0.11446991404098189,100.0,3.7708895917415734e-05,0
BTC-USD,2026-04-06T15:06:32.342820522Z,69592.0,69589.03,0.0,1.7999999999883585,0.2586614585644258,4.7341730407636215e-05,-1.4535584711210048e-06,348,5.8,0.1199137931043147,100.0,3.776150839139486e-05,0
BTC-USD,2026-04-06T15:06:32.479137567Z,69589.19,69589.03,-4.0379019612929046e-05,1.7999999999883585,0.2586614585644258,4.731955813320437e-05,-1.5654132445170048e-06,349,5.816666666666666,0.12472779369710565,100.0,3.770300938845982e-05,0
BTC-USD,2026-04-06T15:06:32.587719924Z,69589.19,69588.64,0.0,1.0199999999895226,0.14657564797781975,4.725179052430829e-05,-1.5609278197476152e-06,350,5.833333333333333,0.12728571428651256,100.0,3.775611566050933e-05,0
BTC-USD,2026-04-06T15:06:32.84087277Z,69589.19,69588.63,0.0,1.0,0.14370163631616256,4.725179052430829e-05,-1.5609278197476152e-06,350,5.833333333333333,0.13011428571509895,100.0,3.774128482262786e-05,0
BTC-USD,2026-04-06T15:06:33.087590659Z,69589.19,69588.63,0.0,1.0,0.14370163631616256,4.725179052430829e-05,-1.5609278197476152e-06,350,5.833333333333333,0.13294285714368537,100.0,3.774128482262786e-05,0
BTC-USD,2026-04-06T15:06:33.089349086Z,69584.0,69588.63,-7.458333034415608e-05,1.0,0.14370163631616256,4.741263302597376e-05,-1.7746336373526468e-06,350,5.833333333333333,0.13577142857227176,100.0,3.759029036547919e-05,0
BTC-USD,2026-04-06T15:06:33.247857132Z,69588.13,69588.63,5.935096346103991e-05,1.0,0.14370163631616256,4.7457136306851016e-05,-1.5999890742143822e-06,351,5.85,0.138233618234459,100.0,3.745730636839093e-05,0
BTC-USD,2026-04-06T15:06:33.34067445Z,69588.13,69588.63,0.0,1.0,0.14370163631616256,4.7389562061575196e-05,-1.5954307007835722e-06,352,5.866666666666666,0.14068181818265657,100.0,3.9201771156039266e-05,0
BTC-USD,2026-04-06T15:06:33.604924905Z,69588.13,69588.63,0.0,1.0,0.14370163631616256,4.7457136306851016e-05,-1.5999890742143822e-06,351,5.85,0.14387464387547305,100.0,4.2851052223278016e-05,0
BTC-USD,2026-04-06T15:06:33.750789632Z,69588.13,69588.63,0.0,1.0,0.14370163631616256,4.7389562061575196e-05,-1.5954307007835722e-06,352,5.866666666666666,0.146306818182645,100.0,4.291065735686239e-05,0
BTC-USD,2026-04-06T15:06:33.84431565Z,69588.13,69588.13500000001,0.0,0.00999999999476131,0.0014370265843108613,4.7322275653227754e-05,-1.5908982272018006e-06,353,5.883333333333334,0.14592067988749519,100.0,4.291065735686239e-05,0
BTC-USD,2026-04-06T15:06:34.087673978Z,69588.13,69588.13500000001,0.0,0.00999999999476131,0.0014370265843108613,4.725527504416366e-05,-1.5863914333570364e-06,354,5.9,0.14553672316463434,100.0,4.504545806359164e-05,0
BTC-USD,2026-04-06T15:06:34.468291255Z,69588.14,69588.13500000001,1.4370265832826175e-07,0.00999999999476131,0.0014370265843108613,4.732228999589672e-05,-1.590489981013368e-06,353,5.883333333333334,0.14575070821603123,100.0,4.506062425343015e-05,0
BTC-USD,2026-04-06T15:06:34.592297205Z,69588.14,69585.535,0.0,0.00999999999476131,0.0014370802774975157,4.632695029514431e-05,-2.1224056370006385e-06,352,5.866666666666666,0.14613636363711438,100.0,4.506062425343015e-05,0
BTC-USD,2026-04-06T15:06:34.737169755Z,69585.0,69585.535,-4.5123649585456376e-05,0.00999999999476131,0.0014370802774975157,4.6383476119300527e-05,-2.2505539388255425e-06,352,5.866666666666666,0.14613636363711438,100.0,4.505993227342119e-05,0
BTC-USD,2026-04-06T15:06:34.939020326Z,69585.0,69585.535,0.0,0.00999999999476131,0.0014370802774975157,4.6449514173872874e-05,-2.257394366207429e-06,351,5.85,0.14652421652498435,100.0,4.505993227342119e-05,0
BTC-USD,2026-04-06T15:06:34.979172749Z,69585.54,69585.535,7.760263055595151e-06,0.00999999999476131,0.0014370802774975157,4.6386372704133e-05,-2.2288540316723787e-06,352,5.866666666666666,0.14613636363711438,100.0,4.5120899546863554e-05,0
BTC-USD,2026-04-06T15:06:35.089943103Z,69585.54,69585.535,0.0,0.00999999999476131,0.0014370802774975157,4.645243847251659e-05,-2.2352221860485854e-06,351,5.85,0.14652421652498435,100.0,4.518387201503113e-05,0
BTC-USD,2026-04-06T15:06:35.210825773Z,69585.53,69585.535,-1.437080277009531e-07,0.00999999999476131,0.0014370802774975157,4.638635366378211e-05,-2.2292634562527233e-06,352,5.866666666666666,0.14613636363711438,100.0,4.518386934933722e-05,0
BTC-USD,2026-04-06T15:06:35.34081717Z,69585.53,69582.995,0.0,0.00999999999476131,0.0014371327354853454,4.638635366378211e-05,-2.2292634562527233e-06,352,5.866666666666666,0.14613636363711438,100.0,4.551477780485e-05,0
BTC-USD,2026-04-06T15:06:35.499461257Z,69582.99,69582.995,-3.650250789867495e-05,0.00999999999476131,0.0014371327354853454,4.6356322634966515e-05,-2.32663062796415e-06,353,5.883333333333334,0.14575070821603123,100.0,4.540922540923463e-05,0
BTC-USD,2026-04-06T15:06:35.58862313Z,69582.99,69581.61499999999,0.0,0.00999999999476131,0.001437161237887524,4.629078072098458e-05,-2.3200396063551864e-06,354,5.9,0.14536723163913498,100.0,4.540922540923463e-05,0
BTC-USD,2026-04-06T15:06:35.767650373Z,69583.0,69581.61499999999,1.437132736131639e-07,0.00999999999476131,0.001437161237887524,4.635636359492545e-05,-2.3258144094456036e-06,353,5.883333333333334,0.14575070821603123,100.0,4.547259491289861e-05,0
BTC-USD,2026-04-06T15:06:35.842526094Z,69583.0,69580.35500000001,0.0,0.00999999999476131,0.0014371872628073411,4.6290821506873336e-05,-2.319225700070404e-06,354,5.9,0.14536723163913498,100.0,4.547259491289861e-05,0
BTC-USD,2026-04-06T15:06:35.989743095Z,69580.35,69580.35500000001,-3.808473998817949e-05,0.00999999999476131,0.0014371872628073411,4.632965567673347e-05,-2.4271144819066064e-06,354,5.9,0.14536723163913498,100.0,4.5490006879587564e-05,0
BTC-USD,2026-04-06T15:06:36.087876374Z,69580.35,69580.35500000001,0.0,0.00999999999476131,0.0014371872628073411,4.626435137005069e-05,-2.420258226308e-06,355,5.916666666666667,0.14498591549365789,100.0,4.555383608693444e-05,0
BTC-USD,2026-04-06T15:06:36.253061393Z,69580.36,69580.35500000001,1.437187263617434e-07,0.00999999999476131,0.0014371872628073411,4.599227151191084e-05,-2.6790426770002933e-06,355,5.916666666666667,0.1449859154936169,100.0,4.555384193023456e-05,0
BTC-USD,2026-04-06T15:06:36.346857408Z,69580.36,69580.35500000001,0.0,0.00999999999476131,0.0014371872628073411,4.5965153010645364e-05,-2.8338714301930223e-06,354,5.9,0.14536723163905277,100.0,4.555384193023456e-05,0
BTC-USD,2026-04-06T15:06:36.510849652Z,69580.35,69580.35500000001,-1.437187262556451e-07,0.00999999999476131,0.0014371872628073411,4.590040662721241e-05,-2.82627212876947e-06,355,5.916666666666667,0.1449859154935759,100.0,4.559976076891668e-05,0
BTC-USD,2026-04-06T15:06:36.587980905Z,69580.35,69580.35500000001,0.0,0.00999999999476131,0.0014371872628073411,4.590040662721241e-05,-2.82627212876947e-06,355,5.916666666666667,0.1449859154935759,100.0,4.559976076891668e-05,0
BTC-USD,2026-04-06T15:06:36.761789295Z,69582.749,69580.35500000001,3.447753057329391e-05,0.00999999999476131,0.0014371872628073411,4.600654059361794e-05,-2.747590144424948e-06,354,5.9,0.14536723163905277,100.0,4.5585757544105995e-05,0
BTC-USD,2026-04-06T15:06:36.842053123Z,69582.749,69580.35500000001,0.0,0.00999999999476131,0.0014371872628073411,4.600654059361794e-05,-2.747590144424948e-06,354,5.9,0.14536723163905277,100.0,4.5585757544105995e-05,0
BTC-USD,2026-04-06T15:06:37.015869398Z,69580.35,69580.35500000001,-3.447753057338117e-05,0.00999999999476131,0.0014371872628073411,4.5972368651008455e-05,-2.837222744506745e-06,355,5.916666666666667,0.1449859154935759,100.0,4.5612145491058894e-05,0
BTC-USD,2026-04-06T15:06:37.089067217Z,69580.35,69580.35500000001,0.0,0.00999999999476131,0.0014371872628073411,4.590781944684719e-05,-2.829230567761656e-06,356,5.933333333333334,0.1446067415736354,100.0,4.567651448293075e-05,0
BTC-USD,2026-04-06T15:06:37.245491726Z,69580.36,69580.35500000001,1.437187263617434e-07,0.00999999999476131,0.0014371872628073411,4.586663537858966e-05,-2.6632242238396532e-06,355,5.916666666666667,0.1449859154935759,100.0,4.56765187783701e-05,0
BTC-USD,2026-04-06T15:06:37.340673294Z,69580.36,69580.35500000001,0.0,0.00999999999476131,0.0014371872628073411,4.580220641960105e-05,-2.6557221837724995e-06,356,5.933333333333334,0.1446067415736354,100.0,4.5676524346391916e-05,0
BTC-USD,2026-04-06T15:06:37.518530597Z,69580.35,69580.35500000001,-1.437187262556451e-07,0.00999999999476131,0.0014371872628073411,4.5866677373752546e-05,-2.662413401183744e-06,355,5.916666666666667,0.1449859154934939,100.0,4.5676518777150396e-05,0
BTC-USD,2026-04-06T15:06:37.58638825Z,69580.35,69580.35500000001,0.0,0.00999999999476131,0.0014371872628073411,4.580224822296328e-05,-2.6549136451240713e-06,356,5.933333333333334,0.14460674157355366,100.0,4.5741161077880073e-05,0
BTC-USD,2026-04-06T15:06:37.840782445Z,69580.35,69580.35500000001,0.0,0.00999999999476131,0.0014371872628073411,4.5320800608979435e-05,-2.265615614634983e-06,354,5.9,0.14536723163897056,100.0,4.5741161077880073e-05,0
BTC-USD,2026-04-06T15:06:38.087471641Z,69580.35,69580.35500000001,0.0,0.00999999999476131,0.0014371872628073411,4.525690265300417e-05,-2.2592155705258447e-06,355,5.916666666666667,0.1449859154934939,100.0,4.579966212171277e-05,0
BTC-USD,2026-04-06T15:06:38.341230819Z,69580.35,69580.35500000001,0.0,0.00999999999476131,0.0014371872628073411,4.5320800608979435e-05,-2.265615614634983e-06,354,5.9,0.14536723163897056,100.0,4.573676653667469e-05,0
BTC-USD,2026-04-06T15:06:38.589293409Z,69580.35,69580.35500000001,0.0,0.00999999999476131,0.0014371872628073411,4.530255571013887e-05,-2.327856822648075e-06,354,5.9,0.14536723163897056,100.0,4.571102999507964e-05,0
BTC-USD,2026-04-06T15:06:38.842102215Z,69580.35,69580.35500000001,0.0,0.00999999999476131,0.0014371872628073411,4.530255571013887e-05,-2.327856822648075e-06,354,5.9,0.14536723163897056,100.0,4.571102999507964e-05,0
BTC-USD,2026-04-06T15:06:39.00230774Z,69580.36,69580.35500000001,1.437187263617434e-07,0.00999999999476131,0.0014371872628073411,4.530257727461379e-05,-2.3274496874459174e-06,354,5.9,0.14536723163897056,100.0,4.577518077281607e-05,0
BTC-USD,2026-04-06T15:06:39.088114179Z,69580.36,69580.35500000001,0.0,0.00999999999476131,0.0014371872628073411,4.523871398243449e-05,-2.320874970814714e-06,355,5.916666666666667,0.1449859154934939,100.0,4.577518077281607e-05,0
BTC-USD,2026-04-06T15:06:39.27026306Z,69580.35,69580.35500000001,-1.437187262556451e-07,0.00999999999476131,0.0014371872628073411,4.530253545184694e-05,-2.3282636234306774e-06,354,5.9,0.14536723163897056,100.0,4.5839592630976945e-05,0
BTC-USD,2026-04-06T15:06:39.340872236Z,69580.35,69580.35500000001,0.0,0.00999999999476131,0.0014371872628073411,4.5238672336915745e-05,-2.32168660754528e-06,355,5.916666666666667,0.1449859154934939,100.0,4.590428271032886e-05,0
BTC-USD,2026-04-06T15:06:39.589547821Z,69580.35,69580.35500000001,0.0,0.00999999999476131,0.0014371872628073411,4.530255571225983e-05,-2.3278568226478566e-06,354,5.9,0.14536723163897056,100.0,4.590428271032887e-05,0
BTC-USD,2026-04-06T15:06:39.720401623Z,69580.36,69580.35500000001,1.437187263617434e-07,0.00999999999476131,0.0014371872628073411,4.519701398504875e-05,-2.485284005578041e-06,354,5.9,0.14536723163897056,100.0,4.596925173265442e-05,0
BTC-USD,2026-04-06T15:06:39.84232324Z,69580.36,69580.35500000001,0.0,0.00999999999476131,0.0014371872628073411,4.525864937397356e-05,-2.5107014317292286e-06,353,5.883333333333334,0.14575070821586633,100.0,4.596925173265442e-05,0
BTC-USD,2026-04-06T15:06:40.022738884Z,69580.35,69580.35500000001,-1.437187262556451e-07,0.00999999999476131,0.0014371872628073411,4.525862737060145e-05,-2.511109723565182e-06,353,5.883333333333334,0.14575070821586633,100.0,4.597624550847363e-05,0
BTC-USD,2026-04-06T15:06:40.087489406Z,69580.35,69580.35500000001,0.0,0.00999999999476131,0.0014371872628073411,4.519467326552026e-05,-2.5039960982859606e-06,354,5.9,0.14536723163897056,100.0,4.604149518784783e-05,0
BTC-USD,2026-04-06T15:06:40.33993324Z,69580.35,69580.35500000001,0.0,0.00999999999476131,0.0014371872628073411,4.519467326552026e-05,-2.5039960982859606e-06,354,5.9,0.14536723163897056,100.0,4.597625573754554e-05,0
BTC-USD,2026-04-06T15:06:40.631462515Z,69580.35,69580.35500000001,0.0,0.00999999999476131,0.0014371872628073411,4.525862737060145e-05,-2.511109723565182e-06,353,5.883333333333334,0.14575070821586633,100.0,4.591128282443111e-05,0
BTC-USD,2026-04-06T15:06:40.921030869Z,69580.35,69580.35500000001,0.0,0.00999999999476131,0.0014371872628073411,4.525326423050631e-05,-2.466236944712569e-06,353,5.883333333333334,0.14575070821586633,100.0,4.591128282443111e-05,0
BTC-USD,2026-04-06T15:06:41.193418649Z,69580.35,69582.85500000001,0.0,0.00999999999476131,0.0014371356269818635,4.531758537225057e-05,-2.4712177611087778e-06,352,5.866666666666666,0.146136363636949,100.0,4.584662244341266e-05,0
BTC-USD,2026-04-06T15:06:41.268866314Z,69580.95,69582.85500000001,8.623087021990952e-06,0.00999999999476131,0.0014371356269818635,4.53212555797222e-05,-2.446650561615926e-06,352,5.866666666666666,0.146136363636949,100.0,4.5844718293208045e-05,0
BTC-USD,2026-04-06T15:06:41.33959572Z,69580.95,69580.41500000001,0.0,0.00999999999476131,0.0014371860235040722,4.5257020357695256e-05,-2.4396998497931535e-06,353,5.883333333333334,0.14575070821586633,100.0,4.590941436767779e-05,0
BTC-USD,2026-04-06T15:06:41.497798545Z,69582.85,69580.41500000001,2.7305951693313752e-05,0.00999999999476131,0.0014371860235040722,4.5348836444850056e-05,-2.3684467273339083e-06,352,5.866666666666666,0.146136363636949,100.0,4.58873967101781e-05,0
BTC-USD,2026-04-06T15:06:41.588408018Z,69582.85,69580.41500000001,0.0,0.00999999999476131,0.0014371860235040722,4.52845501255617e-05,-2.3617181854948917e-06,353,5.883333333333334,0.14575070821586633,100.0,4.58874018825023e-05,0
BTC-USD,2026-04-06T15:06:41.840375818Z,69582.85,69580.41500000001,0.0,0.00999999999476131,0.0014371860235040722,4.534881442911589e-05,-2.3688558274467123e-06,352,5.866666666666666,0.146136363636949,100.0,4.588740188250231e-05,0
BTC-USD,2026-04-06T15:06:41.984932316Z,69580.41,69580.41500000001,-3.5066726666929875e-05,0.00999999999476131,0.0014371860235040722,4.538212177215815e-05,-2.468351931512968e-06,352,5.866666666666666,0.1459943181823953,100.0,4.584832173956167e-05,0
BTC-USD,2026-04-06T15:06:42.087793085Z,69580.41,69580.35500000001,0.0,0.00999999999476131,0.0014371872628073411,4.538212177215815e-05,-2.468351931512968e-06,352,5.866666666666666,0.14585227272784157,100.0,4.591320519992008e-05,0
BTC-USD,2026-04-06T15:06:42.381749855Z,69580.41,69575.37,0.0,1.2599999999947613,0.18109856979485148,4.517946103776921e-05,-2.7688483169087478e-06,350,5.833333333333333,0.1502000000004773,100.0,4.584832173956167e-05,0
BTC-USD,2026-04-06T15:06:42.464852279Z,69580.35,69575.37,-8.623120482992258e-07,1.2599999999947613,0.18109856979485148,4.511498755331958e-05,-2.763401070427006e-06,351,5.85,0.15336182336228438,100.0,4.59131495547713e-05,0
BTC-USD,2026-04-06T15:06:42.590238301Z,69580.35,69577.025,0.0,0.00999999999476131,0.0014372560474900029,4.505091612397965e-05,-2.755528132904422e-06,352,5.866666666666666,0.1529545454549903,100.0,4.5913149554771296e-05,0
BTC-USD,2026-04-06T15:06:42.842335872Z,69580.35,69576.975,0.0,0.00999999999476131,0.0014372570803432184,4.503550514495204e-05,-2.612433177488739e-06,351,5.85,0.14686609686651975,100.0,4.591314472933873e-05,0
BTC-USD,2026-04-06T15:06:43.08792287Z,69577.02,69576.975,-4.785948456250379e-05,0.00999999999476131,0.0014372570803432184,4.509997718596513e-05,-2.7491745619530355e-06,351,5.85,0.14575498575536883,100.0,4.590545404158417e-05,0
BTC-USD,2026-04-06T15:06:43.089040585Z,69577.02,69577.01000000001,0.0,0.020000000004074536,0.002874512716783106,4.509997718596513e-05,-2.7491745619530355e-06,351,5.85,0.14509971510010977,100.0,4.590545404158417e-05,0
BTC-USD,2026-04-06T15:06:43.342867889Z,69577.02,69577.015,0.0,0.010000000009313226,0.0014372562561520102,4.509215895825923e-05,-2.6958416060511862e-06,351,5.85,0.14481481481523437,100.0,4.584041086933643e-05,0
BTC-USD,2026-04-06T15:06:43.537627892Z,69577.02,69577.015,0.0,0.010000000009313226,0.0014372562561520102,4.509215895825923e-05,-2.6958416060511862e-06,351,5.85,0.14452991453035896,100.0,4.5905461383837205e-05,0
BTC-USD,2026-04-06T15:06:43.589408696Z,69577.02,69577.015,0.0,0.010000000009313226,0.0014372562561520102,4.509215895825923e-05,-2.6958416060511862e-06,351,5.85,0.14452991453035896,100.0,4.5905461383837205e-05,0
BTC-USD,2026-04-06T15:06:43.841564655Z,69577.02,69581.35500000001,0.0,0.00999999999476131,0.0014371666080318943,4.5155728388824507e-05,-2.7117947259195214e-06,350,5.833333333333333,0.14491428571466322,100.0,4.584041086933643e-05,0
BTC-USD,2026-04-06T15:06:44.010991899Z,69581.35,69581.35500000001,6.223125495640146e-05,0.00999999999476131,0.0014371666080318943,4.52887596709475e-05,-2.5334816744685144e-06,350,5.833333333333333,0.14491428571462164,100.0,4.578803922175017e-05,0
BTC-USD,2026-04-06T15:06:44.087111447Z,69581.35,69581.35500000001,0.0,0.00999999999476131,0.0014371666080318943,4.522421733744941e-05,-2.5262431553986044e-06,351,5.85,0.1445299145302346,100.0,4.585320759124729e-05,0
BTC-USD,2026-04-06T15:06:44.340805583Z,69581.35,69580.375,0.0,0.010000000009313226,0.0014371868517973963,4.527831228841247e-05,-2.578738801510424e-06,350,5.833333333333333,0.14491428571466322,100.0,4.578805206173367e-05,0
BTC-USD,2026-04-06T15:06:44.523224584Z,69580.37,69580.375,-1.4084332962107173e-05,0.010000000009313226,0.0014371868517973963,4.5254459778054805e-05,-2.77433085684437e-06,349,5.816666666666666,0.14530085959928918,100.0,4.5716622797839776e-05,0
BTC-USD,2026-04-06T15:06:44.588821552Z,69580.37,69580.375,0.0,0.010000000009313226,0.0014371868517973963,4.5254433828001955e-05,-2.7747434430404713e-06,349,5.816666666666666,0.14530085959933087,100.0,4.578150308767752e-05,0
BTC-USD,2026-04-06T15:06:44.766037725Z,69580.38,69580.375,1.437186852834974e-07,0.010000000009313226,0.0014371868517973963,4.5254459803751915e-05,-2.7743304583126454e-06,349,5.816666666666666,0.14530085959937256,100.0,4.578150800822292e-05,0
BTC-USD,2026-04-06T15:06:44.840295749Z,69580.38,69580.375,0.0,0.010000000009313226,0.0014371868517973963,4.518982214303385e-05,-2.7663810873719216e-06,350,5.833333333333333,0.14491428571482953,100.0,4.583177744010366e-05,0
BTC-USD,2026-04-06T15:06:45.003309847Z,69580.37,69580.375,-1.437186851773873e-07,0.010000000009313226,0.0014371868517973963,4.525445978058494e-05,-2.774330856843847e-06,349,5.816666666666666,0.14530085959945596,100.0,4.6141840384160316e-05,0
BTC-USD,2026-04-06T15:06:45.346260969Z,69580.37,69589.495,0.0,0.00999999999476131,0.001436998500242215,4.531934953631572e-05,-2.782739821838334e-06,348,5.8,0.14568965517303267,100.0,4.6076656099975365e-05,0
BTC-USD,2026-04-06T15:06:45.480788768Z,69582.94,69589.495,3.693502260462671e-05,0.00999999999476131,0.001436998500242215,4.5304101528159935e-05,-2.66860832061286e-06,349,5.816666666666666,0.14530085959945596,100.0,4.610221552499625e-05,0
BTC-USD,2026-04-06T15:06:45.588639297Z,69582.94,69589.495,0.0,0.00999999999476131,0.001436998500242215,4.5304101528159935e-05,-2.66860832061286e-06,349,5.816666666666666,0.14530085959945596,100.0,4.616762742804212e-05,0
BTC-USD,2026-04-06T15:06:45.757532135Z,69589.49,69589.495,9.412783846388028e-05,0.00999999999476131,0.001436998500242215,4.5599254280342064e-05,-2.3981260261764223e-06,349,5.816666666666666,0.14530085959945596,100.0,4.589898034517643e-05,0
BTC-USD,2026-04-06T15:06:45.843096646Z,69589.49,69589.495,0.0,0.00999999999476131,0.001436998500242215,4.5599275327370605e-05,-2.397713439980102e-06,349,5.816666666666666,0.14530085959945596,100.0,4.589898034517643e-05,0
BTC-USD,2026-04-06T15:06:46.089528112Z,69589.49,69589.495,0.0,0.00999999999476131,0.001436998500242215,4.566475113582984e-05,-2.4046232769829266e-06,348,5.8,0.14568965517303267,100.0,4.589898034517642e-05,0
BTC-USD,2026-04-06T15:06:46.344037145Z,69589.49,69593.295,0.0,0.010000000009313226,0.0014369200379595803,4.566472869479513e-05,-2.4050370521882387e-06,348,5.8,0.14568965517307447,100.0,4.589898034517642e-05,0
BTC-USD,2026-04-06T15:06:46.514390064Z,69591.99,69593.295,3.592431981996673e-05,0.010000000009313226,0.0014369200379595803,4.571076340624985e-05,-2.301508752995251e-06,348,5.8,0.1456896551731163,100.0,4.592570283114492e-05,0
BTC-USD,2026-04-06T15:06:46.590345592Z,69591.99,69595.88500000001,0.0,0.00999999999476131,0.0014368665611136791,4.571078358785417e-05,-2.3010949777897195e-06,348,5.8,0.1456896551731163,100.0,4.592570283114492e-05,0
BTC-USD,2026-04-06T15:06:46.752631808Z,69595.88,69595.88500000001,5.589567540642991e-05,0.00999999999476131,0.0014368665611136791,4.575123929550422e-05,-2.1338628789844905e-06,349,5.816666666666666,0.14530085959953934,100.0,4.58958614685731e-05,0
BTC-USD,2026-04-06T15:06:46.842218032Z,69595.88,69595.88500000001,0.0,0.00999999999476131,0.0014368665611136791,4.5816972230264086e-05,-2.1400123397308436e-06,348,5.8,0.1456896551731163,100.0,4.5961562164000696e-05,0
BTC-USD,2026-04-06T15:06:47.087796873Z,69595.88,69595.88500000001,0.0,0.00999999999476131,0.0014368665611136791,4.575123929550422e-05,-2.1338628789844905e-06,349,5.816666666666666,0.14530085959953934,100.0,4.5961562164000696e-05,0
BTC-USD,2026-04-06T15:06:47.267755789Z,69595.89,69595.88500000001,1.4368665601997344e-07,0.00999999999476131,0.0014368665611136791,4.5685808288151756e-05,-2.1273369490847643e-06,350,5.833333333333333,0.14491428571495427,100.0,4.5961565339057593e-05,0
BTC-USD,2026-04-06T15:06:47.340895992Z,69595.89,69597.185,0.0,0.010000000009313226,0.0014368397240941894,4.562063747231041e-05,-2.121258843515951e-06,351,5.85,0.1445299145306077,100.0,4.6027549015208016e-05,0
BTC-USD,2026-04-06T15:06:47.510646591Z,69597.03,69597.185,1.63801434732312e-05,0.010000000009313226,0.0014368397240941894,4.56311902331907e-05,-2.0744584335924327e-06,351,5.85,0.14452991453064917,100.0,4.601958579009319e-05,0
BTC-USD,2026-04-06T15:06:47.587975258Z,69597.03,69597.185,0.0,0.010000000009313226,0.0014368397240941894,4.5566276324040564e-05,-2.06854829560499e-06,352,5.866666666666666,0.1441477272734863,100.0,4.608584419330454e-05,0
BTC-USD,2026-04-06T15:06:47.76243295Z,69597.19,69597.185,2.2989460339594454e-06,0.010000000009313226,0.0014368397240941894,4.556673840986477e-05,-2.0619985918045356e-06,352,5.866666666666666,0.14414772727352762,100.0,4.6085733291551887e-05,0
BTC-USD,2026-04-06T15:06:47.839173641Z,69597.19,69597.185,0.0,0.010000000009313226,0.0014368397240941894,4.550209924815113e-05,-2.0561406412596364e-06,353,5.883333333333334,0.14376770538326072,100.0,4.615227871246202e-05,0
BTC-USD,2026-04-06T15:06:48.086484579Z,69597.19,69597.185,0.0,0.010000000009313226,0.0014368397240941894,4.550209924815113e-05,-2.0561406412596364e-06,353,5.883333333333334,0.14376770538330197,100.0,4.615227871246202e-05,0
BTC-USD,2026-04-06T15:06:48.228371252Z,69597.18,69597.185,-1.436839723841996e-07,0.010000000009313226,0.0014368397240941894,4.550208144544507e-05,-2.0565488343630007e-06,353,5.883333333333334,0.1437677053833432,100.0,4.615227468280799e-05,0
BTC-USD,2026-04-06T15:06:48.340784021Z,69597.18,69597.185,0.0,0.010000000009313226,0.0014368397240941894,4.550208144544507e-05,-2.0565488343630007e-06,353,5.883333333333334,0.1437677053833844,100.0,4.62191091875119e-05,0
BTC-USD,2026-04-06T15:06:48.478315338Z,69597.19,69597.185,1.4368397238926393e-07,0.010000000009313226,0.0014368397240941894,4.543773567753245e-05,-2.050315880236224e-06,354,5.9,0.14338983050944634,100.0,4.6219111938102626e-05,0
BTC-USD,2026-04-06T15:06:48.58933429Z,69597.19,69597.185,0.0,0.010000000009313226,0.0014368397240941894,4.537364318732324e-05,-2.044524027467195e-06,355,5.916666666666667,0.14301408450803751,100.0,4.6219111938102626e-05,0
BTC-USD,2026-04-06T15:06:48.766569588Z,69597.18,69597.185,-1.436839723841996e-07,0.010000000009313226,0.0014368397240941894,4.5309803579014375e-05,-2.0391695484387923e-06,356,5.933333333333334,0.14264044943922088,100.0,4.6286233594304954e-05,0
BTC-USD,2026-04-06T15:06:48.840871961Z,69597.18,69597.185,0.0,0.010000000009313226,0.0014368397240941894,4.5246250175592706e-05,-2.0334415440892453e-06,357,5.95,0.14226890756406707,100.0,4.6353652615254136e-05,0
BTC-USD,2026-04-06T15:06:48.98199287Z,69597.19,69597.185,1.4368397238926393e-07,0.010000000009313226,0.0014368397240941894,4.524626895338821e-05,-2.0330379374252306e-06,357,5.95,0.14226890756410784,100.0,4.6353655393723716e-05,0
BTC-USD,2026-04-06T15:06:49.087869817Z,69597.19,69597.185,0.0,0.010000000009313226,0.0014368397240941894,4.5182982151279666e-05,-2.0273431532867844e-06,358,5.966666666666667,0.14189944134188776,100.0,4.642136989064596e-05,0
BTC-USD,2026-04-06T15:06:49.263569835Z,69597.18,69597.185,-1.436839723841996e-07,0.010000000009313226,0.0014368397240941894,4.511994282228214e-05,-2.0220815354630345e-06,359,5.983333333333333,0.14153203342731233,100.0,4.642136579769272e-05,0
BTC-USD,2026-04-06T15:06:49.340668973Z,69597.18,69597.185,0.0,0.010000000009313226,0.0014368397240941894,4.505718389098137e-05,-2.016448996367037e-06,360,6.0,0.14116666666781788,100.0,4.648937790490172e-05,0
BTC-USD,2026-04-06T15:06:49.842779397Z,69597.18,69595.88500000001,0.0,0.00999999999476131,0.0014368665611136791,4.3617180853912845e-05,-2.664961252755571e-06,357,5.95,0.14226890756423013,100.0,4.642136579769272e-05,0
BTC-USD,2026-04-06T15:06:50.0900451Z,69597.18,69591.025,0.0,0.00999999999476131,0.001436966906977058,4.3734967239235664e-05,-2.71083551974024e-06,355,5.916666666666667,0.14301408450828346,100.0,4.642136579769272e-05,0
BTC-USD,2026-04-06T15:06:50.258650431Z,69593.45,69591.025,-5.359556172555321e-05,0.00999999999476131,0.001436966906977058,4.375651346017409e-05,-2.8541727766580227e-06,356,5.933333333333334,0.14264044943942525,100.0,4.6329259373755624e-05,0
BTC-USD,2026-04-06T15:06:50.341217119Z,69593.45,69591.025,0.0,0.00999999999476131,0.001436966906977058,4.375651346017409e-05,-2.8541727766580227e-06,356,5.933333333333334,0.14264044943942525,100.0,4.6329259373755624e-05,0
BTC-USD,2026-04-06T15:06:50.49192978Z,69591.02,69591.025,-3.491768873701924e-05,0.00999999999476131,0.001436966906977058,4.369776178430069e-05,-2.7581168542836733e-06,355,5.916666666666667,0.1430140845082015,95.0,4.635728104290356e-05,0
BTC-USD,2026-04-06T15:06:50.588404735Z,69591.02,69590.715,0.0,0.00999999999476131,0.0014369733081146402,4.3636417084001566e-05,-2.7503475110321697e-06,356,5.933333333333334,0.1426404494393435,95.0,4.642539039616641e-05,0
BTC-USD,2026-04-06T15:06:50.758158419Z,69591.03,69590.715,1.4369669065831732e-07,0.00999999999476131,0.0014369733081146402,4.369429107315909e-05,-2.7195911601433352e-06,355,5.916666666666667,0.1430140845081195,94.05999999999767,4.6425395595440524e-05,0
BTC-USD,2026-04-06T15:06:50.841441568Z,69591.03,69588.125,0.0,0.010000000009313226,0.0014370267929065808,4.363294449124205e-05,-2.7119303399739175e-06,356,5.933333333333334,0.14264044943930262,94.05999999999767,4.6425395595440524e-05,0
BTC-USD,2026-04-06T15:06:51.008836655Z,69588.12,69588.125,-4.1816608312809224e-05,0.010000000009313226,0.0014370267929065808,4.3681907245644507e-05,-2.8293192129244865e-06,356,5.933333333333334,0.14264044943930262,94.05000000000291,4.643642480716646e-05,0
BTC-USD,2026-04-06T15:06:51.08880908Z,69588.12,69585.005,0.0,0.00999999999476131,0.0014370912231394261,4.364540747713221e-05,-2.6738774050684496e-06,355,5.916666666666667,0.1430140845080785,90.02000000000407,4.650504819206627e-05,0
BTC-USD,2026-04-06T15:06:51.272517086Z,69585.0,69585.005,-4.483624424773406e-05,0.00999999999476131,0.0014370912231394261,4.364113907097513e-05,-2.79264463561117e-06,356,5.933333333333334,0.14264044943922088,90.02000000000407,4.64386687207772e-05,0
BTC-USD,2026-04-06T15:06:51.340850602Z,69585.0,69585.005,0.0,0.00999999999476131,0.0014370912231394261,4.3641139070975125e-05,-2.79264463561117e-06,356,5.933333333333334,0.14264044943918,90.02000000000407,4.6507491699104495e-05,0
BTC-USD,2026-04-06T15:06:51.588954481Z,69585.0,69585.005,0.0,0.00999999999476131,0.0014370912231394261,4.370250818455528e-05,-2.8001279064966767e-06,355,5.916666666666667,0.14301408450795555,90.00999999999476,4.6507491699104495e-05,0
BTC-USD,2026-04-06T15:06:51.844898134Z,69585.0,69580.375,0.0,0.010000000009313226,0.0014371868517973963,4.376411149272492e-05,-2.808060280169472e-06,354,5.9,0.14338983050936413,90.00999999999476,4.647597559933151e-05,0
BTC-USD,2026-04-06T15:06:52.013237924Z,69580.18,69580.375,-6.92702010939032e-05,0.010000000009313226,0.0014371868517973963,4.384438131728208e-05,-2.995806440660245e-06,355,5.916666666666667,0.14301408450795555,90.00999999999476,4.631808710860774e-05,0
BTC-USD,2026-04-06T15:06:52.090828277Z,69580.18,69577.765,0.0,0.010000000009313226,0.0014372407635274323,4.3782873018112515e-05,-2.9873675492781037e-06,356,5.933333333333334,0.14264044943913912,90.00999999999476,4.6957470727019766e-05,0
BTC-USD,2026-04-06T15:06:52.262480441Z,69579.91,69577.765,-3.880422899858215e-06,0.010000000009313226,0.0014372407635274323,4.3721362523300296e-05,-2.9898761317235536e-06,357,5.95,0.14226890756398555,90.00999999999476,4.7025916851259544e-05,0
BTC-USD,2026-04-06T15:06:52.344846375Z,69579.91,69577.765,0.0,0.010000000009313226,0.0014372407635274323,4.372136252330029e-05,-2.9898761317235536e-06,357,5.95,0.14226890756398555,90.00999999999476,4.7025916851259544e-05,0
BTC-USD,2026-04-06T15:06:52.564675244Z,69577.76,69577.765,-3.090020119163763e-05,0.010000000009313226,0.0014372407635274323,4.368499696848877e-05,-3.0680563139642095e-06,358,5.966666666666667,0.1418994413417658,90.00999999999476,4.699498113675986e-05,0
BTC-USD,2026-04-06T15:06:52.589145311Z,69577.76,69573.305,0.0,1.3100000000122236,0.18829060945318377,4.362424225607539e-05,-3.0594863242603987e-06,359,5.983333333333333,0.14515320334363338,90.00999999999476,4.706455328115341e-05,0
BTC-USD,2026-04-06T15:06:52.845723473Z,69577.76,69567.985,0.0,0.010000000009313226,0.0014374428135748398,4.362424225607539e-05,-3.0594863242603987e-06,359,5.983333333333333,0.1439554317559091,90.00999999999476,4.699498113675986e-05,0
BTC-USD,2026-04-06T15:06:53.062904574Z,69567.98,69567.985,-0.00014057203642892056,0.010000000009313226,0.0014374428135748398,4.4217692150742896e-05,-3.4036212642430895e-06,359,5.983333333333333,0.14222841225731483,88.80000000000291,4.6419403798012806e-05,0
BTC-USD,2026-04-06T15:06:53.088892436Z,69567.98,69567.985,0.0,0.010000000009313226,0.0014374428135748398,4.4217692150742896e-05,-3.4036212642430895e-06,359,5.983333333333333,0.14050139275872056,88.80000000000291,4.6419403798012806e-05,0
BTC-USD,2026-04-06T15:06:53.340173419Z,69567.98,69567.985,0.0,0.010000000009313226,0.0014374428135748398,4.2151077369990416e-05,-2.6867695610794554e-06,358,5.966666666666667,0.14086592178882812,70.74000000000524,4.64882713270711e-05,0
BTC-USD,2026-04-06T15:06:53.589313553Z,69567.98,69575.16500000001,0.0,0.00999999999476131,0.0014372944706291836,4.181264271944429e-05,-2.3808659310012753e-06,357,5.95,0.13775910364261912,62.970000000001164,4.64882713270711e-05,0
BTC-USD,2026-04-06T15:06:53.763637058Z,69570.43,69575.16500000001,3.521673131449898e-05,0.00999999999476131,0.0014372944706291836,4.189615361029946e-05,-2.2090736126537215e-06,356,5.933333333333334,0.13811797752927038,62.970000000001164,4.640332335019506e-05,0
BTC-USD,2026-04-06T15:06:53.857398595Z,69570.43,69577.985,0.0,0.010000000009313226,0.0014372362190875785,4.121504249146627e-05,-1.804058083753018e-06,356,5.933333333333334,0.13811797752931126,62.970000000001164,4.640332335019506e-05,0
BTC-USD,2026-04-06T15:06:53.993576489Z,69577.61,69577.985,0.00010319944149242625,0.010000000009313226,0.0014372362190875785,4.153061910402602e-05,-1.5091044332581324e-06,357,5.95,0.13775910364270064,62.970000000001164,4.61434792992069e-05,0
BTC-USD,2026-04-06T15:06:54.088355868Z,69577.61,69577.985,0.0,0.010000000009313226,0.0014372362190875785,4.153061910402602e-05,-1.5091044332581324e-06,357,5.95,0.13775910364274138,62.970000000001164,4.6212183227471584e-05,0
BTC-USD,2026-04-06T15:06:54.243455459Z,69577.98,69577.985,5.317788527197569e-06,0.010000000009313226,0.0014372362190875785,4.152693918810711e-05,-1.4550267247107521e-06,357,5.95,0.13775910364274138,62.970000000001164,4.621191804737329e-05,0
BTC-USD,2026-04-06T15:06:54.340900707Z,69577.98,69577.995,0.0,0.00999999999476131,0.0014372360104313601,4.15269391881071e-05,-1.4550267247107521e-06,357,5.95,0.13775910364270064,62.970000000001164,4.625194772953538e-05,0
BTC-USD,2026-04-06T15:06:54.513908345Z,69578.0,69577.995,2.874472229004127e-07,0.00999999999476131,0.0014372360104313601,4.1525978141144456e-05,-1.5720188125336864e-06,356,5.933333333333334,0.13811797752935215,62.970000000001164,4.625198197339371e-05,0
BTC-USD,2026-04-06T15:06:54.588828578Z,69578.0,69577.995,0.0,0.00999999999476131,0.0014372360104313601,4.1467697588338644e-05,-1.567603029352412e-06,357,5.95,0.13775910364270064,62.970000000001164,4.6252767870104656e-05,0
BTC-USD,2026-04-06T15:06:54.759044349Z,69577.99,69577.995,-1.4372360102360226e-07,0.00999999999476131,0.0014372360104313601,4.146768302424985e-05,-1.5680067473328154e-06,357,5.95,0.13775910364265986,62.970000000001164,4.625274854794038e-05,0
BTC-USD,2026-04-06T15:06:54.841043376Z,69577.99,69579.11499999999,0.0,0.00999999999476131,0.0014372128755534347,4.140964723253377e-05,-1.5636145715699784e-06,358,5.966666666666667,0.13740223463805679,62.970000000001164,4.626436443256289e-05,0
BTC-USD,2026-04-06T15:06:55.088961483Z,69577.99,69579.11499999999,0.0,0.00999999999476131,0.0014372128755534347,4.1409647232533766e-05,-1.5636145715699784e-06,358,5.966666666666667,0.13740223463805679,62.970000000001164,4.612710558945806e-05,0
BTC-USD,2026-04-06T15:06:55.257494469Z,69579.11,69579.11499999999,1.6096914925991654e-05,0.00999999999476131,0.0014372128755534347,3.9102872497421614e-05,-1.166080487751174e-06,357,5.95,0.13725490196192563,62.970000000001164,4.618922884359175e-05,0
BTC-USD,2026-04-06T15:06:55.34164237Z,69579.11,69579.11499999999,0.0,0.00999999999476131,0.0014372128755534347,3.9102872497421614e-05,-1.166080487751174e-06,357,5.95,0.13700280112155852,62.970000000001164,4.6120782805977475e-05,0
BTC-USD,2026-04-06T15:06:55.587561453Z,69579.11,69579.11499999999,0.0,0.00999999999476131,0.0014372128755534347,3.9102872497421614e-05,-1.166080487751174e-06,357,5.95,0.13680672269016642,62.970000000001164,4.612080966535893e-05,0
BTC-USD,2026-04-06T15:06:55.760503253Z,69579.12,69579.11499999999,1.437212876458931e-07,0.00999999999476131,0.0014372128755534347,3.66213613244895e-05,-1.8879275952636792e-06,357,5.95,0.13672268907668353,62.970000000001164,4.6120826687829356e-05,0
BTC-USD,2026-04-06T15:06:55.841412314Z,69579.12,69579.11499999999,0.0,0.00999999999476131,0.0014372128755534347,3.6621361324489494e-05,-1.8879275952636792e-06,357,5.95,0.13663865546320064,62.970000000001164,4.700479423497634e-05,0
BTC-USD,2026-04-06T15:06:55.984119416Z,69579.11,69579.11499999999,-1.4372128754053103e-07,0.00999999999476131,0.0014372128755534347,3.657015112025303e-05,-1.8830418633092726e-06,358,5.966666666666667,0.13628491620211564,62.970000000001164,4.700478066819241e-05,0
BTC-USD,2026-04-06T15:06:56.089631737Z,69579.11,69579.11499999999,0.0,0.00999999999476131,0.0014372128755534347,3.627855015044866e-05,-1.6184168394312973e-06,357,5.95,0.13663865546320064,62.970000000001164,4.833245611493947e-05,1
BTC-USD,2026-04-06T15:06:56.340967366Z,69579.11,69579.11499999999,0.0,0.00999999999476131,0.0014372128755534347,3.632946957520562e-05,-1.6237849910641531e-06,356,5.933333333333334,0.1369943820234644,62.970000000001164,4.829743893686039e-05,1
BTC-USD,2026-04-06T15:06:56.839985091Z,69579.11,69579.11499999999,0.0,0.00999999999476131,0.0014372128755534347,3.638064354409739e-05,-1.6283719543157468e-06,355,5.916666666666667,0.13735211267698438,62.970000000001164,4.8157439136812695e-05,1
BTC-USD,2026-04-06T15:06:57.087798222Z,69579.11,69579.11499999999,0.0,0.00999999999476131,0.0014372128755534347,3.6432067634768784e-05,-1.632171090191228e-06,354,5.9,0.13771186440772512,62.970000000001164,4.81574391368127e-05,1
BTC-USD,2026-04-06T15:06:57.340886148Z,69579.11,69579.11499999999,0.0,0.00999999999476131,0.0014372128755534347,3.648128224710965e-05,-1.5915451349199074e-06,352,5.866666666666666,0.13843750000093927,62.970000000001164,4.808693685826877e-05,1
BTC-USD,2026-04-06T15:06:57.588692854Z,69579.11,69575.805,0.0,0.34999999999126885,0.050304843758727465,3.651837542158723e-05,-1.6473923151209144e-06,351,5.85,0.13977207977298522,62.970000000001164,4.794679951062913e-05,0
BTC-USD,2026-04-06T15:06:57.84350948Z,69579.11,69575.16500000001,0.0,0.00999999999476131,0.0014372944706291836,3.6483633531556916e-05,-1.7821662798348135e-06,350,5.833333333333333,0.1401428571437386,62.970000000001164,4.787721698831859e-05,0
BTC-USD,2026-04-06T15:06:58.015835061Z,69575.17,69575.16500000001,-5.662779471898415e-05,0.00999999999476131,0.0014372944706291836,3.660108088406268e-05,-1.944423571293221e-06,350,5.833333333333333,0.140142857143697,62.970000000001164,4.7841547015498495e-05,0
BTC-USD,2026-04-06T15:06:58.08890886Z,69575.17,69572.58499999999,0.0,0.00999999999476131,0.0014373477706428922,3.654890358009583e-05,-1.9388680753752404e-06,351,5.85,0.13977207977290232,62.970000000001164,4.7911276725633804e-05,0
BTC-USD,2026-04-06T15:06:58.241166418Z,69572.58,69572.58499999999,-3.722661703537583e-05,0.00999999999476131,0.0014373477706428922,3.659676214072859e-05,-2.050975109939122e-06,351,5.85,0.13977207977286085,62.970000000001164,4.79335325122451e-05,0
BTC-USD,2026-04-06T15:06:58.58737425Z,69572.58,69572.58499999999,0.0,0.00999999999476131,0.0014373477706428922,3.66489906185784e-05,-2.0568518294518415e-06,350,5.833333333333333,0.13971428571501746,62.970000000001164,4.7863582884921454e-05,0
BTC-USD,2026-04-06T15:06:58.855822532Z,69572.58,69575.025,0.0,0.00999999999476131,0.0014372973627765583,3.670144334466481e-05,-2.062762323214634e-06,349,5.816666666666666,0.1400000000006688,62.970000000001164,4.7863582884921454e-05,0
BTC-USD,2026-04-06T15:06:59.088653809Z,69572.58,69575.865,0.0,1.5299999999988358,0.2199038416552688,3.66489906185784e-05,-2.0568518294518415e-06,350,5.833333333333333,0.14397142857209214,62.970000000001164,4.7863582884921454e-05,0
BTC-USD,2026-04-06T15:06:59.243073984Z,69575.02,69575.865,3.507067315926029e-05,1.5299999999988358,0.2199038416552688,3.6702592726689936e-05,-1.9551281383651046e-06,350,5.833333333333333,0.14831428571491934,62.970000000001164,4.790100247796807e-05,0
BTC-USD,2026-04-06T15:06:59.340178204Z,69575.02,69576.725,0.0,0.00999999999476131,0.0014372622446315647,3.6702592726689936e-05,-1.9551281383651046e-06,350,5.833333333333333,0.14831428571487776,62.970000000001164,4.790098264042687e-05,0
BTC-USD,2026-04-06T15:06:59.515866702Z,69576.72,69576.725,2.443375842926686e-05,0.00999999999476131,0.0014372622446315647,3.6782046866081804e-05,-1.8921853118553705e-06,349,5.816666666666666,0.14871060171972308,62.970000000001164,4.781625014399994e-05,0
BTC-USD,2026-04-06T15:06:59.589563925Z,69576.72,69576.725,0.0,0.00999999999476131,0.0014372622446315647,3.6782046866081804e-05,-1.8921853118553705e-06,349,5.816666666666666,0.14871060171968137,62.970000000001164,4.7886155210485125e-05,0
BTC-USD,2026-04-06T15:06:59.840913708Z,69576.72,69576.725,0.0,0.00999999999476131,0.0014372622446315647,3.672945197701186e-05,-1.8867635774374468e-06,350,5.833333333333333,0.14831428571475305,62.970000000001164,4.795636776769383e-05,0
BTC-USD,2026-04-06T15:07:00.087215295Z,69576.72,69576.725,0.0,0.00999999999476131,0.0014372622446315647,3.672945197701186e-05,-1.8867635774374468e-06,350,5.833333333333333,0.14260000000042575,62.970000000001164,4.795636776769383e-05,0
BTC-USD,2026-04-06T15:07:00.343056541Z,69576.72,69576.725,0.0,0.00999999999476131,0.0014372622446315647,3.682732049402822e-05,-1.8831509193404666e-06,348,5.8,0.1433620689658501,62.970000000001164,4.795636776769383e-05,0
BTC-USD,2026-04-06T15:07:00.589895915Z,69576.72,69569.995,0.0,0.00999999999476131,0.0014374012812220717,3.6880361413256784e-05,-1.8885935520553232e-06,347,5.783333333333333,0.14374639769478953,62.970000000001164,4.795636776769383e-05,0
BTC-USD,2026-04-06T15:07:00.845332256Z,69576.72,69565.485,0.0,0.010000000009313226,0.0014374944714772313,3.6880361413256784e-05,-1.8885935520553232e-06,347,5.783333333333333,0.14374639769478953,62.970000000001164,4.795634846744375e-05,0
BTC-USD,2026-04-06T15:07:01.008943021Z,69566.9,69565.485,-0.00014114912370847177,0.010000000009313226,0.0014374944714772313,3.757617938666054e-05,-2.2899207282985983e-06,348,5.8,0.14336206896580828,62.970000000001164,4.731979068520371e-05,0
BTC-USD,2026-04-06T15:07:01.090218415Z,69566.9,69565.485,0.0,0.010000000009313226,0.0014374944714772313,3.756458947175018e-05,-2.333796557978096e-06,348,5.8,0.14336206896580828,62.970000000001164,4.761960562497346e-05,0
BTC-USD,2026-04-06T15:07:01.260046363Z,69563.0,69565.485,-5.606271550568104e-05,0.010000000009313226,0.0014374944714772313,3.762067327072479e-05,-2.488190003230116e-06,349,5.816666666666666,0.14297994269372663,63.970000000001164,4.75118297959977e-05,0
BTC-USD,2026-04-06T15:07:01.343058252Z,69563.0,69565.485,0.0,0.010000000009313226,0.0014374944714772313,3.582814820241679e-05,-1.8636497781541909e-06,348,5.8,0.1433620689658501,63.970000000001164,4.77755718957085e-05,0
BTC-USD,2026-04-06T15:07:01.485557601Z,69565.48,69565.485,3.565050089327403e-05,0.010000000009313226,0.0014374944714772313,3.5832944537701564e-05,-1.755850494615604e-06,349,5.816666666666666,0.14297994269376832,63.970000000001164,4.7743836710479846e-05,0
BTC-USD,2026-04-06T15:07:01.586380585Z,69565.48,69565.485,0.0,0.010000000009313226,0.0014374944714772313,3.5832944537701564e-05,-1.755850494615604e-06,349,5.816666666666666,0.14297994269381004,63.970000000001164,4.791036226399367e-05,0
BTC-USD,2026-04-06T15:07:02.087773751Z,69565.48,69565.485,0.0,0.010000000009313226,0.0014374944714772313,3.325493328270495e-05,-2.4921058759001094e-06,347,5.783333333333333,0.14374639769499922,63.970000000001164,4.7943138637648926e-05,0
BTC-USD,2026-04-06T15:07:02.343465697Z,69565.48,69562.225,0.0,0.00999999999476131,0.0014375618368678274,3.325493328270495e-05,-2.4921058759001094e-06,347,5.783333333333333,0.14374639769499922,63.970000000001164,4.79220367652324e-05,0
BTC-USD,2026-04-06T15:07:02.570859561Z,69562.22,69562.225,-4.686342116766706e-05,0.00999999999476131,0.0014375618368678274,3.329205680759961e-05,-2.619977101524798e-06,348,5.8,0.14336206896597553,64.75,4.808898819616921e-05,1
BTC-USD,2026-04-06T15:07:02.591102812Z,69562.22,69559.63500000001,0.0,0.00999999999476131,0.001437615363387302,3.329205680759961e-05,-2.619977101524798e-06,348,5.8,0.14336206896597553,64.75,4.808898819616921e-05,1
BTC-USD,2026-04-06T15:07:02.845645568Z,69562.22,69554.455,0.0,0.010000000009313226,0.001437722430477419,3.329205680759961e-05,-2.619977101524798e-06,348,5.8,0.14336206896601736,64.75,4.808898819616921e-05,1
BTC-USD,2026-04-06T15:07:03.078964072Z,69554.45,69554.455,-0.00011170480156094591,0.010000000009313226,0.001437722430477419,3.3753100670408384e-05,-2.933439240776008e-06,349,5.816666666666666,0.1429799426939351,72.52000000000407,4.7759533511862036e-05,0
BTC-USD,2026-04-06T15:07:03.130189957Z,69554.45,69554.455,0.0,0.010000000009313226,0.001437722430477419,3.3753100670408384e-05,-2.933439240776008e-06,349,5.816666666666666,0.14297994269397682,72.52000000000407,4.7717976865293474e-05,0
BTC-USD,2026-04-06T15:07:03.459804536Z,69554.45,69554.455,0.0,0.010000000009313226,0.001437722430477419,3.3753100670408384e-05,-2.933439240776008e-06,349,5.816666666666666,0.1429799426940185,72.52000000000407,4.829218716612921e-05,1
BTC-USD,2026-04-06T15:07:03.599665297Z,69554.45,69554.455,0.0,0.010000000009313226,0.001437722430477419,3.37489806544664e-05,-2.954487737152923e-06,349,5.816666666666666,0.1429799426940602,72.52000000000407,4.829218716612922e-05,1
BTC-USD,2026-04-06T15:07:03.736338918Z,69554.46,69554.455,1.437722431006404e-07,0.010000000009313226,0.001437722430477419,3.3749017699316186e-05,-2.954074598523324e-06,349,5.816666666666666,0.14297994269410189,72.52000000000407,4.836177015187888e-05,1
BTC-USD,2026-04-06T15:07:03.84483399Z,69554.46,69554.455,0.0,0.010000000009313226,0.001437722430477419,3.373743120892578e-05,-2.9936948793378454e-06,349,5.816666666666666,0.1429799426941436,72.52000000000407,4.82952924811774e-05,1
BTC-USD,2026-04-06T15:07:03.96949675Z,69554.45,69554.455,-1.4377224300992774e-07,0.010000000009313226,0.001437722430477419,3.3689406515181105e-05,-2.9855289118985105e-06,350,5.833333333333333,0.14260000000075837,72.52000000000407,4.8364808851224646e-05,1
BTC-USD,2026-04-06T15:07:04.092186946Z,69554.45,69549.275,0.0,0.00999999999476131,0.0014378295093315223,3.3689406515181105e-05,-2.9855289118985105e-06,350,5.833333333333333,0.14260000000075837,72.52000000000407,4.8364808851224646e-05,1
BTC-USD,2026-04-06T15:07:04.248966022Z,69551.37,69549.275,-4.4282834470980035e-05,0.00999999999476131,0.0014378295093315223,3.371338257139195e-05,-3.1035212134958863e-06,351,5.85,0.1422222222229635,75.60000000000582,4.829615531321512e-05,1
BTC-USD,2026-04-06T15:07:04.361399156Z,69551.37,69541.505,0.0,0.00999999999476131,0.0014379901606617963,3.371338257139196e-05,-3.1035212134958863e-06,351,5.85,0.1422222222229635,75.60000000000582,4.829615531321512e-05,1
BTC-USD,2026-04-06T15:07:04.50888425Z,69542.34,69541.505,-0.00012984052280559804,0.00999999999476131,0.0014379901606617963,3.4336352189420054e-05,-3.464595292105864e-06,352,5.866666666666666,0.1418465909098152,84.63000000000466,4.7825308838885256e-05,0
BTC-USD,2026-04-06T15:07:04.59064185Z,69542.34,69541.505,0.0,0.00999999999476131,0.0014379901606617963,3.4336352189420054e-05,-3.464595292105864e-06,352,5.866666666666666,0.1418465909098152,84.63000000000466,4.7825308838885256e-05,0
BTC-USD,2026-04-06T15:07:04.77444355Z,69541.51,69541.505,-1.1935246256275998e-05,0.00999999999476131,0.0014379901606617963,3.429050821802238e-05,-3.488659641435893e-06,353,5.883333333333334,0.1414730878194043,85.4600000000064,4.788707583094428e-05,0
BTC-USD,2026-04-06T15:07:04.844018342Z,69541.51,69539.455,0.0,1.0899999999965075,0.15674554826414838,3.429050821802238e-05,-3.488659641435893e-06,353,5.883333333333334,0.14453257790439505,85.4600000000064,4.788707583094428e-05,0
BTC-USD,2026-04-06T15:07:05.089880046Z,69541.51,69538.91500000001,0.0,0.00999999999476131,0.001438043719083237,3.429050821802238e-05,-3.488659641435893e-06,353,5.883333333333334,0.14453257790439505,85.4600000000064,4.7817992869946686e-05,0
BTC-USD,2026-04-06T15:07:05.257321295Z,69540.63,69538.91500000001,-1.2654392577006311e-05,0.00999999999476131,0.001438043719083237,3.424536876217323e-05,-3.5146248905451577e-06,354,5.9,0.1441525423735769,86.33999999999651,4.787899056478951e-05,0
BTC-USD,2026-04-06T15:07:05.344015099Z,69540.63,69538.91500000001,0.0,0.00999999999476131,0.001438043719083237,3.424536876217323e-05,-3.5146248905451577e-06,354,5.9,0.1441525423735769,86.33999999999651,4.869750519755557e-05,1
BTC-USD,2026-04-06T15:07:05.528883207Z,69538.92,69538.91500000001,-2.4590243498616754e-05,0.00999999999476131,0.001438043719083237,3.421525460886664e-05,-3.5741605363306707e-06,355,5.916666666666667,0.14377464788800276,88.05000000000291,4.87443859113583e-05,1
BTC-USD,2026-04-06T15:07:05.588870489Z,69538.92,69538.91500000001,0.0,0.00999999999476131,0.001438043719083237,3.421525460886664e-05,-3.5741605363306707e-06,355,5.916666666666667,0.14377464788800276,88.05000000000291,4.87443859113583e-05,1
BTC-USD,2026-04-06T15:07:05.843799926Z,69538.92,69536.32500000001,0.0,0.00999999999476131,0.0014380972814944288,3.421525460886664e-05,-3.5741605363306707e-06,355,5.916666666666667,0.14377464788800276,88.05000000000291,4.8816600304853354e-05,1
BTC-USD,2026-04-06T15:07:06.017132104Z,69536.33,69536.32500000001,-3.7246023290161055e-05,0.00999999999476131,0.0014380972814944288,3.421360457226055e-05,-3.6690108539470945e-06,356,5.933333333333334,0.14339887640515658,90.63999999999942,4.876619126573734e-05,1
BTC-USD,2026-04-06T15:07:06.088526255Z,69536.33,69536.32500000001,0.0,0.00999999999476131,0.0014380972814944288,3.421360457226055e-05,-3.6690108539470945e-06,356,5.933333333333334,0.14339887640515658,90.63999999999942,4.8836712435951194e-05,1
BTC-USD,2026-04-06T15:07:06.264065825Z,69536.32,69536.32500000001,-1.4380972814143198e-07,0.00999999999476131,0.0014380972814944288,3.416602738315437e-05,-3.659108603593708e-06,357,5.95,0.14302521008467928,90.64999999999418,4.883747057835276e-05,1
BTC-USD,2026-04-06T15:07:06.344723916Z,69536.32,69540.985,0.0,2.1300000000046566,0.3062941947118892,3.416598332586912e-05,-3.659512037631165e-06,357,5.95,0.14896358543484706,90.64999999999418,4.883747057835276e-05,1
BTC-USD,2026-04-06T15:07:06.510463581Z,69537.5,69540.985,1.696940516936584e-05,2.1300000000046566,0.3062941947118892,3.418288896297325e-05,-3.61184516917789e-06,357,5.95,0.15490196078501484,90.64999999999418,4.890355811707389e-05,1
BTC-USD,2026-04-06T15:07:06.589703569Z,69537.5,69543.88500000001,0.0,0.00999999999476131,0.00143794094833231,3.418293074083236e-05,-3.6114417351401845e-06,357,5.95,0.15490196078501484,90.63999999999942,4.8833472906878206e-05,1
BTC-USD,2026-04-06T15:07:06.754480751Z,69539.93,69543.88500000001,3.494456289900994e-05,0.00999999999476131,0.00143794094833231,3.419579076591532e-05,-3.5034417221593715e-06,358,5.966666666666667,0.15449720670459513,90.63999999999942,4.887615603884722e-05,1
BTC-USD,2026-04-06T15:07:06.843287349Z,69539.93,69544.08499999999,0.0,0.00999999999476131,0.001437936812995859,3.424328004683213e-05,-3.5132828505924036e-06,357,5.95,0.15490196078501484,90.63999999999942,4.889536253440852e-05,1
BTC-USD,2026-04-06T15:07:07.029660955Z,69543.88,69544.08499999999,5.680028467835888e-05,0.00999999999476131,0.001437936812995859,3.4343540812853626e-05,-3.344337283284417e-06,358,5.966666666666667,0.15449720670459513,90.63999999999942,4.8813170250023736e-05,1
BTC-USD,2026-04-06T15:07:07.08765747Z,69543.88,69544.08499999999,0.0,0.00999999999476131,0.001437936812995859,3.4295995636019826e-05,-3.334995559029432e-06,359,5.983333333333333,0.15409470752155938,90.63999999999942,4.888379645692394e-05,1
BTC-USD,2026-04-06T15:07:07.340462291Z,69543.88,69544.08499999999,0.0,0.00999999999476131,0.001437936812995859,3.424864735473151e-05,-3.325705877806509e-06,360,6.0,0.15369444444509606,90.63999999999942,4.8813170250023736e-05,1
BTC-USD,2026-04-06T15:07:07.510452147Z,69544.09,69544.08499999999,3.019671650756873e-06,0.00999999999476131,0.001437936812995859,3.420267722435265e-05,-3.3080798291160555e-06,361,6.016666666666667,0.15329639889260205,90.63999999999942,4.8884246014478844e-05,1
BTC-USD,2026-04-06T15:07:07.589589169Z,69544.09,69544.08499999999,0.0,0.00999999999476131,0.001437936812995859,3.420267722435265e-05,-3.3080798291160555e-06,361,6.016666666666667,0.15329639889260205,90.63999999999942,4.8884246014478844e-05,1
BTC-USD,2026-04-06T15:07:07.772538894Z,69544.08,69544.08499999999,-1.437936813085934e-07,0.00999999999476131,0.001437936812995859,3.41556771449304e-05,-3.299314493526561e-06,362,6.033333333333333,0.1529005524868069,90.63999999999942,4.895514733847496e-05,1
BTC-USD,2026-04-06T15:07:07.840942279Z,69544.08,69544.08499999999,0.0,0.00999999999476131,0.001437936812995859,3.410890775446405e-05,-3.290200365091405e-06,363,6.05,0.15250688705294452,90.63999999999942,4.8955182377505724e-05,1
BTC-USD,2026-04-06T15:07:08.088232692Z,69544.08,69546.225,0.0,0.00999999999476131,0.0014378925663846326,3.406232994096778e-05,-3.281136452239913e-06,364,6.066666666666666,0.1521153846159715,90.63999999999942,4.8955182377505724e-05,1
BTC-USD,2026-04-06T15:07:08.340305733Z,69544.08,69546.225,0.0,0.00999999999476131,0.0014378925663846326,3.406232994096778e-05,-3.281136452239913e-06,364,6.066666666666666,0.1521153846159715,90.63999999999942,4.8884179876707965e-05,1
BTC-USD,2026-04-06T15:07:08.518929395Z,69546.22,69546.225,3.077137658286959e-05,0.00999999999476131,0.0014378925663846326,3.4062174508084795e-05,-3.1875855922533484e-06,365,6.083333333333333,0.1517260273978312,90.63999999999942,4.889484517585248e-05,1
BTC-USD,2026-04-06T15:07:08.586943751Z,69546.22,69546.225,0.0,0.00999999999476131,0.0014378925663846326,3.4062174508084795e-05,-3.1875855922533484e-06,365,6.083333333333333,0.1517260273978312,90.63999999999942,4.896557063771292e-05,1
BTC-USD,2026-04-06T15:07:08.839405238Z,69546.22,69546.225,0.0,0.00999999999476131,0.0014378925663846326,3.4015890057690465e-05,-3.1788524810416953e-06,366,6.1,0.1513387978147627,90.63999999999942,4.896557063771292e-05,1
BTC-USD,2026-04-06T15:07:09.107556791Z,69546.22,69546.225,0.0,0.00999999999476131,0.0014378925663846326,3.4015890057690465e-05,-3.1788524810416953e-06,366,6.1,0.1513387978147627,90.63999999999942,4.882446059839472e-05,1
BTC-USD,2026-04-06T15:07:09.33984018Z,69546.22,69546.225,0.0,0.00999999999476131,0.0014378925663846326,3.3969793753654486e-05,-3.170167091749232e-06,367,6.116666666666666,0.15095367847465369,90.63999999999942,4.8824426501100705e-05,1
BTC-USD,2026-04-06T15:07:09.508148311Z,69546.23,69546.225,1.4378925659991277e-07,0.00999999999476131,0.0014378925663846326,3.397528153778492e-05,-3.08244617940408e-06,366,6.1,0.15133879781468318,88.19999999999709,4.882446064546036e-05,1
BTC-USD,2026-04-06T15:07:09.58980063Z,69546.23,69546.67499999999,0.0,0.00999999999476131,0.0014378832625371828,3.3929216994222504e-05,-3.0740241953073475e-06,367,6.116666666666666,0.1509536784745744,88.19999999999709,4.8754379130346124e-05,1
BTC-USD,2026-04-06T15:07:09.765878184Z,69527.0,69546.67499999999,-0.0002765449558128098,0.00999999999476131,0.0014378832625371828,3.6667405946362943e-05,-3.650267381476718e-06,367,6.116666666666666,0.15095367847453475,92.94999999999709,4.6421862904056635e-05,0
BTC-USD,2026-04-06T15:07:09.840840329Z,69527.0,69546.67499999999,0.0,0.00999999999476131,0.0014378832625371828,3.6667405946362943e-05,-3.650267381476718e-06,367,6.116666666666666,0.1509536784744951,92.94999999999709,4.648854306683839e-05,0
BTC-USD,2026-04-06T15:07:10.017704383Z,69546.67,69546.67499999999,0.0002828716626398371,0.00999999999476131,0.0014378832625371828,3.960009718355545e-05,-2.877393986285906e-06,367,6.116666666666666,0.15095367847445543,92.94999999999709,4.3936007477969443e-05,0
BTC-USD,2026-04-06T15:07:10.088886416Z,69546.67,69546.67499999999,0.0,0.00999999999476131,0.0014378832625371828,3.9546393750064946e-05,-2.869553675696571e-06,368,6.133333333333334,0.15057065217423887,92.94999999999709,4.3999277321580423e-05,0
BTC-USD,2026-04-06T15:07:10.33910572Z,69546.67,69546.67499999999,0.0,0.00999999999476131,0.0014378832625371828,3.954112981587737e-05,-2.7565164691489826e-06,367,6.116666666666666,0.15095367847437613,89.86999999999534,4.3999277321580423e-05,0
BTC-USD,2026-04-06T15:07:10.587335281Z,69546.67,69546.67499999999,0.0,0.00999999999476131,0.0014378832625371828,3.9599446958463775e-05,-2.6599811403909757e-06,365,6.083333333333333,0.15172602739743252,87.05000000000291,4.3999277321580423e-05,0
BTC-USD,2026-04-06T15:07:10.840959824Z,69546.67,69546.67499999999,0.0,0.00999999999476131,0.0014378832625371828,3.9545408361424945e-05,-2.652693520828261e-06,366,6.1,0.1513387978143651,87.05000000000291,4.399927732158042e-05,0
BTC-USD,2026-04-06T15:07:11.018906368Z,69537.0,69546.67499999999,-0.00013905298897533633,0.00999999999476131,0.0014378832625371828,4.0128058668571716e-05,-3.02537192370943e-06,367,6.116666666666666,0.1509536784742572,87.05000000000291,4.337844985369083e-05,0
BTC-USD,2026-04-06T15:07:11.089254369Z,69537.0,69546.67499999999,0.0,0.00999999999476131,0.0014378832625371828,4.0128058668571716e-05,-3.02537192370943e-06,367,6.116666666666666,0.15095367847421753,87.05000000000291,4.337844985369083e-05,0
BTC-USD,2026-04-06T15:07:11.243134961Z,69546.67,69546.67499999999,0.00013905298897535405,0.00999999999476131,0.0014378832625371828,4.075201862434164e-05,-2.6382374253468593e-06,368,6.133333333333334,0.15057065217400162,87.05000000000291,4.282623033416957e-05,0
BTC-USD,2026-04-06T15:07:11.339699757Z,69546.67,69546.67499999999,0.0,0.00999999999476131,0.0014378832625371828,4.0696843111521046e-05,-2.6310683019084168e-06,369,6.15,0.1501897018970931,87.05000000000291,4.282627112041407e-05,0
BTC-USD,2026-04-06T15:07:11.586430172Z,69546.67,69546.67499999999,0.0,0.00999999999476131,0.0014378832625371828,4.075199259287319e-05,-2.6386288399875127e-06,368,6.133333333333334,0.15057065217392254,87.05000000000291,4.276432548995905e-05,0
BTC-USD,2026-04-06T15:07:12.01640755Z,69536.0,69546.67499999999,-0.00015343392560594553,0.00999999999476131,0.0014378832625371828,4.161586313518524e-05,-3.073060440296293e-06,366,6.1,0.15133879781412654,87.0399999999936,4.1788094406800384e-05,0
BTC-USD,2026-04-06T15:07:12.08810465Z,69536.0,69546.67499999999,0.0,0.00999999999476131,0.0014378832625371828,4.155928155904224e-05,-3.064664100295483e-06,367,6.116666666666666,0.15095367847401928,87.0399999999936,4.18480842300028e-05,0
BTC-USD,2026-04-06T15:07:12.260616211Z,69546.67,69546.67499999999,0.00015343392560596846,0.00999999999476131,0.0014378832625371828,4.2354338476508704e-05,-2.6454457243228915e-06,367,6.116666666666666,0.15095367847397964,87.0399999999936,4.1068856880604456e-05,0
BTC-USD,2026-04-06T15:07:12.339602095Z,69546.67,69546.67499999999,0.0,0.00999999999476131,0.0014378832625371828,4.229682046405944e-05,-2.638237425346535e-06,368,6.133333333333334,0.15057065217376436,87.0399999999936,4.1068942412509196e-05,0
BTC-USD,2026-04-06T15:07:12.587742277Z,69546.67,69546.67499999999,0.0,0.00999999999476131,0.0014378832625371828,4.229682046405944e-05,-2.638237425346535e-06,368,6.133333333333334,0.1505706521737248,87.0399999999936,4.1111042692938425e-05,0
BTC-USD,2026-04-06T15:07:13.087839054Z,69546.67,69546.67499999999,0.0,0.00999999999476131,0.0014378832625371828,4.229682046405944e-05,-2.638237425346535e-06,368,6.133333333333334,0.1505706521736853,87.0399999999936,4.179438012733958e-05,0
BTC-USD,2026-04-06T15:07:13.342387483Z,69546.67,69548.315,0.0,0.010000000009313226,0.0014378493582933283,4.229682046405944e-05,-2.638237425346535e-06,368,6.133333333333334,0.1505706521736853,87.0399999999936,4.181268311233152e-05,0
BTC-USD,2026-04-06T15:07:13.474030694Z,69547.46,69548.315,1.135921408073982e-05,0.010000000009313226,0.0014378493582933283,4.224559763133777e-05,-2.6002008723408654e-06,369,6.15,0.15018970189681705,87.0399999999936,4.1811043891398806e-05,0
BTC-USD,2026-04-06T15:07:13.587165438Z,69547.46,69548.315,0.0,0.010000000009313226,0.0014378493582933283,4.224559763133777e-05,-2.6002008723408654e-06,369,6.15,0.15018970189681705,87.0399999999936,4.1811043891398806e-05,0
BTC-USD,2026-04-06T15:07:13.770650833Z,69547.46,69548.315,0.0,0.010000000009313226,0.0014378493582933283,4.224559763133777e-05,-2.6002008723408654e-06,369,6.15,0.15018970189681705,87.0399999999936,4.181104389139881e-05,0
BTC-USD,2026-04-06T15:07:13.984377008Z,69548.32,69548.315,1.2365580034222405e-05,0.010000000009313226,0.0014378493582933283,4.225256967745387e-05,-2.5665987526826525e-06,369,6.15,0.15018970189681705,87.0399999999936,4.180880274791954e-05,0
BTC-USD,2026-04-06T15:07:14.08741629Z,69548.32,69548.315,0.0,0.010000000009313226,0.0014378493582933283,4.219548899896995e-05,-2.5596432005073605e-06,370,6.166666666666667,0.1498108108106346,87.0399999999936,4.2598379287987256e-05,0
BTC-USD,2026-04-06T15:07:14.23059033Z,69548.31,69548.315,-1.4378493585852633e-07,0.010000000009313226,0.0014378493582933283,4.215634808900813e-05,-2.4584254368391297e-06,370,6.166666666666667,0.1498108108106346,84.42999999999302,4.259834001897798e-05,0
BTC-USD,2026-04-06T15:07:14.340868083Z,69548.31,69548.315,0.0,0.010000000009313226,0.0014378493582933283,4.215634808900813e-05,-2.4584254368391297e-06,370,6.166666666666667,0.1498108108106346,84.42999999999302,4.42803399388507e-05,0
BTC-USD,2026-04-06T15:07:14.589777584Z,69548.31,69548.315,0.0,0.010000000009313226,0.0014378493582933283,4.204614591883991e-05,-2.2628889958412053e-06,369,6.15,0.15018970189681705,80.52000000000407,4.42510561645938e-05,0
BTC-USD,2026-04-06T15:07:14.842274279Z,69548.31,69548.315,0.0,0.010000000009313226,0.0014378493582933283,4.2073493335009476e-05,-2.1801923833211965e-06,368,6.133333333333334,0.15057065217376436,80.52000000000407,4.43839583299072e-05,0
BTC-USD,2026-04-06T15:07:15.088649742Z,69548.31,69548.315,0.0,0.010000000009313226,0.0014378493582933283,4.209723754155344e-05,-2.3310816695518783e-06,366,6.1,0.15133879781400728,80.52000000000407,4.43839583299072e-05,0
BTC-USD,2026-04-06T15:07:15.259857234Z,69548.32,69548.315,1.437849358345668e-07,0.010000000009313226,0.0014378493582933283,4.203988681008613e-05,-2.324319738936068e-06,367,6.116666666666666,0.15095367847393998,80.52000000000407,4.43840035146725e-05,0
BTC-USD,2026-04-06T15:07:15.339510816Z,69548.32,69548.315,0.0,0.010000000009313226,0.0014378493582933283,4.198274753096912e-05,-2.3179864426446893e-06,368,6.133333333333334,0.15057065217376436,80.52000000000407,4.444675228473017e-05,0
BTC-USD,2026-04-06T15:07:15.469087664Z,69548.31,69548.315,-1.4378493585852633e-07,0.010000000009313226,0.0014378493582933283,4.1982704280106814e-05,-2.3187696785713526e-06,368,6.133333333333334,0.15057065217376436,80.52000000000407,4.4446705570112354e-05,0
BTC-USD,2026-04-06T15:07:15.841923252Z,69548.31,69548.315,0.0,0.010000000009313226,0.0014378493582933283,4.215482364678219e-05,-2.337880417680488e-06,365,6.083333333333333,0.15172602739703384,80.52000000000407,4.438599194566242e-05,0
BTC-USD,2026-04-06T15:07:16.113839377Z,69548.31,69548.315,0.0,0.010000000009313226,0.0014378493582933283,4.221269067402903e-05,-2.3439250947286007e-06,364,6.066666666666666,0.15211538461513197,80.50999999999476,4.448424755211634e-05,0
BTC-USD,2026-04-06T15:07:16.340562114Z,69548.31,69548.315,0.0,0.010000000009313226,0.0014378493582933283,4.221269067402903e-05,-2.3439250947286007e-06,364,6.066666666666666,0.15211538461513197,80.50999999999476,4.5189161397335164e-05,0
BTC-USD,2026-04-06T15:07:16.587881779Z,69548.31,69548.315,0.0,0.010000000009313226,0.0014378493582933283,4.221269067402903e-05,-2.3439250947286007e-06,364,6.066666666666666,0.15211538461513197,80.50999999999476,4.522584308768112e-05,0
BTC-USD,2026-04-06T15:07:16.840250203Z,69548.31,69548.315,0.0,0.010000000009313226,0.0014378493582933283,4.206084805833133e-05,-2.122990931454598e-06,363,6.05,0.15250688705214277,74.77999999999884,4.522584308768112e-05,0
BTC-USD,2026-04-06T15:07:17.088066129Z,69548.31,69548.315,0.0,0.010000000009313226,0.0014378493582933283,4.211720729947481e-05,-2.102206316509611e-06,362,6.033333333333333,0.15290055248604312,74.11000000000058,4.5172844566222385e-05,0
BTC-USD,2026-04-06T15:07:17.341424014Z,69548.31,69548.315,0.0,0.010000000009313226,0.0014378493582933283,4.217551691898361e-05,-2.1080457784999157e-06,361,6.016666666666667,0.15329639889187646,74.11000000000058,4.5138228174030065e-05,0
BTC-USD,2026-04-06T15:07:17.588955854Z,69548.31,69548.445,0.0,0.00999999999476131,0.0014378466685720016,4.217553618537565e-05,-2.107646678833956e-06,361,6.016666666666667,0.15329639889187646,74.11000000000058,4.518853828953693e-05,0
BTC-USD,2026-04-06T15:07:17.739118561Z,69548.32,69548.445,1.437849358345668e-07,0.00999999999476131,0.0014378466685720016,4.21172470383914e-05,-2.101410026161744e-06,362,6.033333333333333,0.15290055248608334,74.11000000000058,4.525104838428936e-05,0
BTC-USD,2026-04-06T15:07:17.842571913Z,69548.32,69548.445,0.0,0.00999999999476131,0.0014378466685720016,4.21172470383914e-05,-2.101410026161744e-06,362,6.033333333333333,0.15290055248608334,74.11000000000058,4.525104838428936e-05,0
BTC-USD,2026-04-06T15:07:18.087034522Z,69548.32,69548.445,0.0,0.00999999999476131,0.0014378466685720016,4.205917843269836e-05,-2.095605026089474e-06,363,6.05,0.15250688705222293,74.11000000000058,4.526403048043843e-05,0
BTC-USD,2026-04-06T15:07:18.208278855Z,69548.44,69548.445,1.7254176157254434e-06,0.00999999999476131,0.0014378466685720016,4.2059493001565913e-05,-2.0912355737801573e-06,363,6.05,0.15250688705222293,74.11000000000058,4.526452991458512e-05,0
BTC-USD,2026-04-06T15:07:18.341692341Z,69548.44,69548.445,0.0,0.00999999999476131,0.0014378466685720016,4.205949300156592e-05,-2.0912355737801573e-06,363,6.05,0.15250688705222293,74.11000000000058,4.526473690336069e-05,0
BTC-USD,2026-04-06T15:07:18.508751533Z,69548.45,69548.445,1.437846669385889e-07,0.00999999999476131,0.0014378466685720016,4.20595324779378e-05,-2.0904414838721904e-06,363,6.05,0.15250688705222293,74.11000000000058,4.526478554089622e-05,0
BTC-USD,2026-04-06T15:07:18.587027283Z,69548.45,69548.445,0.0,0.00999999999476131,0.0014378466685720016,4.20595324779378e-05,-2.0904414838721904e-06,363,6.05,0.15250688705222293,74.11000000000058,4.535126597889941e-05,0
BTC-USD,2026-04-06T15:07:18.73248951Z,69548.44,69548.445,-1.437846668514488e-07,0.00999999999476131,0.0014378466685720016,4.200168321409185e-05,-2.0850787929162104e-06,364,6.066666666666666,0.1521153846152519,74.11000000000058,4.5351217345466786e-05,0
BTC-USD,2026-04-06T15:07:18.839910274Z,69548.44,69548.445,0.0,0.00999999999476131,0.0014378466685720016,4.194409090139818e-05,-2.079350554474133e-06,365,6.083333333333333,0.15172602739711355,74.11000000000058,4.57184142491637e-05,0
BTC-USD,2026-04-06T15:07:19.08538055Z,69548.44,69548.445,0.0,0.00999999999476131,0.0014378466685720016,4.194409090139818e-05,-2.079350554474133e-06,365,6.083333333333333,0.15172602739711355,74.11000000000058,4.57184142491637e-05,0
BTC-USD,2026-04-06T15:07:19.338271681Z,69548.44,69548.445,0.0,0.00999999999476131,0.0014378466685720016,4.200166288659636e-05,-2.085474594237843e-06,364,6.066666666666666,0.1521153846152519,74.11000000000058,4.571846523575201e-05,0
BTC-USD,2026-04-06T15:07:19.8406548Z,69548.44,69548.445,0.0,0.00999999999476131,0.0014378466685720016,4.217587212143755e-05,-2.1028535491898457e-06,361,6.016666666666667,0.15329639889187646,74.11000000000058,4.571302407807787e-05,0
BTC-USD,2026-04-06T15:07:20.263770616Z,69548.45,69548.445,1.437846669385889e-07,0.00999999999476131,0.0014378466685720016,4.2234446489215184e-05,-2.108310565574947e-06,360,6.0,0.15369444444436844,74.11000000000058,4.582339192675645e-05,0
BTC-USD,2026-04-06T15:07:20.3434454Z,69548.45,69554.065,0.0,0.010000000009313226,0.0014377304920011828,4.223444648921518e-05,-2.108310565574947e-06,360,6.0,0.15369444444440888,74.11000000000058,4.5886189749717086e-05,0
BTC-USD,2026-04-06T15:07:20.492825783Z,69551.12,69554.065,3.838976641449083e-05,0.010000000009313226,0.0014377304920011828,4.2229572288518846e-05,-1.995815907296986e-06,361,6.016666666666667,0.1532963988919571,74.11000000000058,4.585342232966888e-05,0
BTC-USD,2026-04-06T15:07:20.589492864Z,69551.12,69554.445,0.0,0.00999999999476131,0.0014377226350898652,4.2229572288518846e-05,-1.995815907296986e-06,361,6.016666666666667,0.1532963988919571,74.11000000000058,4.585538042623967e-05,0
BTC-USD,2026-04-06T15:07:20.757166257Z,69554.44,69554.445,4.773353416850723e-05,0.00999999999476131,0.0014377226350898652,4.225196145399319e-05,-1.8580614749540383e-06,362,6.033333333333333,0.15290055248616372,74.11000000000058,4.586371486426297e-05,0
BTC-USD,2026-04-06T15:07:20.841680408Z,69554.44,69556.005,0.0,0.00999999999476131,0.001437690389889602,4.220994572351757e-05,-1.753785058507914e-06,362,6.033333333333333,0.15290055248616372,71.49000000000524,4.592698882462169e-05,0
BTC-USD,2026-04-06T15:07:21.012954608Z,69554.5,69556.005,8.626332713376983e-07,0.00999999999476131,0.001437690389889602,4.221006935745372e-05,-1.7513954926593332e-06,362,6.033333333333333,0.15290055248616372,71.49000000000524,4.599076232616173e-05,0
BTC-USD,2026-04-06T15:07:21.089645313Z,69554.5,69554.515,0.0,0.010000000009313226,0.0014377211902510175,4.215182807115219e-05,-1.746557383563589e-06,363,6.05,0.1525068870523432,71.49000000000524,4.599076232616173e-05,0
BTC-USD,2026-04-06T15:07:21.341345703Z,69554.5,69554.515,0.0,0.010000000009313226,0.0014377211902510175,4.203598457469184e-05,-1.5452191162123814e-06,362,6.033333333333333,0.14555248618781153,70.19000000000233,4.59963313543876e-05,0
BTC-USD,2026-04-06T15:07:21.504817807Z,69554.52,69554.515,2.875442585853136e-07,0.010000000009313226,0.0014377211902510175,4.200161107752679e-05,-1.3974328224585404e-06,361,6.016666666666667,0.14592797783935615,70.19000000000233,4.5991412418841686e-05,0
BTC-USD,2026-04-06T15:07:21.589890438Z,69554.52,69551.015,0.0,0.010000000009313226,0.001437793540369357,4.199159881139557e-05,-1.3451415702733982e-06,361,6.016666666666667,0.14592797783939646,70.19000000000233,4.5991412418841686e-05,0
BTC-USD,2026-04-06T15:07:21.770380677Z,69543.61,69551.015,-0.0001568676735248098,0.010000000009313226,0.001437793540369357,4.2781845446472246e-05,-1.7808851078423142e-06,361,6.016666666666667,0.14592797783943676,70.19000000000233,4.5248533341934274e-05,0
BTC-USD,2026-04-06T15:07:21.844194182Z,69543.61,69551.29000000001,0.0,0.9799999999959255,0.1409032097026418,4.278182815775478e-05,-1.7812842814343338e-06,361,6.016666666666667,0.14861495844885828,70.19000000000233,4.5248533341934274e-05,0
BTC-USD,2026-04-06T15:07:22.021401964Z,69553.99,69551.29000000001,0.00014924772273955286,0.9799999999959255,0.1409032097026418,4.351395844696929e-05,-1.3667072738244646e-06,361,6.016666666666667,0.15130193905827977,70.19000000000233,4.461309806376156e-05,0
BTC-USD,2026-04-06T15:07:22.088960576Z,69553.99,69551.18,0.0,0.6599999999889405,0.09489414845139084,4.351397032344781e-05,-1.3663081002321354e-06,361,6.016666666666667,0.15310249307484383,70.19000000000233,4.467485469242326e-05,0
BTC-USD,2026-04-06T15:07:22.213194806Z,69551.78,69551.18,-3.177438290573684e-05,0.6599999999889405,0.09489414845139084,4.348304061558595e-05,-1.4505409944302095e-06,362,6.033333333333333,0.15450276243096012,70.19000000000233,4.457005055797751e-05,0
BTC-USD,2026-04-06T15:07:22.341199787Z,69551.78,69550.82500000001,0.0,0.00999999999476131,0.0014377974660633153,4.348304061558595e-05,-1.4505409944302095e-06,362,6.033333333333333,0.15450276243091993,70.19000000000233,4.4631712606690196e-05,0
BTC-USD,2026-04-06T15:07:22.578274329Z,69550.85,69550.82500000001,-1.3371422237029923e-05,0.00999999999476131,0.0014377974660633153,4.354784025348713e-05,-1.488120549603184e-06,361,6.016666666666667,0.12515235457057747,70.19000000000233,4.4691047312344685e-05,0
BTC-USD,2026-04-06T15:07:22.590777626Z,69550.85,69550.82500000001,0.0,0.00999999999476131,0.0014377974660633153,4.348755319224272e-05,-1.4839983320142553e-06,362,6.033333333333333,0.12483425414357244,70.19000000000233,4.475280140254035e-05,0
BTC-USD,2026-04-06T15:07:22.840885185Z,69550.85,69550.82500000001,0.0,0.00999999999476131,0.0014377974660633153,4.354790883696689e-05,-1.4833304558237727e-06,361,6.016666666666667,0.12515235457057747,70.19000000000233,4.475280140254035e-05,0
BTC-USD,2026-04-06T15:07:22.939525354Z,69550.83,69550.82500000001,-2.8755943142272795e-07,0.00999999999476131,0.0014377974660633153,4.3547884258965483e-05,-1.484129232022169e-06,361,6.016666666666667,0.12515235457057747,70.19000000000233,4.481470858220215e-05,0
BTC-USD,2026-04-06T15:07:23.090139324Z,69550.83,69550.82500000001,0.0,0.00999999999476131,0.0014377974660633153,4.318207361939973e-05,-1.1835343244678205e-06,361,6.016666666666667,0.12515235457057747,70.19000000000233,4.481470858220215e-05,0
BTC-USD,2026-04-06T15:07:23.178991862Z,69550.82,69550.82500000001,-1.437797465643408e-07,0.00999999999476131,0.0014377974660633153,4.3122257804036736e-05,-1.1806541178808303e-06,362,6.033333333333333,0.12483425414357244,70.19000000000233,4.487692592283453e-05,0
BTC-USD,2026-04-06T15:07:23.344355488Z,69550.82,69552.13500000001,0.0,0.00999999999476131,0.0014377703854470188,4.318205172437678e-05,-1.1843329306481048e-06,361,6.016666666666667,0.12515235457057747,70.19000000000233,4.487692592283452e-05,0
BTC-USD,2026-04-06T15:07:23.587634544Z,69550.82,69552.13500000001,0.0,0.00999999999476131,0.0014377703854470188,4.318205172437678e-05,-1.1843329306481048e-06,361,6.016666666666667,0.12515235457057747,70.19000000000233,4.493945458056734e-05,0
BTC-USD,2026-04-06T15:07:23.748770928Z,69552.14,69552.13500000001,1.8978747828775783e-05,0.00999999999476131,0.0014377703854470188,4.3195048566907714e-05,-1.131614186679283e-06,361,6.016666666666667,0.12085872576170513,70.19000000000233,4.4934788794897096e-05,0
BTC-USD,2026-04-06T15:07:23.840183907Z,69552.14,69552.13500000001,0.0,0.00999999999476131,0.0014377703854470188,4.3195048566907714e-05,-1.131614186679283e-06,361,6.016666666666667,0.1165650969528328,70.19000000000233,4.499759176582494e-05,0
BTC-USD,2026-04-06T15:07:23.997019828Z,69552.13,69552.13500000001,-1.4377703850794976e-07,0.00999999999476131,0.0014377703854470188,4.3060140510725984e-05,-9.15777331851888e-07,360,6.0,0.11686111111104967,70.19000000000233,4.499754047318804e-05,0
BTC-USD,2026-04-06T15:07:24.08893939Z,69552.13,69552.13500000001,0.0,0.00999999999476131,0.0014377703854470188,4.3000320183142215e-05,-9.132335059300773e-07,361,6.016666666666667,0.1165650969528328,70.19000000000233,4.4934788693429203e-05,0
BTC-USD,2026-04-06T15:07:24.244960224Z,69552.14,69552.13500000001,1.4377703859728352e-07,0.00999999999476131,0.0014377703854470188,4.296317758101171e-05,-8.162140874212904e-07,361,6.016666666666667,0.1165650969528328,70.19000000000233,4.4997641647699244e-05,0
BTC-USD,2026-04-06T15:07:24.343092661Z,69552.14,69552.895,0.0,1.5299999999988358,0.21997646539354485,4.296317758101171e-05,-8.162140874212904e-07,361,6.016666666666667,0.12077562326863356,70.19000000000233,4.506070881614072e-05,0
BTC-USD,2026-04-06T15:07:24.59013254Z,69552.14,69553.375,0.0,0.010000000009313226,0.0014377447549185393,4.283866878666057e-05,-1.0258744283369988e-06,360,6.0,0.12108333333332363,70.19000000000233,4.513342404611611e-05,0
BTC-USD,2026-04-06T15:07:24.720398772Z,69553.37,69553.375,1.768441810857197e-05,0.010000000009313226,0.0014377447549185393,4.2758128749529734e-05,-8.260801807673676e-07,360,6.0,0.11911111111112405,70.19000000000233,4.5192695050827443e-05,0
BTC-USD,2026-04-06T15:07:24.840964765Z,69553.37,69553.375,0.0,0.010000000009313226,0.0014377447549185393,4.2758128749529734e-05,-8.260801807673676e-07,360,6.0,0.11713888888892446,70.19000000000233,4.558801637811897e-05,0
BTC-USD,2026-04-06T15:07:25.013907981Z,69553.38,69553.375,1.4377447553677738e-07,0.010000000009313226,0.0014377447549185393,4.275813715829714e-05,-8.256796947630868e-07,360,6.0,0.11541666666671517,70.19000000000233,4.565216872635208e-05,0
BTC-USD,2026-04-06T15:07:25.088988017Z,69553.38,69553.375,0.0,0.010000000009313226,0.0014377447549185393,4.268998658946787e-05,-9.505914856404009e-07,360,6.0,0.11372222222226912,70.19000000000233,4.5716547977265846e-05,0
BTC-USD,2026-04-06T15:07:25.264201771Z,69553.37,69553.375,-1.4377447544670662e-07,0.010000000009313226,0.0014377447549185393,4.2689978344232576e-05,-9.509919716444307e-07,360,6.0,0.11202777777782305,70.19000000000233,4.5716502039216264e-05,0
BTC-USD,2026-04-06T15:07:25.345886254Z,69553.37,69556.005,0.0,0.00999999999476131,0.001437690389889602,4.268997834423257e-05,-9.509919716444307e-07,360,6.0,0.11202777777778263,70.19000000000233,4.5716502039216264e-05,0
BTC-USD,2026-04-06T15:07:25.517800378Z,69556.01,69556.005,3.795574389463823e-05,0.00999999999476131,0.001437690389889602,4.267979698349946e-05,-8.429177053492012e-07,361,6.016666666666667,0.11174515235456096,70.19000000000233,4.5747938964903294e-05,0
BTC-USD,2026-04-06T15:07:25.58883732Z,69556.01,69556.005,0.0,0.00999999999476131,0.001437690389889602,4.267680764299404e-05,-8.672710706033442e-07,361,6.016666666666667,0.11174515235452065,70.19000000000233,4.57479389649033e-05,0
BTC-USD,2026-04-06T15:07:25.760441069Z,69556.0,69556.005,-1.4376903901684032e-07,0.00999999999476131,0.001437690389889602,4.267680019810477e-05,-8.676704290450577e-07,361,6.016666666666667,0.11174515235448035,70.19000000000233,4.581280666951599e-05,0
BTC-USD,2026-04-06T15:07:25.840422585Z,69556.0,69556.005,0.0,0.00999999999476131,0.001437690389889602,4.267680019810477e-05,-8.676704290450577e-07,361,6.016666666666667,0.11174515235444003,70.19000000000233,4.58779966189828e-05,0
BTC-USD,2026-04-06T15:07:26.144307328Z,69556.0,69556.005,0.0,0.00999999999476131,0.001437690389889602,4.26767914070805e-05,-8.680696627624302e-07,361,6.016666666666667,0.11174515235439972,70.19000000000233,4.576229207664983e-05,0
BTC-USD,2026-04-06T15:07:26.45029342Z,69556.0,69550.82500000001,0.0,0.00999999999476131,0.0014377974660633153,4.273617135445197e-05,-8.700873383178363e-07,360,6.0,0.1120277777775401,70.19000000000233,4.5954374803327054e-05,0
BTC-USD,2026-04-06T15:07:26.50816402Z,69554.95,69550.82500000001,-1.509586412897216e-05,0.00999999999476131,0.0014377974660633153,4.2683341577838244e-05,-9.096033849585428e-07,361,6.016666666666667,0.1117451523543191,70.19000000000233,4.6008005382399784e-05,0
BTC-USD,2026-04-06T15:07:26.595386755Z,69554.95,69550.82500000001,0.0,0.00999999999476131,0.0014377974660633153,4.274272075338154e-05,-9.121370991227727e-07,360,6.0,0.11202777777745926,70.19000000000233,4.600800538239979e-05,0
BTC-USD,2026-04-06T15:07:26.740185018Z,69550.83,69550.82500000001,-5.9235496917547046e-05,0.00999999999476131,0.0014377974660633153,4.279355121001351e-05,-1.074146431951729e-06,361,6.016666666666667,0.11174515235423849,70.19000000000233,4.588097907933113e-05,0
BTC-USD,2026-04-06T15:07:26.842737656Z,69550.83,69550.82500000001,0.0,0.00999999999476131,0.0014377974660633153,4.273427655163962e-05,-1.0711709570709763e-06,362,6.033333333333333,0.11146408839744434,70.19000000000233,4.594611085858113e-05,0
BTC-USD,2026-04-06T15:07:26.968135829Z,69550.82,69550.82500000001,-1.437797465643408e-07,0.00999999999476131,0.0014377974660633153,4.279353115713785e-05,-1.0749450538540025e-06,361,6.016666666666667,0.11174515235415786,70.19000000000233,4.59460663480913e-05,0
BTC-USD,2026-04-06T15:07:27.087391534Z,69550.82,69550.82500000001,0.0,0.00999999999476131,0.0014377974660633153,4.2734256582047385e-05,-1.071967366724213e-06,362,6.033333333333333,0.11146408839736395,70.19000000000233,4.6011476056961854e-05,0
BTC-USD,2026-04-06T15:07:27.339458922Z,69550.82,69550.82500000001,0.0,0.00999999999476131,0.0014377974660633153,4.28087834889489e-05,-1.177623640318026e-06,360,6.0,0.11202777777725714,70.19000000000233,4.5885578720770536e-05,0
BTC-USD,2026-04-06T15:07:27.588265292Z,69550.82,69551.025,0.0,0.28999999999359716,0.041696006635933425,4.2749330429153874e-05,-1.174352463539365e-06,361,6.016666666666667,0.11252077562273177,70.19000000000233,4.582070949979845e-05,0
BTC-USD,2026-04-06T15:07:27.740690489Z,69550.83,69551.025,1.4377974665289581e-07,0.28999999999359716,0.041696006635933425,4.274934207038044e-05,-1.173953075354218e-06,361,6.016666666666667,0.11329639889138629,70.19000000000233,4.588562153535943e-05,0
BTC-USD,2026-04-06T15:07:27.841768499Z,69550.83,69551.16500000001,0.0,0.00999999999476131,0.0014377904374083897,4.2690135984010876e-05,-1.1707011277770594e-06,362,6.033333333333333,0.11301104972316357,70.19000000000233,4.588562153535943e-05,0
BTC-USD,2026-04-06T15:07:27.980389801Z,69551.17,69551.16500000001,4.8884990870188105e-06,0.00999999999476131,0.0014377904374083897,4.269128050341247e-05,-1.1571595790595559e-06,362,6.033333333333333,0.11301104972312337,70.19000000000233,4.595150178591093e-05,0
BTC-USD,2026-04-06T15:07:28.088032717Z,69551.17,69551.16500000001,0.0,0.00999999999476131,0.0014377904374083897,4.265196022851767e-05,-1.057629408353216e-06,362,6.033333333333333,0.11301104972308318,70.19000000000233,4.6016930997811146e-05,0
BTC-USD,2026-04-06T15:07:28.265110087Z,69551.16,69551.16500000001,-1.4377904379306517e-07,0.00999999999476131,0.0014377904374083897,4.265195102191303e-05,-1.0580276882529195e-06,362,6.033333333333333,0.11301104972304298,70.19000000000233,4.59515017104955e-05,0
BTC-USD,2026-04-06T15:07:28.339784709Z,69551.16,69551.16500000001,0.0,0.00999999999476131,0.0014377904374083897,4.259303494689595e-05,-1.0551049598323314e-06,363,6.05,0.11272727272654634,70.19000000000233,4.6016930922074576e-05,0
BTC-USD,2026-04-06T15:07:28.586185493Z,69551.16,69551.16500000001,0.0,0.00999999999476131,0.0014377904374083897,4.259303494689595e-05,-1.0551049598323314e-06,363,6.05,0.11272727272650625,70.19000000000233,4.595114269497506e-05,0
BTC-USD,2026-04-06T15:07:28.755169347Z,69551.17,69551.16500000001,1.437790436597777e-07,0.00999999999476131,0.0014377904374083897,4.253437281120861e-05,-1.0518022490789096e-06,364,6.066666666666666,0.11244505494427617,70.19000000000233,4.601660736869292e-05,0
BTC-USD,2026-04-06T15:07:28.839440298Z,69551.17,69551.16500000001,0.0,0.00999999999476131,0.0014377904374083897,4.247594196962997e-05,-1.048912682460561e-06,365,6.083333333333333,0.11216438356085284,70.19000000000233,4.608230913159452e-05,0
BTC-USD,2026-04-06T15:07:29.015959385Z,69551.16,69551.16500000001,-1.4377904379306517e-07,0.00999999999476131,0.0014377904374083897,4.2475932882141486e-05,-1.0493076798336188e-06,365,6.083333333333333,0.11216438356081299,70.19000000000233,4.6082264369497583e-05,0
BTC-USD,2026-04-06T15:07:29.339811199Z,69551.16,69551.16500000001,0.0,0.00999999999476131,0.0014377904374083897,4.1264095479644526e-05,-5.085269057213029e-07,364,6.066666666666666,0.11244505494415624,70.19000000000233,4.594215846834049e-05,0
BTC-USD,2026-04-06T15:07:29.588212328Z,69551.16,69551.16500000001,0.0,0.00999999999476131,0.0014377904374083897,4.1264095479644526e-05,-5.085269057213029e-07,364,6.066666666666666,0.11244505494411626,70.19000000000233,4.600738321000378e-05,0
BTC-USD,2026-04-06T15:07:29.839403411Z,69551.16,69551.16500000001,0.0,0.00999999999476131,0.0014377904374083897,3.824519605049149e-05,-6.68769668300999e-07,363,6.05,0.11272727272634589,70.19000000000233,4.607288649664121e-05,0
BTC-USD,2026-04-06T15:07:30.340407647Z,69551.16,69553.60500000001,0.0,0.00999999999476131,0.0014377399984891236,3.5824880525310876e-05,-1.3911133416896385e-06,361,6.016666666666667,0.1132963988909832,70.19000000000233,4.60120704118509e-05,0
BTC-USD,2026-04-06T15:07:30.514754131Z,69551.17,69553.60500000001,1.437790436597777e-07,0.00999999999476131,0.0014377399984891236,3.587329315230843e-05,-1.4077976210241648e-06,360,6.0,0.10941666666561407,70.19000000000233,4.6012113226283356e-05,0
BTC-USD,2026-04-06T15:07:30.587749703Z,69551.17,69553.60500000001,0.0,0.00999999999476131,0.0014377399984891236,3.587329315230843e-05,-1.4077976210241648e-06,360,6.0,0.10941666666561407,70.19000000000233,4.60776308060744e-05,0
BTC-USD,2026-04-06T15:07:30.839495123Z,69551.17,69553.60500000001,0.0,0.00999999999476131,0.0014377399984891236,3.582351111119512e-05,-1.4038870720768754e-06,361,6.016666666666667,0.10914127423716297,70.19000000000233,4.60776308060744e-05,0
BTC-USD,2026-04-06T15:07:31.016832431Z,69553.6,69553.60500000001,3.493769480731183e-05,0.00999999999476131,0.0014377399984891236,3.5868870523791306e-05,-1.3367765889139602e-06,361,6.016666666666667,0.10914127423716297,70.19000000000233,4.60499469943187e-05,0
BTC-USD,2026-04-06T15:07:31.08823253Z,69553.6,69553.60500000001,0.0,0.00999999999476131,0.0014377399984891236,3.5868870523791306e-05,-1.3367765889139602e-06,361,6.016666666666667,0.10914127423716297,70.19000000000233,4.603847820189136e-05,0
BTC-USD,2026-04-06T15:07:31.518283574Z,69553.61,69553.60500000001,1.43773999917302e-07,0.00999999999476131,0.0014377399984891236,3.595663785304119e-05,-1.3896033945709017e-06,359,5.983333333333333,0.10969359331364123,70.19000000000233,4.603851912696435e-05,0
BTC-USD,2026-04-06T15:07:31.587173553Z,69553.61,69553.60500000001,0.0,0.00999999999476131,0.0014377399984891236,3.590659873935751e-05,-1.385732633026136e-06,360,6.0,0.10941666666553324,70.19000000000233,4.610413679456386e-05,0
BTC-USD,2026-04-06T15:07:31.716480814Z,69553.6,69553.60500000001,-1.4377399982709448e-07,0.00999999999476131,0.0014377399984891236,3.5852897258616515e-05,-1.48580241604491e-06,360,6.0,0.10941666666549281,70.19000000000233,4.610409439790548e-05,0
BTC-USD,2026-04-06T15:07:31.851597949Z,69553.6,69567.39499999999,0.0,0.00999999999476131,0.001437455002413316,3.58448902810543e-05,-1.5935092015973462e-06,359,5.983333333333333,0.10292479108512682,70.19000000000233,4.610405335475564e-05,0
BTC-USD,2026-04-06T15:07:31.967484395Z,69566.62,69567.39499999999,0.00018717624279207098,0.00999999999476131,0.001437455002413316,3.715184775456099e-05,-1.067688165403284e-06,360,6.0,0.10266666666543137,70.19000000000233,4.511270707671412e-05,0
BTC-USD,2026-04-06T15:07:32.093053988Z,69566.62,69575.16500000001,0.0,0.00999999999476131,0.0014372944706291836,3.719221007203023e-05,-1.0188927647400147e-06,359,5.983333333333333,0.09395543175360672,70.19000000000233,4.511270707671412e-05,0
BTC-USD,2026-04-06T15:07:32.263174658Z,69575.16,69575.16500000001,0.0001227524904557677,0.00999999999476131,0.0014372944706291836,3.7708895917415734e-05,-6.741256805603276e-07,360,6.0,0.09372222222094327,70.19000000000233,4.465877866160678e-05,0
BTC-USD,2026-04-06T15:07:32.343290729Z,69575.16,69583.435,0.0,4.190000000002328,0.6021548088280392,3.770300938845982e-05,-5.632181556095774e-07,359,5.983333333333333,0.09841225626615777,70.19000000000233,4.465877866160678e-05,0
BTC-USD,2026-04-06T15:07:32.572053877Z,69577.76,69583.435,3.736896071299002e-05,4.190000000002328,0.6021548088280392,3.775611566050933e-05,-4.5883558378558284e-07,359,5.983333333333333,0.10506963788179556,70.19000000000233,4.4686737611473066e-05,0
BTC-USD,2026-04-06T15:07:32.592394477Z,69577.76,69585.525,0.0,0.00999999999476131,0.0014370804840175182,3.775611566050933e-05,-4.5883558378558284e-07,359,5.983333333333333,0.10225626740827255,70.19000000000233,4.4686737611473066e-05,0
BTC-USD,2026-04-06T15:07:32.741913395Z,69575.499,69585.525,-3.249654397529642e-05,0.00999999999476131,0.0014370804840175182,3.774128482262786e-05,-5.480771113385378e-07,360,6.0,0.10199999999879057,70.19000000000233,4.470902418653548e-05,0
BTC-USD,2026-04-06T15:07:32.846169231Z,69575.499,69589.56,0.0,0.8800000000046566,0.1264557499723603,3.774128482262786e-05,-5.480771113385378e-07,360,6.0,0.10166666666547018,70.19000000000233,4.466946275564817e-05,0
BTC-USD,2026-04-06T15:07:33.09288605Z,69575.499,69593.295,0.0,0.010000000009313226,0.0014369200379595803,3.745730636839093e-05,-5.070595421436284e-07,359,5.983333333333333,0.09640668523559492,70.19000000000233,4.466946275564817e-05,0
BTC-USD,2026-04-06T15:07:33.285872701Z,69590.71,69593.295,0.00021860191737468933,0.010000000009313226,0.0014369200379595803,3.9201771156039266e-05,1.0356033879125806e-07,359,5.983333333333333,0.09364902506848995,70.19000000000233,4.319820277160782e-05,0
BTC-USD,2026-04-06T15:07:33.343585911Z,69590.71,69593.295,0.0,0.010000000009313226,0.0014369200379595803,3.9201771156039266e-05,1.0356033879125806e-07,359,5.983333333333333,0.09089136490138497,70.19000000000233,4.319820277160783e-05,0
BTC-USD,2026-04-06T15:07:33.49041254Z,69613.925,69593.295,0.00033353774772254714,0.010000000009313226,0.0014369200379595803,4.2910657356862385e-05,1.0323463760719151e-06,360,6.0,0.09066666666557366,86.92500000000291,3.941637108444756e-05,0
BTC-USD,2026-04-06T15:07:33.590724612Z,69613.925,69595.92499999999,0.0,0.00999999999476131,0.001436865735279948,4.2851052223278016e-05,1.0294787472494933e-06,361,6.016666666666667,0.0904432132952944,86.92500000000291,4.155104836026774e-05,0
BTC-USD,2026-04-06T15:07:33.842232453Z,69613.925,69593.315,0.0,0.010000000009313226,0.0014369196250118602,4.291065735686239e-05,1.0323463760719151e-06,360,6.0,0.08516666666558498,86.92500000000291,4.325880830338626e-05,0
BTC-USD,2026-04-06T15:07:34.017041951Z,69595.9,69593.315,-0.0002589616085034216,0.010000000009313226,0.0014369196250118602,4.504545806359164e-05,3.1100484820723114e-07,360,6.0,0.08516666666562539,86.92500000000291,4.0966885779582326e-05,0
BTC-USD,2026-04-06T15:07:34.088620248Z,69595.9,69591.225,0.0,0.00999999999476131,0.0014369627772411406,4.504546018699497e-05,3.106045622508852e-07,360,6.0,0.08516666666562539,86.92500000000291,4.0966885779582326e-05,0
BTC-USD,2026-04-06T15:07:34.264048353Z,69591.22,69591.225,-6.724760167115474e-05,0.00999999999476131,0.0014369627772411406,4.5123164588841445e-05,1.229428782692029e-07,361,6.016666666666667,0.08495844875240971,86.92500000000291,4.082284749318175e-05,0
BTC-USD,2026-04-06T15:07:34.34125332Z,69591.22,69591.225,0.0,0.00999999999476131,0.0014369627772411406,4.506062425343015e-05,1.226023162795375e-07,362,6.033333333333333,0.08475138121440515,86.92500000000291,4.082284749318175e-05,0
BTC-USD,2026-04-06T15:07:34.588680439Z,69591.22,69591.225,0.0,0.00999999999476131,0.0014369627772411406,4.506062425343015e-05,1.226023162795375e-07,362,6.033333333333333,0.08475138121440515,86.92500000000291,4.082284749318175e-05,0
BTC-USD,2026-04-06T15:07:34.855201081Z,69591.22,69594.945,0.0,1.8700000000098953,0.2686976762478791,4.505993227342119e-05,2.4828634933991644e-07,361,6.016666666666667,0.09011080332308875,86.92500000000291,4.082284749318175e-05,0
BTC-USD,2026-04-06T15:07:35.090837458Z,69591.22,69598.465,0.0,0.00999999999476131,0.0014368132967819494,4.518386934933722e-05,2.2839813054322674e-07,359,5.983333333333333,0.09055710306307943,86.92500000000291,4.0881774379923924e-05,0
BTC-USD,2026-04-06T15:07:35.261869558Z,69598.46,69598.465,0.00010403070122063325,0.00999999999476131,0.0014368132967819494,4.551477780485e-05,5.189866814388503e-07,359,5.983333333333333,0.09055710306307943,86.92500000000291,4.051801956547798e-05,0
BTC-USD,2026-04-06T15:07:35.341953547Z,69598.46,69598.465,0.0,0.00999999999476131,0.0014368132967819494,4.54725949119621e-05,6.209489940049834e-07,359,5.983333333333333,0.09055710306307943,86.92500000000291,4.0576735868266054e-05,0
BTC-USD,2026-04-06T15:07:35.483755374Z,69598.47,69598.465,1.4368132961475582e-07,0.00999999999476131,0.0014368132967819494,4.540922540923463e-05,6.196195576139243e-07,360,6.0,0.0903333333323341,86.92500000000291,4.0635737673885294e-05,0
BTC-USD,2026-04-06T15:07:35.586755904Z,69598.47,69598.465,0.0,0.00999999999476131,0.0014368132967819494,4.540922540923463e-05,6.196195576139243e-07,360,6.0,0.0903333333323341,86.92500000000291,4.069496796918006e-05,0
BTC-USD,2026-04-06T15:07:35.840690977Z,69598.47,69598.465,0.0,0.00999999999476131,0.0014368132967819494,4.547259491289861e-05,6.209489047759377e-07,359,5.983333333333333,0.09055710306307943,86.92500000000291,4.069496796918005e-05,0
BTC-USD,2026-04-06T15:07:36.088472326Z,69598.47,69598.465,0.0,0.00999999999476131,0.0014368132967819494,4.555384193023456e-05,7.310132841898955e-07,357,5.95,0.09100840336038094,86.92500000000291,4.05766113093069e-05,0
BTC-USD,2026-04-06T15:07:36.341843742Z,69598.47,69594.025,0.0,0.00999999999476131,0.0014369049634305978,4.555384193023456e-05,7.310132841898955e-07,357,5.95,0.09100840336038094,86.92500000000291,4.057661130930689e-05,0
BTC-USD,2026-04-06T15:07:36.481902076Z,69595.83,69594.025,-3.793258776140951e-05,0.00999999999476131,0.0014369049634305978,4.559976076891668e-05,6.248647756641821e-07,357,5.95,0.09100840336038094,86.92500000000291,4.05756272573785e-05,0
BTC-USD,2026-04-06T15:07:36.587174171Z,69595.83,69594.025,0.0,0.00999999999476131,0.0014369049634305978,4.559976076891668e-05,6.248647756641821e-07,357,5.95,0.09100840336038094,86.92500000000291,4.057559656369767e-05,0
BTC-USD,2026-04-06T15:07:36.758024093Z,69594.03,69594.025,-2.586395302220636e-05,0.00999999999476131,0.0014369049634305978,4.5585757544105995e-05,4.5536622623862147e-07,357,5.95,0.09100840336038094,86.92500000000291,4.089477980287801e-05,0
BTC-USD,2026-04-06T15:07:36.841358761Z,69594.03,69594.025,0.0,0.00999999999476131,0.0014369049634305978,4.5585757544105995e-05,4.5536622623862147e-07,357,5.95,0.09100840336038094,86.92500000000291,4.095424249165745e-05,0
BTC-USD,2026-04-06T15:07:37.089186953Z,69594.03,69594.025,0.0,0.00999999999476131,0.0014369049634305978,4.56765187783701e-05,5.549270858417176e-07,355,5.916666666666667,0.09146478873145485,86.92500000000291,4.0896601893058393e-05,0
BTC-USD,2026-04-06T15:07:37.269018396Z,69594.02,69594.025,-1.436904963886966e-07,0.00999999999476131,0.0014369049634305978,4.5676524346391916e-05,5.545211804846874e-07,355,5.916666666666667,0.09146478873145485,86.92500000000291,4.089374574799484e-05,0
BTC-USD,2026-04-06T15:07:37.342113956Z,69594.02,69594.025,0.0,0.00999999999476131,0.0014369049634305978,4.5676518777150396e-05,5.549271655871043e-07,355,5.916666666666667,0.09146478873145485,86.92500000000291,4.089374574799484e-05,0
BTC-USD,2026-04-06T15:07:37.588466584Z,69594.02,69594.025,0.0,0.00999999999476131,0.0014369049634305978,4.5741161077880073e-05,5.564991972176626e-07,354,5.9,0.09169491525330992,86.92500000000291,4.089374574799484e-05,0
BTC-USD,2026-04-06T15:07:37.845019567Z,69594.02,69598.465,0.0,0.00999999999476131,0.0014368132967819494,4.5741161077880073e-05,5.564991972176626e-07,354,5.9,0.09169491525330992,86.92500000000291,4.089374574799484e-05,0
BTC-USD,2026-04-06T15:07:38.005237637Z,69598.46,69598.465,6.379654995022208e-05,0.00999999999476131,0.0014368132967819494,4.579966212171277e-05,7.351434083843418e-07,355,5.916666666666667,0.09146478873145485,86.92500000000291,4.081972470123125e-05,0
BTC-USD,2026-04-06T15:07:38.087533342Z,69598.46,69594.025,0.0,0.00999999999476131,0.0014369049634305978,4.579966212171277e-05,7.351434083843418e-07,355,5.916666666666667,0.09146478873145485,86.92500000000291,4.081972470123125e-05,0
BTC-USD,2026-04-06T15:07:38.280301442Z,69598.0,69594.025,-6.6093634853322675e-06,0.00999999999476131,0.0014369049634305978,4.573676653667469e-05,7.144546565710556e-07,356,5.933333333333334,0.09123595505522818,86.92500000000291,4.08763858226067e-05,0
BTC-USD,2026-04-06T15:07:38.341364834Z,69598.0,69594.025,0.0,0.00999999999476131,0.0014369049634305978,4.573676653667469e-05,7.144546565710556e-07,356,5.933333333333334,0.09123595505522818,86.92500000000291,4.08763858226067e-05,0
BTC-USD,2026-04-06T15:07:38.510024094Z,69594.02,69594.025,-5.71871864648248e-05,0.00999999999476131,0.0014369049634305978,4.577517654177884e-05,5.51809597241292e-07,357,5.95,0.09100840336038094,86.92500000000291,4.08080039750364e-05,0
BTC-USD,2026-04-06T15:07:38.587866098Z,69594.02,69594.025,0.0,0.00999999999476131,0.0014369049634305978,4.571102999507964e-05,5.502639120949578e-07,358,5.966666666666667,0.09078212290405238,86.92500000000291,4.08677092018699e-05,0
BTC-USD,2026-04-06T15:07:38.842095512Z,69594.02,69594.025,0.0,0.00999999999476131,0.0014369049634305978,4.571102999507964e-05,5.502639120949578e-07,358,5.966666666666667,0.09078212290405238,86.92500000000291,4.080800397503639e-05,0
BTC-USD,2026-04-06T15:07:39.087269437Z,69594.02,69594.025,0.0,0.00999999999476131,0.0014369049634305978,4.577518077281607e-05,5.514058929537593e-07,357,5.95,0.09100840336038094,86.92500000000291,4.07485326938202e-05,0
BTC-USD,2026-04-06T15:07:39.587255535Z,69594.02,69595.26000000001,0.0,0.47999999999592546,0.06897021435021945,4.590428271032887e-05,5.549271655869884e-07,355,5.916666666666667,0.09278873239342995,86.92500000000291,4.068937582775366e-05,0
BTC-USD,2026-04-06T15:07:39.841636334Z,69594.02,69595.33499999999,0.0,0.33000000000174623,0.04741697126707505,4.596925173265442e-05,5.56092062015389e-07,354,5.9,0.09392655367141203,86.92500000000291,4.068937582775366e-05,0
BTC-USD,2026-04-06T15:07:40.014193204Z,69595.11,69595.33499999999,1.566214258275498e-05,0.33000000000174623,0.04741697126707505,4.597624550847363e-05,6.008678730890732e-07,354,5.9,0.09483050847369165,86.92500000000291,4.07427559766642e-05,0
BTC-USD,2026-04-06T15:07:40.088007842Z,69595.11,69595.35500000001,0.0,0.28999999999359716,0.04166944762241634,4.604149518784783e-05,6.025748840921671e-07,353,5.883333333333334,0.09586402266201394,86.92500000000291,4.07427559766642e-05,0
BTC-USD,2026-04-06T15:07:40.265958989Z,69595.21,69595.35500000001,1.4368815303961455e-06,0.28999999999359716,0.04166944762241634,4.597625573754554e-05,6.049383590108753e-07,354,5.9,0.09641242937763987,86.92500000000291,4.080239990921245e-05,0
BTC-USD,2026-04-06T15:07:40.3408615Z,69595.21,69595.375,0.0,0.25,0.035921927283242595,4.597625573754554e-05,6.049383590108753e-07,354,5.9,0.09709039547934958,86.92500000000291,4.080239990921245e-05,0
BTC-USD,2026-04-06T15:07:40.58769109Z,69595.21,69595.41,0.0,0.17999999999301508,0.02586377463585818,4.591128282443111e-05,6.032294935899407e-07,355,5.916666666666667,0.09732394366107822,86.92500000000291,4.086210653627334e-05,0
BTC-USD,2026-04-06T15:07:40.84077509Z,69595.21,69595.45999999999,0.0,0.08000000000174623,0.011495002691518418,4.591128282443111e-05,6.032294935899407e-07,355,5.916666666666667,0.09752112675968945,86.92500000000291,4.142720641568507e-05,0
BTC-USD,2026-04-06T15:07:41.005730626Z,69595.34,69595.45999999999,1.8679429025761102e-06,0.08000000000174623,0.011495002691518418,4.591132053401607e-05,6.085061684559749e-07,355,5.916666666666667,0.09771830985830067,86.92500000000291,4.142738214337676e-05,0
BTC-USD,2026-04-06T15:07:41.088189966Z,69595.34,69595.485,0.0,0.010000000009313226,0.0014368748215941344,4.584662244341266e-05,6.067920665730003e-07,356,5.933333333333334,0.09747191011153385,86.92500000000291,4.148807842387395e-05,0
BTC-USD,2026-04-06T15:07:41.23017699Z,69595.49,69595.485,2.155314398405731e-06,0.010000000009313226,0.0014368748215941344,4.5844718293208045e-05,5.88572988760085e-07,356,5.933333333333334,0.09747191011157473,86.92500000000291,4.148825964272694e-05,0
BTC-USD,2026-04-06T15:07:41.340804494Z,69595.49,69595.485,0.0,0.010000000009313226,0.0014368748215941344,4.58873967101781e-05,5.131001675607817e-07,355,5.916666666666667,0.09771830985842364,86.92500000000291,4.206011687530118e-05,0
BTC-USD,2026-04-06T15:07:41.514233509Z,69595.48,69595.485,-1.4368748213275165e-07,0.010000000009313226,0.0014368748215941344,4.58874018825023e-05,5.126942707185989e-07,355,5.916666666666667,0.09771830985846464,86.92500000000291,4.206008959844966e-05,0
BTC-USD,2026-04-06T15:07:41.609507766Z,69595.48,69595.485,0.0,0.010000000009313226,0.0014368748215941344,4.588740188250231e-05,5.126942707185989e-07,355,5.916666666666667,0.09771830985850563,86.92500000000291,4.206008959844966e-05,0
BTC-USD,2026-04-06T15:07:41.840633079Z,69595.48,69595.485,0.0,0.010000000009313226,0.0014368748215941344,4.584832173956167e-05,6.117528206251786e-07,355,5.916666666666667,0.09771830985854661,86.92500000000291,4.206008959844966e-05,0
BTC-USD,2026-04-06T15:07:42.087849105Z,69595.48,69595.485,0.0,0.010000000009313226,0.0014368748215941344,4.591320519992008e-05,6.134858314484794e-07,354,5.9,0.09796610169436112,86.92500000000291,4.199859011386138e-05,0
BTC-USD,2026-04-06T15:07:42.340964202Z,69595.48,69595.485,0.0,0.010000000009313226,0.0014368748215941344,4.584832173956167e-05,6.117528206251786e-07,355,5.916666666666667,0.0977183098586286,86.92500000000291,4.193714400974224e-05,0
BTC-USD,2026-04-06T15:07:42.586848048Z,69595.48,69595.485,0.0,0.010000000009313226,0.0014368748215941344,4.5913149554771296e-05,6.159286417836046e-07,354,5.9,0.09090395480178798,86.92500000000291,4.193711834141925e-05,0
BTC-USD,2026-04-06T15:07:42.749227537Z,69595.49,69595.485,1.4368748224782965e-07,0.010000000009313226,0.0014368748215941344,4.591314472933873e-05,6.163356884755248e-07,354,5.9,0.09090395480182908,86.92500000000291,4.193714403224264e-05,0
BTC-USD,2026-04-06T15:07:43.088238268Z,69595.49,69595.485,0.0,0.010000000009313226,0.0014368748215941344,4.590545404158417e-05,7.540510869158073e-07,353,5.883333333333334,0.09113314447554473,86.92500000000291,4.1937144032242644e-05,0
BTC-USD,2026-04-06T15:07:43.090668438Z,69595.48,69595.485,-1.4368748213275165e-07,0.010000000009313226,0.0014368748215941344,4.5905461383837205e-05,7.536428838415665e-07,353,5.883333333333334,0.09110481586366155,86.92500000000291,4.193711690191426e-05,0
BTC-USD,2026-04-06T15:07:43.341227532Z,69595.48,69595.485,0.0,0.010000000009313226,0.0014368748215941344,4.584041086933643e-05,7.515079181649615e-07,354,5.9,0.09087570621435548,86.92500000000291,4.196709187144663e-05,0
BTC-USD,2026-04-06T15:07:43.587909102Z,69595.48,69595.465,0.0,0.00999999999476131,0.0014368752324251746,4.5905461383837205e-05,7.536428838415665e-07,353,5.883333333333334,0.09110481586362032,86.92500000000291,4.2151940141861595e-05,0
BTC-USD,2026-04-06T15:07:43.790605592Z,69595.48,69595.465,0.0,0.00999999999476131,0.0014368752324251746,4.5905461383837205e-05,7.536428838415665e-07,353,5.883333333333334,0.0911048158635791,86.92500000000291,4.219494534533486e-05,0
BTC-USD,2026-04-06T15:07:43.840142775Z,69595.48,69595.465,0.0,0.00999999999476131,0.0014368752324251746,4.584041086933643e-05,7.515079181649615e-07,354,5.9,0.09087570621423216,86.92500000000291,4.225624482716938e-05,0
BTC-USD,2026-04-06T15:07:44.088410834Z,69595.48,69595.465,0.0,0.00999999999476131,0.0014368752324251746,4.585320759124729e-05,5.78492991896952e-07,352,5.866666666666666,0.09133522727229733,86.92500000000291,4.221752039069081e-05,0
BTC-USD,2026-04-06T15:07:44.092934747Z,69595.46,69595.465,-2.873750258788401e-07,0.00999999999476131,0.0014368752324251746,4.578805206173367e-05,5.760331395737253e-07,353,5.883333333333334,0.0911048158635791,86.92500000000291,4.227881818158771e-05,0
BTC-USD,2026-04-06T15:07:44.342643366Z,69595.46,69597.92499999999,0.0,0.00999999999476131,0.0014368244448036795,4.5781376858939353e-05,6.160454491251652e-07,353,5.883333333333334,0.09110481586353787,86.92500000000291,4.227881818158771e-05,0
BTC-USD,2026-04-06T15:07:44.515373265Z,69595.65,69597.92499999999,2.730059412495805e-06,0.00999999999476131,0.0014368244448036795,4.5716622797839776e-05,6.220341572366967e-07,354,5.9,0.09087570621419105,86.92500000000291,4.234057125046691e-05,0
BTC-USD,2026-04-06T15:07:44.593565913Z,69595.65,69606.245,0.0,0.00999999999476131,0.0014366527018892215,4.578150800822292e-05,6.233930080092915e-07,353,5.883333333333334,0.09110481586345542,86.92500000000291,4.234057125046691e-05,0
BTC-USD,2026-04-06T15:07:44.768193356Z,69598.5,69606.245,4.094999682686774e-05,0.00999999999476131,0.0014366527018892215,4.583177744010366e-05,7.397282262674385e-07,353,5.883333333333334,0.0911048158634142,86.92500000000291,4.229836931159218e-05,0
BTC-USD,2026-04-06T15:07:44.84454643Z,69598.5,69606.245,0.0,0.00999999999476131,0.0014366527018892215,4.583177020826845e-05,7.401365179866922e-07,353,5.883333333333334,0.09110481586337298,86.92500000000291,4.236021257617604e-05,0
BTC-USD,2026-04-06T15:07:44.981212498Z,69606.24,69606.245,0.00011120311000873494,0.00999999999476131,0.0014366527018892215,4.6141840384160316e-05,1.053062788498727e-06,354,5.9,0.09087570621402662,86.92500000000291,4.200548698808573e-05,0
BTC-USD,2026-04-06T15:07:45.089031422Z,69606.24,69606.245,0.0,0.00999999999476131,0.0014366527018892215,4.614184038416032e-05,1.053062788498727e-06,354,5.9,0.09087570621398551,86.92500000000291,4.200548698808573e-05,0
BTC-USD,2026-04-06T15:07:45.342312261Z,69606.24,69606.245,0.0,0.00999999999476131,0.0014366527018892215,4.6076656099975365e-05,1.0500880348589e-06,355,5.916666666666667,0.09064788732322714,86.92500000000291,4.236811285443081e-05,0
BTC-USD,2026-04-06T15:07:45.59022778Z,69606.24,69606.245,0.0,0.00999999999476131,0.0014366527018892215,4.589898034517643e-05,6.837167706577941e-07,353,5.883333333333334,0.09110481586333176,86.92500000000291,4.27102817930575e-05,0
BTC-USD,2026-04-06T15:07:45.841845348Z,69606.24,69606.245,0.0,0.00999999999476131,0.0014366527018892215,4.589898034517643e-05,6.837167706577941e-07,353,5.883333333333334,0.09110481586333176,86.92500000000291,4.272586090046189e-05,0
BTC-USD,2026-04-06T15:07:46.089453536Z,69606.24,69606.245,0.0,0.00999999999476131,0.0014366527018892215,4.589898034517642e-05,6.837167706577941e-07,353,5.883333333333334,0.09110481586333176,86.92500000000291,4.2788358137450005e-05,0
BTC-USD,2026-04-06T15:07:46.342809732Z,69606.24,69606.245,0.0,0.00999999999476131,0.0014366527018892215,4.589898034517642e-05,6.837167706577941e-07,353,5.883333333333334,0.09110481586333176,86.92500000000291,4.273492769753505e-05,0
BTC-USD,2026-04-06T15:07:46.590014927Z,69606.24,69606.245,0.0,0.00999999999476131,0.0014366527018892215,4.592570283114492e-05,5.833161921697345e-07,352,5.866666666666666,0.09133522727196661,86.92500000000291,4.274666620946348e-05,0
BTC-USD,2026-04-06T15:07:46.842328008Z,69606.24,69606.245,0.0,0.00999999999476131,0.0014366527018892215,4.5961562164000696e-05,4.264994499860945e-07,350,5.833333333333333,0.09179999999926491,86.92500000000291,4.278498401184746e-05,0
BTC-USD,2026-04-06T15:07:47.087857485Z,69606.24,69606.245,0.0,0.00999999999476131,0.0014366527018892215,4.5961565339057593e-05,4.260877403699914e-07,350,5.833333333333333,0.09179999999926491,86.92500000000291,4.272302018909193e-05,0
BTC-USD,2026-04-06T15:07:47.341897206Z,69606.24,69606.245,0.0,0.00999999999476131,0.0014366527018892215,4.601958579009319e-05,3.8024275263188435e-07,349,5.816666666666666,0.09203438395339085,86.92500000000291,4.27157050919103e-05,0
BTC-USD,2026-04-06T15:07:47.624655366Z,69606.24,69606.245,0.0,0.00999999999476131,0.0014366527018892215,4.6085733291551887e-05,3.7471334836292876e-07,348,5.8,0.0922701149416941,86.92500000000291,4.27157050919103e-05,0
BTC-USD,2026-04-06T15:07:47.840895353Z,69606.24,69606.245,0.0,0.00999999999476131,0.0014366527018892215,4.615227871246202e-05,3.75796334918891e-07,347,5.783333333333333,0.09250720461004518,86.92500000000291,4.277746565528004e-05,0
BTC-USD,2026-04-06T15:07:48.087760266Z,69606.24,69606.245,0.0,0.00999999999476131,0.0014366527018892215,4.615227468280799e-05,3.7621160651537694e-07,347,5.783333333333333,0.09250720461000325,86.92500000000291,4.2715705091910294e-05,0
BTC-USD,2026-04-06T15:07:48.341620099Z,69606.24,69606.245,0.0,0.00999999999476131,0.0014366527018892215,4.6219111938102626e-05,3.768855996577712e-07,346,5.766666666666667,0.09274566473886492,86.92500000000291,4.277746565528004e-05,0
BTC-USD,2026-04-06T15:07:48.588056829Z,69606.24,69606.245,0.0,0.00999999999476131,0.0014366527018892215,4.6219111938102626e-05,3.768855996577712e-07,346,5.766666666666667,0.09274566473882286,86.92500000000291,4.297594333643012e-05,0
BTC-USD,2026-04-06T15:07:48.841150281Z,69606.24,69606.245,0.0,0.00999999999476131,0.0014366527018892215,4.6353655393723716e-05,3.7908318332923057e-07,344,5.733333333333333,0.09322674418488236,86.92500000000291,4.3037932101325846e-05,0
BTC-USD,2026-04-06T15:07:49.08854192Z,69606.24,69606.245,0.0,0.00999999999476131,0.0014366527018892215,4.642136579769272e-05,3.80611742264065e-07,343,5.716666666666667,0.09346938775386492,86.92500000000291,4.306856423513004e-05,0
BTC-USD,2026-04-06T15:07:49.341098767Z,69606.24,69606.245,0.0,0.00999999999476131,0.0014366527018892215,4.648937790490172e-05,3.8172790573111505e-07,342,5.7,0.09371345029108714,86.92500000000291,4.30067250692685e-05,0
BTC-USD,2026-04-06T15:07:49.636986543Z,69606.24,69606.245,0.0,0.00999999999476131,0.0014366527018892215,4.642136579769272e-05,3.80611742264065e-07,343,5.716666666666667,0.09346938775378007,86.92500000000291,4.294754571867272e-05,0
BTC-USD,2026-04-06T15:07:50.006203823Z,69606.24,69606.245,0.0,0.00999999999476131,0.0014366527018892215,4.642136579769272e-05,3.80611742264065e-07,343,5.716666666666667,0.09346938775378007,86.92500000000291,4.2914904762683376e-05,0
BTC-USD,2026-04-06T15:07:50.114243833Z,69606.24,69606.245,0.0,0.00999999999476131,0.0014366527018892215,4.6329259373755624e-05,5.373239110522331e-07,343,5.716666666666667,0.09346938775378007,86.92500000000291,4.291490476268338e-05,0
BTC-USD,2026-04-06T15:07:50.339374576Z,69606.24,69606.245,0.0,0.00999999999476131,0.0014366527018892215,4.6329259373755624e-05,5.373239110522331e-07,343,5.716666666666667,0.09346938775378007,86.92500000000291,4.2976269393373836e-05,0
BTC-USD,2026-04-06T15:07:50.590393689Z,69606.24,69606.245,0.0,0.00999999999476131,0.0014366527018892215,4.6425395595440524e-05,6.427610871359544e-07,341,5.683333333333334,0.09395894428022593,86.92500000000291,4.290328923444861e-05,0
BTC-USD,2026-04-06T15:07:50.840440588Z,69606.24,69606.245,0.0,0.00999999999476131,0.0014366527018892215,4.6425395595440524e-05,6.427610871359544e-07,341,5.683333333333334,0.09395894428022593,86.92500000000291,4.290328923444861e-05,0
BTC-USD,2026-04-06T15:07:51.091255829Z,69606.24,69606.245,0.0,0.00999999999476131,0.0014366527018892215,4.64386687207772e-05,9.029337934519771e-07,339,5.65,0.09445427728477408,86.92500000000291,4.290328923444861e-05,0
BTC-USD,2026-04-06T15:07:51.342556836Z,69606.24,69606.245,0.0,0.00999999999476131,0.0014366527018892215,4.6507491699104495e-05,9.056131222159296e-07,338,5.633333333333334,0.09470414201048417,86.92500000000291,4.289145940058813e-05,0
BTC-USD,2026-04-06T15:07:51.591561073Z,69606.24,69608.83499999999,0.0,0.00999999999476131,0.0014365992470296784,4.6507491699104495e-05,9.056131222159296e-07,338,5.633333333333334,0.09470414201048417,86.92500000000291,4.2952461362343855e-05,0
BTC-USD,2026-04-06T15:07:51.759089482Z,69608.69,69608.83499999999,3.5197374308117056e-05,0.00999999999476131,0.0014365992470296784,4.647597559933151e-05,1.0070680369671163e-06,339,5.65,0.09445427728477408,86.92500000000291,4.291421131969672e-05,0
BTC-USD,2026-04-06T15:07:51.854612871Z,69608.69,69619.945,0.0,0.00999999999476131,0.0014363699935070774,4.631808710860774e-05,1.2120094603218583e-06,339,5.65,0.09445427728473116,86.92500000000291,4.3212144580161746e-05,0
BTC-USD,2026-04-06T15:07:52.020151158Z,69619.2,69619.945,0.00015097549808381578,0.00999999999476131,0.0014363699935070774,4.702679685036086e-05,1.6586825315757511e-06,339,5.65,0.09445427728468823,92.19999999999709,4.2485943209746124e-05,0
BTC-USD,2026-04-06T15:07:52.090203742Z,69619.2,69619.945,0.0,0.00999999999476131,0.0014363699935070774,4.6957470727019766e-05,1.653789662751044e-06,340,5.666666666666667,0.09420588235148256,92.19999999999709,4.2485943209746124e-05,0
BTC-USD,2026-04-06T15:07:52.342420808Z,69619.2,69619.945,0.0,0.00999999999476131,0.0014363699935070774,4.7025916851259544e-05,1.6701630726995916e-06,339,5.65,0.09445427728460237,92.19999999999709,4.2489533362797646e-05,0
BTC-USD,2026-04-06T15:07:52.563373852Z,69619.95,69619.945,1.0772832210044224e-05,0.00999999999476131,0.0014363699935070774,4.699498113675986e-05,1.7934560709294196e-06,339,5.65,0.09445427728455945,92.94999999999709,4.248604095523662e-05,0
BTC-USD,2026-04-06T15:07:52.626366401Z,69619.95,69619.945,0.0,0.00999999999476131,0.0014363699935070774,4.7064553281153405e-05,1.7987778990330676e-06,338,5.633333333333334,0.09085798816402035,92.94999999999709,4.248604095523662e-05,0
BTC-USD,2026-04-06T15:07:52.843432371Z,69619.95,69619.945,0.0,0.00999999999476131,0.0014363699935070774,4.699498113675986e-05,1.7934560709294196e-06,339,5.65,0.090619469024878,92.94999999999709,4.248604095523662e-05,0
BTC-USD,2026-04-06T15:07:53.08810494Z,69619.95,69619.945,0.0,0.00999999999476131,0.0014363699935070774,4.6419403798012806e-05,2.2159056035699244e-06,338,5.633333333333334,0.09085798816393424,92.94999999999709,4.248604095523662e-05,0
BTC-USD,2026-04-06T15:07:53.34227051Z,69619.95,69621.785,0.0,0.00999999999476131,0.0014363320323891881,4.64882713270711e-05,2.222500560723406e-06,337,5.616666666666666,0.09109792284684246,92.94999999999709,4.248604095523662e-05,0
BTC-USD,2026-04-06T15:07:53.590636292Z,69619.95,69624.375,0.0,0.010000000009313226,0.0014362786034794893,4.64534514123859e-05,2.1176888603826356e-06,337,5.616666666666666,0.09109792284688564,92.94999999999709,4.242582453082212e-05,0
BTC-USD,2026-04-06T15:07:53.739161433Z,69621.79,69624.375,2.6428856750847765e-05,0.010000000009313226,0.0014362786034794893,4.640332335019506e-05,2.1898288244492978e-06,338,5.633333333333334,0.09085798816393424,94.7899999999936,4.246353598337869e-05,0
BTC-USD,2026-04-06T15:07:53.841438027Z,69621.79,69624.375,0.0,0.010000000009313226,0.0014362786034794893,4.640332335019506e-05,2.1898288244492978e-06,338,5.633333333333334,0.09085798816397729,94.7899999999936,4.240335833300478e-05,0
BTC-USD,2026-04-06T15:07:54.090306141Z,69621.79,69624.89499999999,0.0,0.00999999999476131,0.0014362678744091913,4.621191804737329e-05,1.878970399462058e-06,336,5.6,0.09133928571247366,94.7899999999936,4.240335833300478e-05,0
BTC-USD,2026-04-06T15:07:54.263331063Z,69624.38,69624.89499999999,3.7200305046969045e-05,0.00999999999476131,0.0014362678744091913,4.625194772953538e-05,1.9900160861694283e-06,336,5.6,0.09133928571243034,97.38000000000466,4.241820742545178e-05,0
BTC-USD,2026-04-06T15:07:54.343875037Z,69624.38,69623.705,0.0,0.010000000009313226,0.0014362924250172014,4.625198197339371e-05,1.9891580347577853e-06,336,5.6,0.09133928571247366,97.38000000000466,4.247858531446718e-05,0
BTC-USD,2026-04-06T15:07:54.514076404Z,69624.89,69623.705,7.3249935168978566e-06,0.010000000009313226,0.0014362924250172014,4.6252767870104656e-05,2.0110236870470323e-06,336,5.6,0.09133928571251697,97.88999999999942,4.2416570867953876e-05,0
BTC-USD,2026-04-06T15:07:54.590192826Z,69624.89,69623.705,0.0,0.010000000009313226,0.0014362924250172014,4.625274854794038e-05,2.01145271272173e-06,336,5.6,0.09133928571256027,97.88999999999942,4.247694688239499e-05,0
BTC-USD,2026-04-06T15:07:54.765338364Z,69623.7,69623.705,-1.7091735004679423e-05,0.010000000009313226,0.0014362924250172014,4.626436443256289e-05,1.9604326082301495e-06,336,5.6,0.09133928571260358,97.88999999999942,4.2446514034982026e-05,0
BTC-USD,2026-04-06T15:07:54.845826568Z,69623.7,69623.705,0.0,0.010000000009313226,0.0014362924250172014,4.626436443256289e-05,1.9604326082301495e-06,336,5.6,0.09133928571264689,97.88999999999942,4.2446514034982026e-05,0
BTC-USD,2026-04-06T15:07:54.977744634Z,69623.71,69623.705,1.436292423988151e-07,0.010000000009313226,0.0014362924250172014,4.619557336256991e-05,1.955025455355652e-06,337,5.616666666666666,0.09109792284705837,97.88999999999942,4.250693257828021e-05,0
BTC-USD,2026-04-06T15:07:55.088492227Z,69623.71,69623.705,0.0,0.010000000009313226,0.0014362924250172014,4.612710558945806e-05,1.9492241928768515e-06,338,5.633333333333334,0.09085798816410645,97.88999999999942,4.251332474056251e-05,0
BTC-USD,2026-04-06T15:07:55.259167825Z,69623.7,69623.705,-1.4362924248904845e-07,0.010000000009313226,0.0014362924250172014,4.618924715606006e-05,1.9066905024732688e-06,337,5.616666666666666,0.09109792284714473,97.88999999999942,4.2573823518110516e-05,0
BTC-USD,2026-04-06T15:07:55.341168064Z,69623.7,69623.975,0.0,0.00999999999476131,0.0014362868530217226,4.6120782805977475e-05,1.901032667154357e-06,338,5.633333333333334,0.09085798816414951,97.88999999999942,4.2634587795248244e-05,0
BTC-USD,2026-04-06T15:07:55.508323289Z,69623.98,69623.975,4.021610988401377e-06,0.00999999999476131,0.0014362868530217226,4.612080966535893e-05,1.9129662309181594e-06,338,5.633333333333334,0.09085798816414951,97.88999999999942,4.263420643783376e-05,0
BTC-USD,2026-04-06T15:07:55.590241191Z,69623.98,69624.89499999999,0.0,0.00999999999476131,0.0014362678744091913,4.6120826687829356e-05,1.9125397582545215e-06,338,5.633333333333334,0.09085798816414951,97.88999999999942,4.269523155535849e-05,0
BTC-USD,2026-04-06T15:07:55.776348172Z,69612.5,69624.89499999999,-0.00016489931411671873,0.00999999999476131,0.0014362678744091913,4.700479423497634e-05,1.4232242860980862e-06,338,5.633333333333334,0.09085798816414951,97.88999999999942,4.230151619777078e-05,0
BTC-USD,2026-04-06T15:07:55.845335431Z,69612.5,69629.555,0.0,0.00999999999476131,0.0014361717513146984,4.700478066819241e-05,1.4236507587614112e-06,338,5.633333333333334,0.09085798816414951,97.88999999999942,4.230151619777078e-05,0
BTC-USD,2026-04-06T15:07:55.998404489Z,69627.0,69629.555,0.0002082742332803265,0.00999999999476131,0.0014361717513146984,4.833245611493947e-05,2.041675189860303e-06,338,5.633333333333334,0.09085798816414951,100.0,4.088543245160884e-05,0
BTC-USD,2026-04-06T15:07:56.090598504Z,69627.0,69629.555,0.0,0.00999999999476131,0.0014361717513146984,4.8332456114939476e-05,2.041675189860303e-06,338,5.633333333333334,0.09085798816414951,100.0,4.087338682009309e-05,0
BTC-USD,2026-04-06T15:07:56.275810826Z,69629.55,69629.555,3.662305292342816e-05,0.00999999999476131,0.0014361717513146984,4.829743893686039e-05,2.1439869583028114e-06,339,5.65,0.09061946902500677,102.55000000000291,4.0860793949683475e-05,0
BTC-USD,2026-04-06T15:07:56.344296934Z,69629.55,69630.275,0.0,0.00999999999476131,0.0014361569008252964,4.829743893686039e-05,2.1439869583028114e-06,339,5.65,0.09061946902500677,102.55000000000291,4.091926090206039e-05,0
BTC-USD,2026-04-06T15:07:56.516207472Z,69630.28,69630.275,1.0483999585642819e-05,0.00999999999476131,0.0014361569008252964,4.822827210617874e-05,2.1685887654631065e-06,340,5.666666666666667,0.0903823529396237,103.27999999999884,4.0916093137921494e-05,0
BTC-USD,2026-04-06T15:07:56.589846021Z,69630.28,69630.275,0.0,0.00999999999476131,0.0014361569008252964,4.8157439136812695e-05,2.1622105632117444e-06,341,5.683333333333334,0.09014662756441882,103.27999999999884,4.09160931379215e-05,0
BTC-USD,2026-04-06T15:07:56.842207356Z,69630.28,69630.275,0.0,0.00999999999476131,0.0014361569008252964,4.81574391368127e-05,2.1622105632117444e-06,341,5.683333333333334,0.09014662756441882,103.27999999999884,4.091608468658117e-05,0
BTC-USD,2026-04-06T15:07:57.093234601Z,69630.28,69630.275,0.0,0.00999999999476131,0.0014361569008252964,4.81574391368127e-05,2.1622105632117444e-06,341,5.683333333333334,0.09014662756441882,103.27999999999884,4.091608468658117e-05,0
BTC-USD,2026-04-06T15:07:57.225038427Z,69630.27,69630.275,-1.4361569010566272e-07,0.00999999999476131,0.0014361569008252964,4.808693685826877e-05,2.1554486093896993e-06,342,5.7,0.08991228070018005,103.27999999999884,4.097479076395984e-05,0
BTC-USD,2026-04-06T15:07:57.34311844Z,69630.27,69630.275,0.0,0.00999999999476131,0.0014361569008252964,4.8086936858268765e-05,2.1554486093896993e-06,342,5.7,0.08991228070018005,103.27999999999884,4.091608468319872e-05,0
BTC-USD,2026-04-06T15:07:57.462605693Z,69630.28,69630.275,1.4361569013034452e-07,0.00999999999476131,0.0014361569008252964,4.8016705728172416e-05,2.149566056994204e-06,343,5.716666666666667,0.08967930028996017,103.27999999999884,4.0974809195890244e-05,0
BTC-USD,2026-04-06T15:07:57.588140234Z,69630.28,69630.275,0.0,0.00999999999476131,0.0014361569008252964,4.794679951062913e-05,2.1432991005598185e-06,344,5.733333333333333,0.08944767441700902,103.27999999999884,4.103377876130532e-05,0
BTC-USD,2026-04-06T15:07:57.752887238Z,69630.27,69630.275,-1.4361569010566272e-07,0.00999999999476131,0.0014361569008252964,4.794681885264389e-05,2.1428803959239423e-06,344,5.733333333333333,0.08845930232399592,103.27999999999884,4.097479076303877e-05,0
BTC-USD,2026-04-06T15:07:57.841154055Z,69630.27,69630.275,0.0,0.00999999999476131,0.0014361569008252964,4.787721698831859e-05,2.136651092447419e-06,345,5.75,0.08823188405637494,103.27999999999884,4.1033760248703575e-05,0
BTC-USD,2026-04-06T15:07:58.339137437Z,69630.27,69630.275,0.0,0.00999999999476131,0.0014361569008252964,4.79335325122451e-05,2.430681488434815e-06,342,5.7,0.08891812865340665,103.27999999999884,4.091608468227898e-05,0
BTC-USD,2026-04-06T15:07:58.58634593Z,69630.27,69630.275,0.0,0.00999999999476131,0.0014361569008252964,4.7863582884921454e-05,2.4235742326206783e-06,343,5.716666666666667,0.0886880466456555,103.27999999999884,4.091608468227898e-05,0
BTC-USD,2026-04-06T15:07:58.842616683Z,69630.27,69630.275,0.0,0.00999999999476131,0.0014361569008252964,4.7863582884921454e-05,2.4235742326206783e-06,343,5.716666666666667,0.0886880466456555,103.27999999999884,4.091608468227898e-05,0
BTC-USD,2026-04-06T15:07:59.087225268Z,69630.27,69630.275,0.0,0.00999999999476131,0.0014361569008252964,4.7863582884921454e-05,2.4235742326206783e-06,343,5.716666666666667,0.0886880466456555,103.27999999999884,4.097480070261691e-05,0
BTC-USD,2026-04-06T15:07:59.265684106Z,69630.28,69630.275,1.4361569013034452e-07,0.00999999999476131,0.0014361569008252964,4.790098264042687e-05,2.3282560999622937e-06,342,5.7,0.08002923976449393,103.27999999999884,4.0916093136082016e-05,0
BTC-USD,2026-04-06T15:07:59.341057975Z,69630.28,69630.275,0.0,0.00999999999476131,0.0014361569008252964,4.7886134733880874e-05,2.256602849436584e-06,342,5.7,0.08002923976449393,103.27999999999884,4.097480919496917e-05,0
BTC-USD,2026-04-06T15:07:59.511364736Z,69630.27,69630.275,-1.4361569010566272e-07,0.00999999999476131,0.0014361569008252964,4.781625014399994e-05,2.2495846665724254e-06,343,5.716666666666667,0.07982507288469878,103.27999999999884,4.097479925615271e-05,0
BTC-USD,2026-04-06T15:07:59.840950273Z,69630.27,69630.275,0.0,0.00999999999476131,0.0014361569008252964,4.795636776769383e-05,2.262817517552263e-06,341,5.683333333333334,0.0802346041039946,103.27999999999884,4.08576203561133e-05,0
BTC-USD,2026-04-06T15:08:00.340755818Z,69630.27,69630.275,0.0,0.00999999999476131,0.0014361569008252964,4.795636776769383e-05,2.262817517552263e-06,341,5.683333333333334,0.0802346041039946,103.27999999999884,4.176877939205281e-05,0
BTC-USD,2026-04-06T15:08:00.589177386Z,69630.27,69630.275,0.0,0.00999999999476131,0.0014361569008252964,4.795636776769383e-05,2.262817517552263e-06,341,5.683333333333334,0.0802346041039946,103.27999999999884,4.16554914084962e-05,0
BTC-USD,2026-04-06T15:08:00.771889023Z,69630.28,69630.275,1.4361569013034452e-07,0.00999999999476131,0.0014361569008252964,4.795634846744375e-05,2.263239916640882e-06,341,5.683333333333334,0.0802346041039946,103.27999999999884,4.168964462095599e-05,0
BTC-USD,2026-04-06T15:08:00.850571335Z,69630.28,69643.995,0.0,0.00999999999476131,0.0014358739751734965,4.731979068520371e-05,2.678384398136388e-06,341,5.683333333333334,0.08023460410395193,103.27999999999884,4.168964462095599e-05,0
BTC-USD,2026-04-06T15:08:01.02690406Z,69637.33,69643.995,0.00010124392895133192,0.00999999999476131,0.0014358739751734965,4.761960562497346e-05,2.9761606597579523e-06,341,5.683333333333334,0.08023460410390926,110.33000000000175,4.1409785015913686e-05,0
BTC-USD,2026-04-06T15:08:01.092646096Z,69637.33,69644.025,0.0,0.00999999999476131,0.001435873356653541,4.75118297959977e-05,3.1410509994805427e-06,341,5.683333333333334,0.08023460410386658,110.33000000000175,4.146834413937874e-05,0
BTC-USD,2026-04-06T15:08:01.263002031Z,69644.0,69644.025,9.577737382465981e-05,0.00999999999476131,0.001435873356653541,4.77755718957085e-05,3.4227491577883655e-06,341,5.683333333333334,0.08023460410382391,117.0,4.180152061687789e-05,0
BTC-USD,2026-04-06T15:08:01.343224087Z,69644.0,69644.025,0.0,0.00999999999476131,0.001435873356653541,4.7743836710479846e-05,3.317894743396384e-06,341,5.683333333333334,0.08023460410378123,117.0,4.1860676409830296e-05,0
BTC-USD,2026-04-06T15:08:01.490154157Z,69649.37,69644.025,7.710345442360119e-05,0.00999999999476131,0.001435873356653541,4.791036226399367e-05,3.544669609348152e-06,341,5.683333333333334,0.08023460410373856,122.36999999999534,4.166149273839665e-05,0
BTC-USD,2026-04-06T15:08:01.588592596Z,69649.37,69641.58499999999,0.0,0.00999999999476131,0.0014359236646841556,4.791036226399368e-05,3.544669609348152e-06,341,5.683333333333334,0.08023460410369589,122.36999999999534,4.166149273839665e-05,0
BTC-USD,2026-04-06T15:08:01.773758788Z,69643.98,69641.58499999999,-7.739062923952527e-05,0.00999999999476131,0.0014359236646841556,4.803982551858344e-05,3.3073226919027753e-06,342,5.7,0.08002923976419608,122.36999999999534,4.1454887978075185e-05,0
BTC-USD,2026-04-06T15:08:01.846301291Z,69643.98,69639.015,0.0,0.010000000009313226,0.001435976658962397,4.7969872837834684e-05,3.297652157715925e-06,343,5.716666666666667,0.07982507288444424,122.36999999999534,4.1454887978075185e-05,0
BTC-USD,2026-04-06T15:08:02.016873455Z,69641.58,69639.015,-3.446157663774203e-05,0.010000000009313226,0.001435976658962397,4.7943138637648926e-05,3.1875669425688173e-06,344,5.733333333333333,0.07962209302143514,122.36999999999534,4.147157835549886e-05,0
BTC-USD,2026-04-06T15:08:02.09325957Z,69641.58,69637.35500000001,0.0,0.00999999999476131,0.0014360108873694743,4.794313863764892e-05,3.1875669425688173e-06,344,5.733333333333333,0.07962209302139284,122.36999999999534,4.147157835549886e-05,0
BTC-USD,2026-04-06T15:08:02.264967238Z,69639.01,69637.35500000001,-3.690392179271677e-05,0.00999999999476131,0.0014360108873694743,4.79220367652324e-05,3.0710219171755447e-06,345,5.75,0.0794202898531997,122.36999999999534,4.148199998623501e-05,0
BTC-USD,2026-04-06T15:08:02.349102665Z,69639.01,69630.275,0.0,0.00999999999476131,0.0014361569008252964,4.784644258431336e-05,3.207252792662949e-06,345,5.75,0.0794202898531997,122.36999999999534,4.154119644517662e-05,0
BTC-USD,2026-04-06T15:08:02.549822744Z,69632.15,69630.275,-9.851285801807381e-05,0.00999999999476131,0.0014361569008252964,4.808898819616921e-05,2.912411891762263e-06,346,5.766666666666667,0.07921965317730825,122.36999999999534,4.1258706141425644e-05,0
BTC-USD,2026-04-06T15:08:02.589837452Z,69632.15,69630.275,0.0,0.00999999999476131,0.0014361569008252964,4.808898819616921e-05,2.912411891762263e-06,346,5.766666666666667,0.07921965317730825,122.36999999999534,4.1258706141425644e-05,0
BTC-USD,2026-04-06T15:08:02.844861489Z,69632.15,69636.405,0.0,0.8099999999976717,0.11631846876611045,4.808898819616921e-05,2.912411891762263e-06,346,5.766666666666667,0.08153179190564036,122.36999999999534,4.1317903278686126e-05,0
BTC-USD,2026-04-06T15:08:03.089787431Z,69632.15,69640.685,0.0,0.010000000009313226,0.0014359422239044928,4.7759533511862036e-05,3.2456014657526947e-06,345,5.75,0.0817391304328761,122.36999999999534,4.1317903278686126e-05,0
BTC-USD,2026-04-06T15:08:03.097098468Z,69630.27,69640.685,-2.6999387201582236e-05,0.010000000009313226,0.0014359422239044928,4.7717976865293474e-05,3.157934831934333e-06,346,5.766666666666667,0.08153179190564036,122.36999999999534,4.1290453330093454e-05,0
BTC-USD,2026-04-06T15:08:03.238512236Z,69640.68,69640.685,0.00014949276958875276,0.010000000009313226,0.0014359422239044928,4.836173982749277e-05,3.591247207553906e-06,346,5.766666666666667,0.08153179190564036,122.36999999999534,4.06685609047239e-05,0
BTC-USD,2026-04-06T15:08:03.342272131Z,69640.68,69640.685,0.0,0.010000000009313226,0.0014359422239044928,4.829218716612921e-05,3.580867880364444e-06,347,5.783333333333333,0.08132564841314374,122.36999999999534,4.092977732860725e-05,0
BTC-USD,2026-04-06T15:08:03.58791359Z,69640.68,69641.685,0.0,0.010000000009313226,0.0014359216048998853,4.829218716612922e-05,3.580867880364444e-06,347,5.783333333333333,0.08132564841314374,122.36999999999534,4.104021579691769e-05,0
BTC-USD,2026-04-06T15:08:03.757137582Z,69641.68,69641.685,1.4359320161140073e-05,0.010000000009313226,0.0014359216048998853,4.836484077111167e-05,3.63245169427286e-06,346,5.766666666666667,0.08153179190564036,122.36999999999534,4.10334871779758e-05,0
BTC-USD,2026-04-06T15:08:03.841387865Z,69641.68,69641.685,0.0,0.010000000009313226,0.0014359216048998853,4.82952924811774e-05,3.6219532789714938e-06,347,5.783333333333333,0.08132564841314374,122.36999999999534,4.105751694593126e-05,0
BTC-USD,2026-04-06T15:08:04.087502685Z,69641.68,69641.685,0.0,0.010000000009313226,0.0014359216048998853,4.8364808851224646e-05,3.6328684254120202e-06,346,5.766666666666667,0.08153179190564036,122.36999999999534,4.113868840882639e-05,0
BTC-USD,2026-04-06T15:08:04.236559541Z,69641.69,69641.685,1.4359216051102877e-07,0.010000000009313226,0.0014359216048998853,4.829615531321512e-05,3.7616406765177903e-06,346,5.766666666666667,0.08153179190568242,122.36999999999534,4.113869218690559e-05,0
BTC-USD,2026-04-06T15:08:04.340365606Z,69641.69,69641.685,0.0,0.010000000009313226,0.0014359216048998853,4.829615531321512e-05,3.7616406765177903e-06,346,5.766666666666667,0.08153179190572449,122.36999999999534,4.12162643832677e-05,0
BTC-USD,2026-04-06T15:08:04.589633735Z,69641.69,69641.685,0.0,0.010000000009313226,0.0014359216048998853,4.7825308838885256e-05,4.150019058733244e-06,345,5.75,0.08173913043304482,122.36999999999534,4.121626438326769e-05,0
BTC-USD,2026-04-06T15:08:04.842624918Z,69641.69,69641.685,0.0,0.010000000009313226,0.0014359216048998853,4.788707583094428e-05,4.196914875978169e-06,344,5.733333333333333,0.08194767441691933,122.36999999999534,4.12752592390161e-05,0
BTC-USD,2026-04-06T15:08:05.003466288Z,69641.68,69641.685,-1.4359216047958908e-07,0.010000000009313226,0.0014359216048998853,4.7887113146814574e-05,4.1964962399417854e-06,344,5.733333333333333,0.07880813953323564,122.36999999999534,4.133450153636287e-05,0
BTC-USD,2026-04-06T15:08:05.087538389Z,69641.68,69641.685,0.0,0.010000000009313226,0.0014359216048998853,4.7817992869946686e-05,4.18429712296521e-06,345,5.75,0.0786086956505576,122.36999999999534,4.13940063022898e-05,0
BTC-USD,2026-04-06T15:08:05.268721721Z,69630.0,69641.685,-0.00016772972118060534,0.010000000009313226,0.0014359216048998853,4.876802328570305e-05,3.744381579289893e-06,344,5.733333333333333,0.07880813953332023,122.36999999999534,4.0392841263970726e-05,0
BTC-USD,2026-04-06T15:08:05.343863656Z,69630.0,69635.595,0.0,0.010000000009313226,0.0014360471838164412,4.869750519755557e-05,3.733496749117539e-06,345,5.75,0.07860869565064195,122.36999999999534,4.0392841263970726e-05,0
BTC-USD,2026-04-06T15:08:05.588817052Z,69630.0,69639.975,0.0,0.00999999999476131,0.0014359568616676428,4.87443859113583e-05,3.816073251297521e-06,344,5.733333333333333,0.07880813953336253,122.36999999999534,4.0451128835561336e-05,0
BTC-USD,2026-04-06T15:08:05.594498721Z,69635.1,69639.975,7.32416090217529e-05,0.00999999999476131,0.0014359568616676428,4.8887414607340134e-05,4.029605639116043e-06,344,5.733333333333333,0.07880813953336253,122.36999999999534,4.032243689277113e-05,0
BTC-USD,2026-04-06T15:08:05.821126813Z,69635.6,69639.975,7.180261174875459e-06,0.00999999999476131,0.0014359568616676428,4.8816600304853354e-05,4.038764521487436e-06,345,5.75,0.07860869565064195,122.36999999999534,4.027083579917663e-05,0
BTC-USD,2026-04-06T15:08:05.84663111Z,69635.6,69635.10500000001,0.0,0.00999999999476131,0.0014360572867322177,4.876619126573734e-05,4.147037845005347e-06,345,5.75,0.07860869565064195,122.36999999999534,4.032913371488222e-05,0
BTC-USD,2026-04-06T15:08:06.090393561Z,69635.6,69632.63500000001,0.0,0.00999999999476131,0.0014361082263742151,4.883667611009673e-05,4.159547604693821e-06,344,5.733333333333333,0.07880813953336253,122.36999999999534,4.032914278876723e-05,0
BTC-USD,2026-04-06T15:08:06.122790378Z,69639.94,69632.63500000001,6.232250115707888e-05,0.00999999999476131,0.0014361082263742151,4.886607455093474e-05,4.328625958043777e-06,345,5.75,0.07860869565064195,122.36999999999534,4.025090671483635e-05,0
BTC-USD,2026-04-06T15:08:06.255391879Z,69637.61,69632.63500000001,-3.3458371434892e-05,0.00999999999476131,0.0014361082263742151,4.883747057835276e-05,4.219098429368601e-06,346,5.766666666666667,0.07841040462273478,122.36999999999534,4.026737537382218e-05,0
BTC-USD,2026-04-06T15:08:06.341548386Z,69637.61,69639.61499999999,0.0,0.00999999999476131,0.0014359642848056112,4.883747057835276e-05,4.219098429368601e-06,346,5.766666666666667,0.07841040462273478,122.36999999999534,4.026737537382218e-05,0
BTC-USD,2026-04-06T15:08:06.513272669Z,69637.53,69639.61499999999,-1.1488051636241683e-06,0.00999999999476131,0.0014359642848056112,4.890388281178934e-05,4.178694034299935e-06,345,5.75,0.06631884057812082,122.36999999999534,4.032607476521427e-05,0
BTC-USD,2026-04-06T15:08:06.589520487Z,69637.53,69639.61499999999,0.0,0.00999999999476131,0.0014359642848056112,4.8833472906878206e-05,4.166581877678775e-06,346,5.766666666666667,0.06615606936256198,122.36999999999534,4.032607476521427e-05,0
BTC-USD,2026-04-06T15:08:06.766730763Z,69639.61,69639.61499999999,2.9868505343524302e-05,0.00999999999476131,0.0014359642848056112,4.889536253440852e-05,4.163938053033987e-06,345,5.75,0.06631884057812082,122.36999999999534,4.035423890343148e-05,0
BTC-USD,2026-04-06T15:08:06.86771942Z,69639.61,69639.61499999999,0.0,0.00999999999476131,0.0014359642848056112,4.8813170250023736e-05,3.998820946410852e-06,345,5.75,0.06631884057812082,122.36999999999534,4.035423890343148e-05,0
BTC-USD,2026-04-06T15:08:07.088512391Z,69639.61,69639.61499999999,0.0,0.00999999999476131,0.0014359642848056112,4.8883796456923945e-05,4.010479316517006e-06,344,5.733333333333333,0.06648255813795617,122.36999999999534,4.035423890343148e-05,0
BTC-USD,2026-04-06T15:08:07.339595626Z,69639.61,69639.60500000001,0.0,0.00999999999476131,0.0014359644910049835,4.8813170250023736e-05,3.998820946410852e-06,345,5.75,0.06631884057812082,122.36999999999534,4.041352447585191e-05,0
BTC-USD,2026-04-06T15:08:07.586954281Z,69639.61,69639.60500000001,0.0,0.00999999999476131,0.0014359644910049835,4.8884246014478844e-05,4.001675609080396e-06,344,5.733333333333333,0.06648255813795617,122.36999999999534,4.041352447585191e-05,0
BTC-USD,2026-04-06T15:08:07.772580006Z,69639.6,69639.60500000001,-1.4359644904970442e-07,0.00999999999476131,0.0014359644910049835,4.8955182377505724e-05,4.013376991657412e-06,343,5.716666666666667,0.06664723031913167,122.36999999999534,4.038273551284777e-05,0
BTC-USD,2026-04-06T15:08:07.842115262Z,69639.6,69639.61499999999,0.0,0.00999999999476131,0.0014359642848056112,4.8955182377505724e-05,4.013376991657412e-06,343,5.716666666666667,0.06664723031913167,122.36999999999534,4.044205871124147e-05,0
BTC-USD,2026-04-06T15:08:08.089034025Z,69639.6,69639.61499999999,0.0,0.00999999999476131,0.0014359642848056112,4.8955182377505724e-05,4.013376991657412e-06,343,5.716666666666667,0.06664723031913167,122.36999999999534,4.04786955698761e-05,0
BTC-USD,2026-04-06T15:08:08.266973927Z,69639.62,69639.61499999999,2.8719287753988776e-07,0.00999999999476131,0.0014359642848056112,4.8884179876707965e-05,4.002513481120627e-06,344,5.733333333333333,0.06648255813795617,122.36999999999534,4.0462213646916734e-05,0
BTC-USD,2026-04-06T15:08:08.341814977Z,69639.62,69643.985,0.0,0.010000000009313226,0.0014358741834364053,4.886320260150437e-05,3.912801012948995e-06,344,5.733333333333333,0.06648255813799847,122.36999999999534,4.0462213646916734e-05,0
BTC-USD,2026-04-06T15:08:08.486148281Z,69643.99,69643.985,6.274966597206893e-05,0.010000000009313226,0.0014358741834364053,4.889484517585248e-05,4.083838411085972e-06,345,5.75,0.06631884057820518,122.36999999999534,4.038281825701226e-05,0
BTC-USD,2026-04-06T15:08:08.588114403Z,69643.99,69643.985,0.0,0.010000000009313226,0.0014358741834364053,4.896557063771292e-05,4.095744645520625e-06,344,5.733333333333333,0.06648255813808307,122.36999999999534,4.124056018958986e-05,0
BTC-USD,2026-04-06T15:08:08.840038875Z,69643.99,69643.985,0.0,0.010000000009313226,0.0014358741834364053,4.896557063771292e-05,4.095744645520625e-06,344,5.733333333333333,0.06648255813812538,122.36999999999534,4.130098192476016e-05,0
BTC-USD,2026-04-06T15:08:08.963683178Z,69643.98,69643.985,-1.435874183833031e-07,0.010000000009313226,0.0014358741834364053,4.889488064983855e-05,4.083421005799974e-06,345,5.75,0.06631884057833172,122.36999999999534,4.130097775213557e-05,0
BTC-USD,2026-04-06T15:08:09.087423449Z,69643.98,69643.985,0.0,0.010000000009313226,0.0014358741834364053,4.882446059839472e-05,4.071585002884612e-06,346,5.766666666666667,0.06615606936281433,122.36999999999534,4.3087207468769015e-05,0
BTC-USD,2026-04-06T15:08:09.242483754Z,69643.99,69643.985,1.4358741830508232e-07,0.010000000009313226,0.0014358741834364053,4.8824426501100705e-05,4.072001198299989e-06,346,5.766666666666667,0.06615606936285638,122.36999999999534,4.308721658193466e-05,0
BTC-USD,2026-04-06T15:08:09.341703662Z,69643.99,69643.985,0.0,0.010000000009313226,0.0014358741834364053,4.882446064546036e-05,4.0715844178460765e-06,346,5.766666666666667,0.06615606936289845,122.36999999999534,4.308721658193466e-05,0
BTC-USD,2026-04-06T15:08:09.518060596Z,69643.98,69643.985,-1.435874183833031e-07,0.010000000009313226,0.0014358741834364053,4.8824495963162567e-05,4.0711682224304725e-06,346,5.766666666666667,0.0661560693629405,122.36999999999534,4.308878099906344e-05,0
BTC-USD,2026-04-06T15:08:09.587894296Z,69643.98,69643.985,0.0,0.010000000009313226,0.0014358741834364053,4.8754379130346124e-05,4.0594018402847195e-06,347,5.783333333333333,0.06599423631004821,122.36999999999534,4.308878099906344e-05,0
BTC-USD,2026-04-06T15:08:09.842012899Z,69643.98,69643.985,0.0,0.010000000009313226,0.0014358741834364053,4.399931520196649e-05,4.064611424161296e-06,345,5.75,0.0663188405785848,113.36999999999534,4.302576607228086e-05,0
BTC-USD,2026-04-06T15:08:10.015943414Z,69643.99,69643.985,1.4358741830508232e-07,0.010000000009313226,0.0014358741834364053,4.3936007477969443e-05,4.0532461371878e-06,346,5.766666666666667,0.06615606936306667,113.36999999999534,4.3088781002090594e-05,0
BTC-USD,2026-04-06T15:08:10.089085251Z,69643.99,69643.985,0.0,0.010000000009313226,0.0014358741834364053,4.3999277321580423e-05,4.065028829447067e-06,345,5.75,0.06631884057866916,113.36999999999534,4.315206423527536e-05,0
BTC-USD,2026-04-06T15:08:10.587255188Z,69643.99,69643.985,0.0,0.010000000009313226,0.0014358741834364053,4.3999277321580423e-05,4.065028829447067e-06,345,5.75,0.06631884057871133,113.36999999999534,4.321562711656547e-05,0
BTC-USD,2026-04-06T15:08:10.840112544Z,69643.99,69643.985,0.0,0.010000000009313226,0.0014358741834364053,4.399927732158042e-05,4.065028829447067e-06,345,5.75,0.06631884057875352,113.36999999999534,4.31520750188747e-05,0
BTC-USD,2026-04-06T15:08:11.086886567Z,69643.99,69643.985,0.0,0.010000000009313226,0.0014358741834364053,4.337844985369083e-05,4.482282525670925e-06,344,5.733333333333333,0.066482558138633,113.36999999999534,4.31520750188747e-05,0
BTC-USD,2026-04-06T15:08:11.264572826Z,69643.98,69643.985,-1.435874183833031e-07,0.010000000009313226,0.0014358741834364053,4.282627112041407e-05,4.0883810816122515e-06,343,5.716666666666667,0.0666472303198529,113.36999999999534,4.31520642312487e-05,0
BTC-USD,2026-04-06T15:08:11.339964534Z,69643.98,69643.985,0.0,0.010000000009313226,0.0014358741834364053,4.282627112041407e-05,4.0883810816122515e-06,343,5.716666666666667,0.06664723031989532,113.36999999999534,4.321562711252259e-05,0
BTC-USD,2026-04-06T15:08:11.517691392Z,69643.99,69643.985,1.4358741830508232e-07,0.010000000009313226,0.0014358741834364053,4.276432548995905e-05,4.0768802254510065e-06,344,5.733333333333333,0.0664825581387599,113.36999999999534,4.32156365385324e-05,0
BTC-USD,2026-04-06T15:08:11.587678631Z,69643.99,69643.985,0.0,0.010000000009313226,0.0014358741834364053,4.1908287201034974e-05,4.5242094546228585e-06,344,5.733333333333333,0.06648255813880222,113.36999999999534,4.32156365385324e-05,0
BTC-USD,2026-04-06T15:08:11.759352359Z,69643.98,69643.985,-1.435874183833031e-07,0.010000000009313226,0.0014358741834364053,4.18480842300028e-05,4.5106402776664455e-06,345,5.75,0.0663188405790066,113.36999999999534,4.327947029819242e-05,0
BTC-USD,2026-04-06T15:08:11.839305691Z,69643.98,69643.985,0.0,0.010000000009313226,0.0014358741834364053,4.1788094406800384e-05,4.4975659580210355e-06,346,5.766666666666667,0.06615606936348725,113.36999999999534,4.3343598692082e-05,0
BTC-USD,2026-04-06T15:08:12.089989894Z,69643.98,69638.885,0.0,1.25,0.1794974172834617,4.1068856880604456e-05,4.0646114241607245e-06,345,5.75,0.06991304347761468,105.75999999999476,4.327947029819242e-05,0
BTC-USD,2026-04-06T15:08:12.263191657Z,69643.96,69638.885,-2.8717489812915254e-07,1.25,0.1794974172834617,4.1068942412509196e-05,4.063776613410348e-06,345,5.75,0.07350724637618058,105.75999999999476,4.3343575416531855e-05,0
BTC-USD,2026-04-06T15:08:12.341941145Z,69643.96,69638.265,0.0,0.010000000009313226,0.0014359921243461806,4.1068942412509196e-05,4.063776613410348e-06,345,5.75,0.07350724637622277,105.75999999999476,4.340798962455901e-05,0
BTC-USD,2026-04-06T15:08:12.544901347Z,69640.5,69638.265,-4.968249868965038e-05,0.010000000009313226,0.0014359921243461806,4.1111042692938425e-05,3.907990308184085e-06,346,5.766666666666667,0.07332369942140511,105.75999999999476,4.331947287615925e-05,0
BTC-USD,2026-04-06T15:08:12.654166449Z,69640.5,69638.265,0.0,0.010000000009313226,0.0014359921243461806,4.1111042692938425e-05,3.907990308184085e-06,346,5.766666666666667,0.07332369942144717,105.75999999999476,4.368537451365418e-05,0
BTC-USD,2026-04-06T15:08:13.001460555Z,69640.5,69633.765,0.0,0.010000000009313226,0.001436084923644905,4.1052126741043895e-05,3.8966955385072525e-06,347,5.783333333333333,0.07314121037414996,105.75999999999476,4.364664467081059e-05,0
BTC-USD,2026-04-06T15:08:13.064955503Z,69630.19,69633.765,-0.00014805699632610485,0.010000000009313226,0.001436084923644905,4.179438012733958e-05,3.4587886455256615e-06,348,5.8,0.07295977011448088,105.75999999999476,4.289163740801163e-05,0
BTC-USD,2026-04-06T15:08:13.140421885Z,69630.19,69633.765,0.0,0.010000000009313226,0.001436084923644905,4.179438012733958e-05,3.4587886455256615e-06,348,5.8,0.0729597701145227,105.75999999999476,4.289163740801164e-05,0
BTC-USD,2026-04-06T15:08:13.310299Z,69633.76,69633.765,5.126954966833935e-05,0.010000000009313226,0.001436084923644905,4.181268311233152e-05,3.5961758898440913e-06,349,5.816666666666666,0.07277936962711522,105.75999999999476,4.286823480043515e-05,0
BTC-USD,2026-04-06T15:08:13.397194075Z,69633.76,69633.765,0.0,0.010000000009313226,0.001436084923644905,4.1811043891398806e-05,3.56353447007185e-06,349,5.816666666666666,0.07277936962711522,105.75999999999476,4.286823480043515e-05,0
BTC-USD,2026-04-06T15:08:13.58706639Z,69633.76,69633.765,0.0,0.010000000009313226,0.001436084923644905,4.1811043891398806e-05,3.56353447007185e-06,349,5.816666666666666,0.07277936962711522,105.75999999999476,4.307910795135565e-05,0
BTC-USD,2026-04-06T15:08:13.750138926Z,69633.76,69633.765,0.0,0.010000000009313226,0.001436084923644905,4.181104389139881e-05,3.56353447007185e-06,349,5.816666666666666,0.07277936962711522,105.75999999999476,4.3057603506044345e-05,0
BTC-USD,2026-04-06T15:08:13.843576607Z,69633.76,69652.63,0.0,3.360000000000582,0.4823938449991884,4.180880274791954e-05,3.528001194111441e-06,349,5.816666666666666,0.08237822349528505,105.75999999999476,4.3057603506044345e-05,0
BTC-USD,2026-04-06T15:08:14.019541863Z,69644.63,69652.63,0.00015609025954540584,3.360000000000582,0.4823938449991884,4.2598379287987256e-05,3.976536422690193e-06,349,5.816666666666666,0.09197707736345487,105.75999999999476,4.2279988133723574e-05,0
BTC-USD,2026-04-06T15:08:14.110946099Z,69644.63,69664.225,0.0,0.00999999999476131,0.0014354570074900438,4.259834001897798e-05,3.9769495977932356e-06,349,5.816666666666666,0.09197707736341318,105.75999999999476,4.2279988133723574e-05,0
BTC-USD,2026-04-06T15:08:14.265097946Z,69660.64,69664.225,0.00022985490886997398,0.00999999999476131,0.0014354570074900438,4.42803399388507e-05,4.6374522094885625e-06,349,5.816666666666666,0.09197707736337148,117.02999999999884,4.044178408823653e-05,0
BTC-USD,2026-04-06T15:08:14.347622616Z,69660.64,69664.38,0.0,0.2400000000052387,0.034450891546761585,4.42803399388507e-05,4.6374522094885625e-06,349,5.816666666666666,0.09263610315132542,117.02999999999884,4.0441784088236546e-05,0
BTC-USD,2026-04-06T15:08:14.521033297Z,69663.23,69664.38,3.7179558682974155e-05,0.2400000000052387,0.034450891546761585,4.42510561645938e-05,4.730696067578779e-06,350,5.833333333333333,0.09305714285662231,119.61999999999534,4.0395130301442035e-05,0
BTC-USD,2026-04-06T15:08:14.592942761Z,69663.23,69668.995,0.0,0.00999999999476131,0.0014353587266130812,4.42510561645938e-05,4.730696067578779e-06,350,5.833333333333333,0.09305714285658073,119.61999999999534,4.045536365609688e-05,0
BTC-USD,2026-04-06T15:08:14.742742968Z,69669.0,69668.995,8.282362240670196e-05,0.00999999999476131,0.0014353587266130812,4.43839583299072e-05,4.953818714261989e-06,351,5.85,0.09282051281993738,125.38999999999942,4.0197076597185796e-05,0
BTC-USD,2026-04-06T15:08:14.844706772Z,69669.0,69668.995,0.0,0.00999999999476131,0.0014353587266130812,4.43839583299072e-05,4.953818714261989e-06,351,5.85,0.09282051281989592,125.38999999999942,4.015749170448007e-05,0
BTC-USD,2026-04-06T15:08:15.089551891Z,69669.0,69668.995,0.0,0.00999999999476131,0.0014353587266130812,4.43840035146725e-05,4.953407900159603e-06,351,5.85,0.09282051281985446,125.38999999999942,4.021735274052594e-05,0
BTC-USD,2026-04-06T15:08:15.341801151Z,69669.0,69668.995,0.0,0.00999999999476131,0.0014353587266130812,4.4446705570112354e-05,4.968013037225558e-06,350,5.833333333333333,0.09305714285641443,125.38999999999942,4.026597275001726e-05,0
BTC-USD,2026-04-06T15:08:15.590246774Z,69669.0,69671.89499999999,0.0,0.21000000000640284,0.030141278632711637,4.4446705570112354e-05,4.968013037225558e-06,350,5.833333333333333,0.09362857142783469,125.38999999999942,4.0206047208023685e-05,0
BTC-USD,2026-04-06T15:08:15.75351853Z,69670.0,69671.89499999999,1.4353483231842886e-05,0.21000000000640284,0.030141278632711637,4.438599194566242e-05,4.994828666353036e-06,351,5.85,0.09396011395939756,126.38999999999942,4.040758897171629e-05,0
BTC-USD,2026-04-06T15:08:15.844273521Z,69670.0,69678.555,0.0,0.430000000007567,0.06171195714485856,4.438599194566241e-05,4.994828666353036e-06,351,5.85,0.09515669515597378,126.38999999999942,4.040758897171629e-05,0
BTC-USD,2026-04-06T15:08:16.023289458Z,69676.18,69678.555,8.869995580850207e-05,0.430000000007567,0.06171195714485856,4.4546697064175644e-05,5.233304812057164e-06,352,5.866666666666666,0.09610795454475672,132.56999999999243,4.017016408357594e-05,0
BTC-USD,2026-04-06T15:08:16.093157813Z,69676.18,69690.215,0.0,2.1900000000023283,0.3142478467030599,4.448424755211634e-05,5.218437468841093e-06,353,5.883333333333334,0.10203966005596797,132.56999999999243,4.017016408357594e-05,0
BTC-USD,2026-04-06T15:08:16.271453974Z,69686.96,69690.215,0.0001547037476554484,2.1900000000023283,0.3142478467030599,4.5189161397335164e-05,5.657936751953163e-06,353,5.883333333333334,0.10821529744971588,143.35000000000582,3.931064572000086e-05,0
BTC-USD,2026-04-06T15:08:16.346004503Z,69686.96,69691.305,0.0,0.00999999999476131,0.001434899230938682,4.5189161397335164e-05,5.657936751953163e-06,353,5.883333333333334,0.10821529744967466,143.35000000000582,3.931064572000086e-05,0
BTC-USD,2026-04-06T15:08:16.522616411Z,69691.31,69691.305,6.242006019154614e-05,0.00999999999476131,0.001434899230938682,4.522584308768112e-05,5.81873596849592e-06,354,5.9,0.10793785310658169,147.6999999999971,3.921350401454558e-05,0
BTC-USD,2026-04-06T15:08:16.623169463Z,69691.31,69692.995,0.0,0.00999999999476131,0.0014348644357673696,4.522584308768112e-05,5.81873596849592e-06,354,5.9,0.10793785310654058,147.6999999999971,3.921350401454558e-05,0
BTC-USD,2026-04-06T15:08:16.841868233Z,69691.31,69693.015,0.0,0.010000000009313226,0.0014348640260882996,4.522584308768111e-05,5.81873596849592e-06,354,5.9,0.10793785310654058,147.6999999999971,3.9220398085294994e-05,0
BTC-USD,2026-04-06T15:08:16.980983819Z,69693.02,69693.015,2.4536474079760295e-05,0.010000000009313226,0.0014348640260882996,4.5172844566222385e-05,5.871610934911921e-06,355,5.916666666666667,0.10766197183021035,149.4100000000035,3.919416022201443e-05,0
BTC-USD,2026-04-06T15:08:17.088243677Z,69693.02,69690.065,0.0,2.3699999999953434,0.3400771688181584,4.5172844566222385e-05,5.871610934911921e-06,355,5.916666666666667,0.11430985915411467,149.4100000000035,3.919416022201443e-05,0
BTC-USD,2026-04-06T15:08:17.255119005Z,69691.3,69690.065,-2.4679964002990757e-05,2.3699999999953434,0.3400771688181584,4.5138228174030065e-05,5.785550160438955e-06,356,5.933333333333334,0.12064606741490463,149.4100000000035,3.917418079535654e-05,0
BTC-USD,2026-04-06T15:08:17.342307847Z,69691.3,69685.35500000001,0.0,0.00999999999476131,0.0014350217480791061,4.5138228174030065e-05,5.785550160438955e-06,356,5.933333333333334,0.12064606741486376,149.4100000000035,3.9232846190338116e-05,0
BTC-USD,2026-04-06T15:08:17.463969975Z,69686.45,69685.35500000001,-6.959503940856136e-05,0.00999999999476131,0.0014350217480791061,4.5250999278480054e-05,5.573806931312549e-06,357,5.95,0.12033613445290268,149.4100000000035,3.905559153270893e-05,0
BTC-USD,2026-04-06T15:08:17.586791269Z,69686.45,69685.35500000001,0.0,0.00999999999476131,0.0014350217480791061,4.518853828953693e-05,5.558194026743047e-06,358,5.966666666666667,0.12002793296000286,149.4100000000035,3.911427982318941e-05,0
BTC-USD,2026-04-06T15:08:17.842351131Z,69686.45,69685.35500000001,0.0,0.00999999999476131,0.0014350217480791061,4.525104838428936e-05,5.5734030410433505e-06,357,5.95,0.12033613445290268,149.4100000000035,3.911427982318941e-05,0
BTC-USD,2026-04-06T15:08:17.967853613Z,69685.36,69685.35500000001,-1.5641613609261148e-05,0.00999999999476131,0.0014350217480791061,4.526403048043843e-05,5.529465924163403e-06,357,5.95,0.12033613445290268,149.4100000000035,3.910663491194281e-05,0
BTC-USD,2026-04-06T15:08:18.09043774Z,69685.36,69681.995,0.0,0.00999999999476131,0.0014350909434727452,4.526452991458512e-05,5.524619245467546e-06,357,5.95,0.12033613445290268,149.4100000000035,3.943555227399888e-05,0
BTC-USD,2026-04-06T15:08:18.240907934Z,69685.32,69681.995,-5.740088230147626e-07,0.00999999999476131,0.0014350909434727452,4.526473690336069e-05,5.523006861133234e-06,357,5.95,0.12033613445290268,149.4100000000035,3.9435591207670775e-05,0
BTC-USD,2026-04-06T15:08:18.342569782Z,69685.32,69681.995,0.0,0.00999999999476131,0.0014350909434727452,4.526478554089622e-05,5.522602971619361e-06,357,5.95,0.12033613445290268,149.4100000000035,3.964245330561868e-05,0
BTC-USD,2026-04-06T15:08:18.527072361Z,69682.0,69681.995,-4.764388094189947e-05,0.00999999999476131,0.0014350909434727452,4.535126597889941e-05,5.38877184537807e-06,357,5.95,0.12033613445290268,149.4100000000035,3.955932951663266e-05,0
BTC-USD,2026-04-06T15:08:18.590485856Z,69682.0,69689.995,0.0,0.00999999999476131,0.0014349262035047226,4.5351217345466786e-05,5.389175734891698e-06,357,5.95,0.12033613445290268,149.4100000000035,3.955932951663266e-05,0
BTC-USD,2026-04-06T15:08:18.742327221Z,69690.0,69689.995,0.00011480067745012335,0.00999999999476131,0.0014349262035047226,4.57184142491637e-05,5.711649547953843e-06,357,5.95,0.12033613445290268,149.4100000000035,3.910453944584369e-05,0
BTC-USD,2026-04-06T15:08:18.845101655Z,69690.0,69689.995,0.0,0.00999999999476131,0.0014349262035047226,4.57184142491637e-05,5.711649547953843e-06,357,5.95,0.12033613445290268,149.4100000000035,3.957873021619438e-05,0
BTC-USD,2026-04-06T15:08:19.272077152Z,69689.99,69689.995,-1.4349262031140361e-07,0.00999999999476131,0.0014349262035047226,4.571846523575201e-05,5.7112464787956645e-06,357,5.95,0.12033613445290268,149.4100000000035,3.9495218247557905e-05,0
BTC-USD,2026-04-06T15:08:19.346141341Z,69689.99,69685.995,0.0,0.00999999999476131,0.0014350085687606688,4.5718465235752e-05,5.7112464787956645e-06,357,5.95,0.12033613445290268,149.4100000000035,3.9495218247557905e-05,0
BTC-USD,2026-04-06T15:08:19.514985786Z,69685.99,69685.995,-5.739869956208231e-05,0.00999999999476131,0.0014350085687606688,4.577606861388786e-05,5.534467918457071e-06,358,5.966666666666667,0.12002793296000286,149.4100000000035,3.937367953422149e-05,0
BTC-USD,2026-04-06T15:08:19.589839223Z,69685.99,69683.955,0.0,0.010000000009313226,0.001435050580770455,4.571302407807787e-05,5.519008510863615e-06,359,5.983333333333333,0.119721448467104,149.4100000000035,3.937367953422149e-05,0
BTC-USD,2026-04-06T15:08:19.842632687Z,69685.99,69680.01999999999,0.0,0.020000000004074536,0.0028702632410373217,4.5713071934474634e-05,5.518606877715741e-06,359,5.983333333333333,0.11974930362033329,149.4100000000035,3.93736724360919e-05,0
BTC-USD,2026-04-06T15:08:20.010743908Z,69680.02,69680.01999999999,-8.567368763230196e-05,0.020000000004074536,0.0028702632410373217,4.5901677671624626e-05,5.264589344261653e-06,360,6.0,0.11947222222139924,149.4100000000035,3.9097504459627955e-05,0
BTC-USD,2026-04-06T15:08:20.090147679Z,69680.02,69678.345,0.0,0.010000000009313226,0.0014351661207385488,4.583871845953136e-05,5.2499654849720375e-06,361,6.016666666666667,0.11916897506845717,149.4100000000035,3.9156157069186314e-05,0
BTC-USD,2026-04-06T15:08:20.22605197Z,69677.6,69678.345,-3.4730788316343614e-05,0.010000000009313226,0.0014351661207385488,4.582339192675645e-05,5.139215474442077e-06,362,6.033333333333333,0.11886740331415013,149.4100000000035,3.911098196021415e-05,0
BTC-USD,2026-04-06T15:08:20.345500863Z,69677.6,69676.185,0.0,0.010000000009313226,0.001435210611676461,4.585342232966888e-05,5.046852832941943e-06,361,6.016666666666667,0.11916897506849747,149.4100000000035,3.905238891573708e-05,0
BTC-USD,2026-04-06T15:08:20.50185856Z,69677.29,69676.185,-4.4490724367101845e-06,0.010000000009313226,0.001435210611676461,4.585538042623967e-05,5.0344942983955255e-06,361,6.016666666666667,0.11916897506849747,149.4100000000035,3.9110339178818735e-05,0
BTC-USD,2026-04-06T15:08:21.0889287Z,69677.29,69678.63500000001,0.0,0.00999999999476131,0.0014351601455397784,4.599076232616173e-05,4.9406772548530645e-06,358,5.966666666666667,0.12008379888196453,149.4100000000035,3.9207314306581635e-05,0
BTC-USD,2026-04-06T15:08:21.267483001Z,69678.64,69678.63500000001,1.937484827579725e-05,0.00999999999476131,0.0014351601455397784,4.59963313543876e-05,4.9949485385387705e-06,358,5.966666666666667,0.12008379888192389,149.4100000000035,3.913397059762536e-05,0
BTC-USD,2026-04-06T15:08:21.344543035Z,69678.64,69683.66500000001,0.0,0.00999999999476131,0.0014350565508805125,4.599641629666526e-05,4.994143092436292e-06,358,5.966666666666667,0.12008379888188324,149.4100000000035,3.919214602434191e-05,0
BTC-USD,2026-04-06T15:08:21.453638046Z,69682.07,69683.66500000001,4.9224777926274696e-05,0.00999999999476131,0.0014350565508805125,4.5991412418841686e-05,5.117692351748689e-06,359,5.983333333333333,0.11977715877356257,149.4100000000035,3.9097295926306567e-05,0
BTC-USD,2026-04-06T15:08:21.588230062Z,69682.07,69683.66500000001,0.0,0.00999999999476131,0.0014350565508805125,4.5991412418841686e-05,5.117692351748689e-06,359,5.983333333333333,0.11977715877352203,149.4100000000035,3.911081514827358e-05,0
BTC-USD,2026-04-06T15:08:21.843853046Z,69682.07,69683.66500000001,0.0,0.00999999999476131,0.0014350565508805125,4.5248533341934274e-05,5.571432872411318e-06,358,5.966666666666667,0.1200837988817613,149.4100000000035,3.905276545806598e-05,0
BTC-USD,2026-04-06T15:08:22.010423374Z,69683.67,69683.66500000001,2.296116678410105e-05,0.00999999999476131,0.0014350565508805125,4.461309806376156e-05,5.217689018194367e-06,358,5.966666666666667,0.11737430167505414,142.1999999999971,3.908937862947361e-05,0
BTC-USD,2026-04-06T15:08:22.090585436Z,69683.67,69688.875,0.0,0.010000000009313226,0.0014349492669114296,4.463255173207003e-05,5.3215993325874314e-06,357,5.95,0.11313725490110316,142.1999999999971,3.904090882966802e-05,0
BTC-USD,2026-04-06T15:08:22.210914096Z,69683.95,69688.875,4.018149983509347e-06,0.010000000009313226,0.0014349492669114296,4.457005055797751e-05,5.317948213962562e-06,358,5.966666666666667,0.11284916201034396,142.1999999999971,3.909808645462401e-05,0
BTC-USD,2026-04-06T15:08:22.341569946Z,69683.95,69688.845,0.0,0.010000000009313226,0.0014349498846355144,4.4621581305477304e-05,5.370446445566475e-06,357,5.95,0.11131652660988446,142.1999999999971,3.909808645462401e-05,0
BTC-USD,2026-04-06T15:08:22.566715871Z,69688.85,69688.845,7.031501127942766e-05,0.010000000009313226,0.0014349498846355144,4.4691047312344685e-05,5.552363994120708e-06,358,5.966666666666667,0.11103351955234096,142.1999999999971,3.8962647364831036e-05,0
BTC-USD,2026-04-06T15:08:22.840556323Z,69688.85,69688.845,0.0,0.010000000009313226,0.0014349498846355144,4.475280140254035e-05,5.567960522194081e-06,357,5.95,0.11131652660996598,142.1999999999971,4.005064101746105e-05,0
BTC-USD,2026-04-06T15:08:23.087756346Z,69688.85,69688.845,0.0,0.010000000009313226,0.0014349498846355144,4.481470858220215e-05,5.584454944598636e-06,356,5.933333333333334,0.11160112359488103,142.1999999999971,4.125000146195479e-05,0
BTC-USD,2026-04-06T15:08:23.339363049Z,69688.85,69688.845,0.0,0.010000000009313226,0.0014349498846355144,4.487692592283452e-05,5.600636398528475e-06,355,5.916666666666667,0.11188732394309138,142.1999999999971,4.1225968831766365e-05,0
BTC-USD,2026-04-06T15:08:23.736756123Z,69688.85,69688.845,0.0,0.010000000009313226,0.0014349498846355144,4.4934788794897096e-05,5.562738065864884e-06,354,5.9,0.11217514124242155,142.1999999999971,4.128446741453292e-05,0
BTC-USD,2026-04-06T15:08:23.840706487Z,69688.85,69688.845,0.0,0.010000000009313226,0.0014349498846355144,4.499754047318804e-05,5.578949756502306e-06,353,5.883333333333334,0.11246458923466578,142.1999999999971,4.128446741453292e-05,0
BTC-USD,2026-04-06T15:08:24.01706782Z,69688.84,69688.845,-1.4349498841745496e-07,0.010000000009313226,0.0014349498846355144,4.499759166392937e-05,5.578542100285211e-06,353,5.883333333333334,0.112464589234707,142.1999999999971,4.132790431358212e-05,0
BTC-USD,2026-04-06T15:08:24.088006662Z,69688.84,69688.845,0.0,0.010000000009313226,0.0014349498846355144,4.4934788693429203e-05,5.562738864873639e-06,354,5.9,0.11217514124254487,142.1999999999971,4.138855437847871e-05,0
BTC-USD,2026-04-06T15:08:24.345235047Z,69688.84,69683.66500000001,0.0,0.00999999999476131,0.0014350565508805125,4.506070881614072e-05,5.594025761429621e-06,352,5.866666666666666,0.10843749999962297,142.1999999999971,4.126761505845844e-05,0
BTC-USD,2026-04-06T15:08:24.477656831Z,69683.67,69683.66500000001,-7.418966627452129e-05,0.00999999999476131,0.0014350565508805125,4.519658572115694e-05,5.367367545418397e-06,353,5.883333333333334,0.1081586402262381,142.1999999999971,4.113967484241347e-05,0
BTC-USD,2026-04-06T15:08:24.589451024Z,69683.67,69676.185,0.0,0.010000000009313226,0.001435210611676461,4.513342404611611e-05,5.35216253820758e-06,354,5.9,0.10788135593184,142.1999999999971,4.127227685992265e-05,0
BTC-USD,2026-04-06T15:08:24.755638929Z,69676.19,69676.185,-0.00010734798394863614,0.010000000009313226,0.001435210611676461,4.558801637811897e-05,5.0121618577558745e-06,353,5.883333333333334,0.1081586402262381,142.1999999999971,4.0932262827931227e-05,0
BTC-USD,2026-04-06T15:08:25.089786195Z,69676.19,69676.185,0.0,0.010000000009313226,0.001435210611676461,4.5716502039216264e-05,5.040802782657078e-06,351,5.85,0.10871794871750262,142.1999999999971,4.100203722909706e-05,0
BTC-USD,2026-04-06T15:08:25.342180981Z,69676.19,69676.185,0.0,0.010000000009313226,0.001435210611676461,4.5716502039216264e-05,5.040802782657078e-06,351,5.85,0.10871794871750262,142.1999999999971,4.098849262034062e-05,0
BTC-USD,2026-04-06T15:08:25.587951545Z,69676.19,69676.185,0.0,0.010000000009313226,0.001435210611676461,4.57479389649033e-05,4.946490630473751e-06,350,5.833333333333333,0.10899999999960917,142.1999999999971,4.161270005577251e-05,0
BTC-USD,2026-04-06T15:08:25.851702983Z,69676.19,69668.995,0.0,0.00999999999476131,0.0014353587266130812,4.58779966189828e-05,4.975414982923216e-06,348,5.8,0.10956896551687842,142.1999999999971,4.153250432232967e-05,0
BTC-USD,2026-04-06T15:08:26.02098133Z,69675.0,69668.995,-1.7079150885313023e-05,0.00999999999476131,0.0014353587266130812,4.5827241034867975e-05,4.912039793646675e-06,349,5.816666666666666,0.10928366762139957,142.1999999999971,4.1582952523228176e-05,0
BTC-USD,2026-04-06T15:08:26.088899194Z,69675.0,69668.995,0.0,0.00999999999476131,0.0014353587266130812,4.576229207664983e-05,4.89796518105743e-06,350,5.833333333333333,0.10899999999960917,142.1999999999971,4.158190105895617e-05,0
BTC-USD,2026-04-06T15:08:26.218748845Z,69669.0,69668.995,-8.611780921617594e-05,0.00999999999476131,0.0014353587266130812,4.601949335660043e-05,4.651209280724547e-06,350,5.833333333333333,0.10899999999960917,142.1999999999971,4.138673803886629e-05,0
BTC-USD,2026-04-06T15:08:26.343015878Z,69669.0,69668.995,0.0,0.00999999999476131,0.0014353587266130812,4.5954374803327054e-05,4.6379201113510485e-06,351,5.85,0.10871794871754409,142.1999999999971,4.1335327596864244e-05,0
BTC-USD,2026-04-06T15:08:26.587335747Z,69669.0,69668.995,0.0,0.00999999999476131,0.0014353587266130812,4.600800538239979e-05,4.694463905735929e-06,350,5.833333333333333,0.10899999999960917,142.1999999999971,4.134477569026553e-05,0
BTC-USD,2026-04-06T15:08:26.705752939Z,69668.99,69668.995,-1.435358726082489e-07,0.00999999999476131,0.0014353587266130812,4.588097907933113e-05,4.863781845692775e-06,350,5.833333333333333,0.10899999999960917,142.1999999999971,4.134477864537714e-05,0
BTC-USD,2026-04-06T15:08:26.842883326Z,69668.99,69668.41500000001,0.0,0.00999999999476131,0.0014353706761896779,4.59460663480913e-05,4.878171390498111e-06,349,5.816666666666666,0.10928366762139957,142.1999999999971,4.139426233556336e-05,0
BTC-USD,2026-04-06T15:08:27.089630592Z,69668.99,69668.41500000001,0.0,0.00999999999476131,0.0014353706761896779,4.6011476056961854e-05,4.8922295213064635e-06,348,5.8,0.10956896551687842,142.1999999999971,4.134979657662281e-05,0
BTC-USD,2026-04-06T15:08:27.113685437Z,69669.0,69668.41500000001,1.4353587265585042e-07,0.00999999999476131,0.0014353706761896779,4.594602319897209e-05,4.878583849902295e-06,349,5.816666666666666,0.10928366762139957,142.1999999999971,4.140915876925186e-05,0
BTC-USD,2026-04-06T15:08:27.322863602Z,69668.42,69668.41500000001,-8.325114674914114e-06,0.00999999999476131,0.0014353706761896779,4.5885578720770536e-05,4.8407509028397835e-06,350,5.833333333333333,0.10899999999960917,142.1999999999971,4.146652010794456e-05,0
BTC-USD,2026-04-06T15:08:27.342056754Z,69668.42,69668.41500000001,0.0,0.00999999999476131,0.0014353706761896779,4.588557872077053e-05,4.8407509028397835e-06,350,5.833333333333333,0.10899999999960917,142.1999999999971,4.1466520107944566e-05,0
BTC-USD,2026-04-06T15:08:27.58747445Z,69668.42,69668.41500000001,0.0,0.00999999999476131,0.0014353706761896779,4.582070949979845e-05,4.826920185974527e-06,351,5.85,0.10871794871754409,142.1999999999971,4.141465513959984e-05,0
BTC-USD,2026-04-06T15:08:27.840812723Z,69668.42,69668.41500000001,0.0,0.00999999999476131,0.0014353706761896779,4.588562153535943e-05,4.840338926488343e-06,350,5.833333333333333,0.10739999999961583,142.19000000000233,4.13682518810247e-05,0
BTC-USD,2026-04-06T15:08:28.089328492Z,69668.42,69668.41500000001,0.0,0.00999999999476131,0.0014353706761896779,4.601688664054564e-05,4.854563588764281e-06,348,5.8,0.10795977011458625,141.86000000000058,4.1368255991180233e-05,0
BTC-USD,2026-04-06T15:08:28.25689222Z,69668.41,69668.41500000001,-1.4353706765248412e-07,0.00999999999476131,0.0014353706761896779,4.59515017104955e-05,4.840201230556187e-06,349,5.816666666666666,0.10767908309418561,141.86000000000058,4.136825866963369e-05,0
BTC-USD,2026-04-06T15:08:28.344250579Z,69668.41,69671.08499999999,0.0,0.00999999999476131,0.0014353156685820686,4.601693092207457e-05,4.854149937272487e-06,348,5.8,0.10795977011458625,141.86000000000058,4.1394416708939474e-05,0
BTC-USD,2026-04-06T15:08:28.504450379Z,69668.99,69671.08499999999,8.325115869973568e-06,0.00999999999476131,0.0014353156685820686,4.595114269497506e-05,4.864123977308985e-06,349,5.816666666666666,0.10767908309418561,141.86000000000058,4.145098943786304e-05,0
BTC-USD,2026-04-06T15:08:28.842334444Z,69668.99,69671.08499999999,0.0,0.00999999999476131,0.0014353156685820686,4.6082264369497583e-05,4.892240300877629e-06,347,5.783333333333333,0.10824207492761169,141.86000000000058,4.1282934001768656e-05,0
BTC-USD,2026-04-06T15:08:29.023791528Z,69671.08,69671.08499999999,2.999854959392611e-05,0.00999999999476131,0.0014353156685820686,4.610119469775936e-05,4.978941311264699e-06,347,5.783333333333333,0.10824207492761169,141.86000000000058,4.130943630138438e-05,0
BTC-USD,2026-04-06T15:08:29.089071774Z,69671.08,69668.41500000001,0.0,0.00999999999476131,0.0014353706761896779,4.603549223426382e-05,4.964592777226472e-06,348,5.8,0.10795977011458625,141.86000000000058,4.130943630138438e-05,0
BTC-USD,2026-04-06T15:08:29.24352469Z,69668.99,69668.41500000001,-2.9998549593870935e-05,0.00999999999476131,0.0014353706761896779,4.6007383210003784e-05,4.864123977309526e-06,349,5.816666666666666,0.10767908309418561,141.86000000000058,4.133854468629473e-05,0
BTC-USD,2026-04-06T15:08:29.339175032Z,69668.99,69668.41500000001,0.0,0.00999999999476131,0.0014353706761896779,4.594215846834049e-05,4.850186659322966e-06,350,5.833333333333333,0.10739999999961583,141.86000000000058,4.139771591126763e-05,0
BTC-USD,2026-04-06T15:08:30.105189552Z,69668.99,69668.41500000001,0.0,0.00999999999476131,0.0014353706761896779,4.607288649664121e-05,4.878141625659122e-06,348,5.8,0.10795977011458625,141.86000000000058,4.110437946679782e-05,0
BTC-USD,2026-04-06T15:08:30.263074177Z,69668.41,69668.41500000001,-8.325115869857102e-06,0.00999999999476131,0.0014353706761896779,4.60120704118509e-05,4.840201230557063e-06,349,5.816666666666666,0.10767908309418561,141.86000000000058,4.1102304811007944e-05,0
BTC-USD,2026-04-06T15:08:30.341324606Z,69668.41,69668.41500000001,0.0,0.00999999999476131,0.0014353706761896779,4.6012113226283356e-05,4.839788072385628e-06,349,5.816666666666666,0.10767908309418561,141.85000000000582,4.1102304811007944e-05,0
BTC-USD,2026-04-06T15:08:30.6008335Z,69668.41,69665.82500000001,0.0,0.00999999999476131,0.0014354240396580833,4.60776308060744e-05,4.853735588444375e-06,348,5.8,0.10795977011458625,141.85000000000582,4.1192459380845255e-05,0
BTC-USD,2026-04-06T15:08:30.842850485Z,69668.41,69665.82500000001,0.0,0.00999999999476131,0.0014354240396580833,4.60499469943187e-05,4.753050588999673e-06,348,5.8,0.10795977011458625,139.41999999999825,4.1192459380845255e-05,0
BTC-USD,2026-04-06T15:08:31.02124921Z,69665.82,69665.82500000001,-3.717679424931604e-05,0.00999999999476131,0.0014354240396580833,4.610409568999236e-05,4.645912853410866e-06,348,5.8,0.10795977011458625,139.41999999999825,4.121860682290844e-05,0
BTC-USD,2026-04-06T15:08:31.087641927Z,69665.82,69665.82500000001,0.0,0.00999999999476131,0.0014354240396580833,4.603847820189136e-05,4.632562529119455e-06,349,5.816666666666666,0.10767908309418561,139.41999999999825,4.12767837581539e-05,0
BTC-USD,2026-04-06T15:08:31.339030595Z,69665.82,69665.82500000001,0.0,0.00999999999476131,0.0014354240396580833,4.603851912696435e-05,4.632149385441532e-06,349,5.816666666666666,0.10767908309418561,139.41999999999825,4.121860649368132e-05,0
BTC-USD,2026-04-06T15:08:31.58807565Z,69665.82,69665.82500000001,0.0,0.00999999999476131,0.0014354240396580833,4.610409439790548e-05,4.645912853410606e-06,348,5.8,0.10795977011458625,139.41999999999825,4.19859685458496e-05,0
BTC-USD,2026-04-06T15:08:31.754343506Z,69665.83,69665.82500000001,1.4354240387492218e-07,0.00999999999476131,0.0014354240396580833,4.610405335475564e-05,4.646326520280562e-06,348,5.8,0.10795977011458625,139.41999999999825,4.1985962618959436e-05,0
BTC-USD,2026-04-06T15:08:32.086138165Z,69665.83,69665.82500000001,0.0,0.00999999999476131,0.0014354240396580833,4.511270707671412e-05,4.118783409668452e-06,347,5.783333333333333,0.10824207492761169,126.40000000000873,4.1947003350025766e-05,0
BTC-USD,2026-04-06T15:08:32.262429287Z,69665.82,69665.82500000001,-1.4354240394021796e-07,0.00999999999476131,0.0014354240396580833,4.465877866160678e-05,3.7635925632531117e-06,347,5.783333333333333,0.10824207492761169,117.86000000000058,4.1954769209400106e-05,0
BTC-USD,2026-04-06T15:08:32.339611216Z,69665.82,69665.82500000001,0.0,0.00999999999476131,0.0014354240396580833,4.465877866160678e-05,3.7635925632531117e-06,347,5.783333333333333,0.10824207492761169,117.86000000000058,4.201331792066693e-05,0
BTC-USD,2026-04-06T15:08:32.591412568Z,69665.82,69670.795,0.0,0.5899999999965075,0.08468397698009726,4.4686737611473066e-05,3.666185699050975e-06,346,5.766666666666667,0.08604046242737892,117.52100000000792,4.1897249040901476e-05,0
BTC-USD,2026-04-06T15:08:32.834566961Z,69668.03,69670.795,3.17223704100712e-05,0.5899999999965075,0.08468397698009726,4.47338585909346e-05,3.863526106273122e-06,345,5.75,0.08794202898515968,117.52100000000792,4.192114052087984e-05,0
BTC-USD,2026-04-06T15:08:32.842390325Z,69668.03,69670.545,0.0,0.010000000009313226,0.0014353267954647442,4.466946275564817e-05,3.852327479878128e-06,346,5.766666666666667,0.0877167630054607,117.52100000000792,4.192114052087984e-05,0
BTC-USD,2026-04-06T15:08:33.089030449Z,69668.03,69670.545,0.0,0.010000000009313226,0.0014353267954647442,4.466946275564817e-05,3.852327479878128e-06,346,5.766666666666667,0.08520231213842215,117.52100000000792,4.1922818554234746e-05,0
BTC-USD,2026-04-06T15:08:33.121317609Z,69671.09,69670.545,4.3921620869771314e-05,0.010000000009313226,0.0014353267954647442,4.319820277160782e-05,3.3460077798638726e-06,346,5.766666666666667,0.08520231213842215,102.30999999999767,4.191576799063917e-05,0
BTC-USD,2026-04-06T15:08:33.343369261Z,69671.09,69666.465,0.0,1.2700000000040745,0.18229717842064683,4.319820277160783e-05,3.3460077798638726e-06,346,5.766666666666667,0.08884393063551684,102.30999999999767,4.1860101629062095e-05,0
BTC-USD,2026-04-06T15:08:33.525523713Z,69654.0,69666.465,-0.00024532552013004706,1.2700000000040745,0.18229717842064683,4.161130101602718e-05,1.6729924889547728e-06,345,5.75,0.09272463768079499,101.80000000000291,3.987126418636057e-05,0
BTC-USD,2026-04-06T15:08:33.589233667Z,69654.0,69668.61,0.0,1.1600000000034925,0.1665025324896668,4.155104836026774e-05,1.6681432353635995e-06,346,5.766666666666667,0.09580924855456001,101.80000000000291,3.992691027947456e-05,0
BTC-USD,2026-04-06T15:08:33.768474701Z,69670.0,69668.61,0.00022968045807377052,1.1600000000034925,0.1665025324896668,4.332127516579038e-05,2.333883693548442e-06,346,5.766666666666667,0.09913294797655056,101.80000000000291,3.7981576941595526e-05,0
BTC-USD,2026-04-06T15:08:33.841799422Z,69670.0,69668.65,0.0,1.0800000000017462,0.15501951021036667,4.325880830338626e-05,2.327138364954371e-06,347,5.783333333333333,0.10195965417835227,101.80000000000291,3.7981576941595526e-05,0
BTC-USD,2026-04-06T15:08:34.087443554Z,69670.0,69668.66,0.0,1.0399999999935972,0.1492780254412238,4.0966885779582326e-05,3.0844970515293734e-06,346,5.766666666666667,0.10520231213833298,101.80000000000291,3.792880115099228e-05,0
BTC-USD,2026-04-06T15:08:34.261907072Z,69668.14,69668.66,-2.6697643590078843e-05,1.0399999999935972,0.1492780254412238,4.082284749318175e-05,3.2020331619093033e-06,346,5.766666666666667,0.10817919075104639,101.80000000000291,3.795625482684818e-05,0
BTC-USD,2026-04-06T15:08:34.341114134Z,69668.14,69668.66,0.0,1.0399999999935972,0.1492780254412238,4.082284749318175e-05,3.2020331619093033e-06,346,5.766666666666667,0.11115606936375978,101.80000000000291,3.795625482684818e-05,0
BTC-USD,2026-04-06T15:08:34.588580372Z,69668.14,69668.685,0.0,0.9899999999906868,0.14210114630277387,4.082284749318175e-05,3.2020331619093033e-06,346,5.766666666666667,0.11398843930594453,101.80000000000291,3.7956251574787045e-05,0
BTC-USD,2026-04-06T15:08:34.84154926Z,69668.14,69668.69,0.0,0.9799999999959255,0.14066577109400585,4.082284749318175e-05,3.2020331619093033e-06,346,5.766666666666667,0.11679190751404038,101.80000000000291,3.785097884777345e-05,0
BTC-USD,2026-04-06T15:08:35.137499497Z,69668.14,69668.205,0.0,0.010000000009313226,0.0014353750048983211,4.051801956547798e-05,2.9089265687153384e-06,345,5.75,0.11171014492713806,99.0,3.779866434059775e-05,0
BTC-USD,2026-04-06T15:08:35.632936291Z,69668.14,69668.205,0.0,0.010000000009313226,0.0014353750048983211,4.069496796918005e-05,2.9340969451861044e-06,342,5.7,0.11260233918097338,99.0,3.769469382847042e-05,0
BTC-USD,2026-04-06T15:08:35.84220202Z,69668.14,69668.205,0.0,0.010000000009313226,0.0014353750048983211,4.069496796918005e-05,2.9340969451861044e-06,342,5.7,0.11260233918101593,99.0,3.77465740384994e-05,0
BTC-USD,2026-04-06T15:08:36.033691511Z,69668.2,69668.205,8.612254347048533e-07,0.010000000009313226,0.0014353750048983211,4.0635582985910963e-05,2.928035917377679e-06,343,5.716666666666667,0.11230320699684188,99.0,3.774652004563296e-05,0
BTC-USD,2026-04-06T15:08:36.086727559Z,69668.2,69668.205,0.0,0.010000000009313226,0.0014353750048983211,4.05766113093069e-05,2.9194993695136042e-06,344,5.733333333333333,0.11200581395327348,99.0,3.7798614908248146e-05,0
BTC-USD,2026-04-06T15:08:36.341385754Z,69668.2,69668.205,0.0,0.010000000009313226,0.0014353750048983211,4.057661130930689e-05,2.9194993695136042e-06,344,5.733333333333333,0.11200581395331578,99.0,3.7798614908248146e-05,0
BTC-USD,2026-04-06T15:08:36.517074818Z,69668.21,69668.205,1.4353750046461548e-07,0.010000000009313226,0.0014353750048983211,4.057559656369767e-05,3.039369616973802e-06,343,5.716666666666667,0.11230320699696915,99.0,3.785092130237776e-05,0
BTC-USD,2026-04-06T15:08:36.59328057Z,69668.21,69658.055,0.0,0.00999999999476131,0.0014355841538729887,4.0545747399763856e-05,3.1149952106059843e-06,343,5.716666666666667,0.11230320699696915,99.0,3.785092130237777e-05,0
BTC-USD,2026-04-06T15:08:36.721201579Z,69660.98,69658.055,-0.00010378299057792813,0.00999999999476131,0.0014355841538729887,4.089477980287801e-05,2.8033392753624447e-06,344,5.733333333333333,0.11200581395335808,99.0,3.7508528577299085e-05,0
BTC-USD,2026-04-06T15:08:36.845667077Z,69660.98,69658.055,0.0,0.00999999999476131,0.0014355841538729887,4.095424249165745e-05,2.8115361738284168e-06,343,5.716666666666667,0.11230320699696915,99.0,3.750852857729909e-05,0
BTC-USD,2026-04-06T15:08:37.020776976Z,69660.64,69658.055,-4.880793088603183e-06,0.00999999999476131,0.0014355841538729887,4.0896601893058393e-05,2.78910955790296e-06,344,5.733333333333333,0.11200581395335808,99.0,3.755988056961492e-05,0
BTC-USD,2026-04-06T15:08:37.08974511Z,69660.64,69658.055,0.0,0.00999999999476131,0.0014355841538729887,4.089657258482446e-05,2.789528480632957e-06,344,5.733333333333333,0.11200581395335808,99.0,3.7559880569614917e-05,0
BTC-USD,2026-04-06T15:08:37.257712463Z,69658.05,69658.055,-3.718094105384309e-05,0.00999999999476131,0.0014355841538729887,4.089374574799484e-05,2.6733352552420384e-06,345,5.75,0.11171014492739113,99.0,3.756101384659467e-05,0
BTC-USD,2026-04-06T15:08:37.341585912Z,69658.05,69658.055,0.0,0.00999999999476131,0.0014355841538729887,4.089374574799484e-05,2.6733352552420384e-06,345,5.75,0.11171014492739113,99.0,3.7613583501303204e-05,0
BTC-USD,2026-04-06T15:08:37.587298212Z,69658.05,69658.055,0.0,0.00999999999476131,0.0014355841538729887,4.089374574799484e-05,2.6733352552420384e-06,345,5.75,0.11171014492739113,99.0,3.766637450202528e-05,0
BTC-USD,2026-04-06T15:08:37.840746278Z,69658.05,69658.055,0.0,0.00999999999476131,0.0014355841538729887,4.089374574799484e-05,2.6733352552420384e-06,345,5.75,0.11171014492739113,99.0,3.766637450202528e-05,0
BTC-USD,2026-04-06T15:08:38.087512744Z,69658.05,69658.055,0.0,0.00999999999476131,0.0014355841538729887,4.081972470123125e-05,2.4951334631283945e-06,344,5.733333333333333,0.11200581395335808,99.0,3.784534594512529e-05,0
BTC-USD,2026-04-06T15:08:38.340430153Z,69658.05,69658.055,0.0,0.00999999999476131,0.0014355841538729887,4.08763858226067e-05,2.521754799235005e-06,343,5.716666666666667,0.11230320699696915,99.0,3.77924538083777e-05,0
BTC-USD,2026-04-06T15:08:38.588383101Z,69658.05,69658.055,0.0,0.00999999999476131,0.0014355841538729887,4.08677092018699e-05,2.7047862582446945e-06,341,5.683333333333334,0.11290322580636626,99.0,3.773978148273385e-05,0
BTC-USD,2026-04-06T15:08:38.839770941Z,69658.05,69658.055,0.0,0.00999999999476131,0.0014355841538729887,4.080800397503639e-05,2.6968543337337133e-06,342,5.7,0.11260233918118613,99.0,3.7739784338872915e-05,0
BTC-USD,2026-04-06T15:08:39.001087734Z,69658.06,69658.055,1.435584152870403e-07,0.00999999999476131,0.0014355841538729887,4.080797689148401e-05,2.6972753261539098e-06,342,5.7,0.11260233918118613,99.0,3.768732877760674e-05,0
BTC-USD,2026-04-06T15:08:39.086827416Z,69658.06,69658.055,0.0,0.00999999999476131,0.0014355841538729887,4.07485326938202e-05,2.6893885561943954e-06,343,5.716666666666667,0.11230320699696915,99.0,3.773978014395082e-05,0
BTC-USD,2026-04-06T15:08:39.34213749Z,69658.06,69658.055,0.0,0.00999999999476131,0.0014355841538729887,4.07485326938202e-05,2.6893885561943954e-06,343,5.716666666666667,0.11230320699696915,99.0,3.773978014395082e-05,0
BTC-USD,2026-04-06T15:08:39.511620275Z,69658.05,69658.055,-1.4355841535693292e-07,0.00999999999476131,0.0014355841538729887,4.068937582775366e-05,2.6811292355776277e-06,344,5.733333333333333,0.11200581395335808,99.0,3.7792452466067014e-05,0
BTC-USD,2026-04-06T15:08:39.590311737Z,69658.05,69658.055,0.0,0.00999999999476131,0.0014355841538729887,4.068937582775366e-05,2.6811292355776277e-06,344,5.733333333333333,0.11063953488358726,99.0,3.784534459503323e-05,0
BTC-USD,2026-04-06T15:08:40.087810792Z,69658.05,69658.055,0.0,0.00999999999476131,0.0014355841538729887,4.07427559766642e-05,2.643173056199916e-06,343,5.716666666666667,0.10906705539342648,97.91000000000349,3.7805454442370224e-05,0
BTC-USD,2026-04-06T15:08:40.340527768Z,69658.05,69658.055,0.0,0.00999999999476131,0.0014355841538729887,4.080239990921245e-05,2.6467105680057922e-06,342,5.7,0.10771929824547617,97.80999999999767,3.7768076757687014e-05,0
BTC-USD,2026-04-06T15:08:40.595646023Z,69658.05,69658.055,0.0,0.00999999999476131,0.0014355841538729887,4.086210653627334e-05,2.6544950108528682e-06,341,5.683333333333334,0.10680351906145043,97.80999999999767,3.766388924522258e-05,0
BTC-USD,2026-04-06T15:08:40.774362194Z,69649.0,69658.055,-0.000129928815702247,0.00999999999476131,0.0014355841538729887,4.142720641568507e-05,2.265687648057854e-06,342,5.7,0.10652046783610923,97.80999999999767,3.7091085881273326e-05,0
BTC-USD,2026-04-06T15:08:40.84116076Z,69649.0,69658.055,0.0,0.00999999999476131,0.0014355841538729887,4.142738214337676e-05,2.260209809633876e-06,342,5.7,0.10631578947351572,97.68000000000757,3.7142419094139286e-05,0
BTC-USD,2026-04-06T15:08:41.088831452Z,69649.0,69658.055,0.0,0.00999999999476131,0.0014355841538729887,4.148825964272694e-05,2.260518325549254e-06,341,5.683333333333334,0.10639296187661607,97.55999999999767,3.708874646570163e-05,0
BTC-USD,2026-04-06T15:08:41.259996324Z,69658.05,69658.055,0.00012992881570227362,0.00999999999476131,0.0014355841538729887,4.206011687530118e-05,2.642661901144176e-06,341,5.683333333333334,0.10639296187657339,97.55999999999767,3.6473506428202855e-05,0
BTC-USD,2026-04-06T15:08:41.34173767Z,69658.05,69658.055,0.0,0.00999999999476131,0.0014355841538729887,4.206008959844966e-05,2.6430845113857426e-06,341,5.683333333333334,0.10639296187653072,97.55999999999767,3.652384889359292e-05,0
BTC-USD,2026-04-06T15:08:41.58702767Z,69658.05,69658.055,0.0,0.00999999999476131,0.0014355841538729887,4.206008959844966e-05,2.6430845113857426e-06,341,5.683333333333334,0.10639296187648804,97.55999999999767,3.6473506428202855e-05,0
BTC-USD,2026-04-06T15:08:41.840350148Z,69658.05,69658.255,0.0,0.00999999999476131,0.001435580032081095,4.206008959844966e-05,2.6430845113857426e-06,341,5.683333333333334,0.10639296187644537,97.55999999999767,3.6474410888121274e-05,0
BTC-USD,2026-04-06T15:08:42.019925262Z,69658.06,69658.255,1.435584152870403e-07,0.00999999999476131,0.001435580032081095,4.206006378363696e-05,2.64350674201894e-06,341,5.683333333333334,0.1063929618764027,97.55999999999767,3.647441157845462e-05,0
BTC-USD,2026-04-06T15:08:42.08732504Z,69658.06,69658.255,0.0,0.00999999999476131,0.001435580032081095,4.199859011386138e-05,2.6357545228341337e-06,342,5.7,0.1061111111106669,97.55999999999767,3.647441157845462e-05,0
BTC-USD,2026-04-06T15:08:42.294475635Z,69658.25,69658.255,2.727605978184914e-06,0.00999999999476131,0.001435580032081095,4.1998347101826915e-05,2.6437533673449397e-06,342,5.7,0.10611111111062435,97.55999999999767,3.6474157101448987e-05,0
BTC-USD,2026-04-06T15:08:42.339066856Z,69658.25,69658.255,0.0,0.00999999999476131,0.001435580032081095,4.193714400974224e-05,2.6360230943410074e-06,343,5.716666666666667,0.10583090378958684,97.55999999999767,3.652450040498395e-05,0
BTC-USD,2026-04-06T15:08:42.57454611Z,69658.26,69658.255,1.435580031723127e-07,0.00999999999476131,0.001435580032081095,4.193711834141925e-05,2.6364428545842013e-06,343,5.716666666666667,0.10583090378954442,97.55999999999767,3.647415710144121e-05,0
BTC-USD,2026-04-06T15:08:42.588171463Z,69658.26,69658.255,0.0,0.00999999999476131,0.001435580032081095,4.193714403224264e-05,2.63602271574722e-06,343,5.716666666666667,0.105830903789502,97.55999999999767,3.652450040497621e-05,0
BTC-USD,2026-04-06T15:08:42.846613907Z,69658.26,69658.055,0.0,0.00999999999476131,0.0014355841538729887,4.1937144032242644e-05,2.63602271574722e-06,343,5.716666666666667,0.10583090378945957,97.55999999999767,3.6446969151168114e-05,0
BTC-USD,2026-04-06T15:08:43.089658721Z,69658.26,69655.465,0.0,0.00999999999476131,0.0014356375332159955,4.193711690191426e-05,2.636442854583865e-06,343,5.716666666666667,0.10583090378941715,97.55999999999767,3.6446969151168114e-05,0
BTC-USD,2026-04-06T15:08:43.238128742Z,69656.39,69655.465,-2.684570502971344e-05,0.00999999999476131,0.0014356375332159955,4.196709187144663e-05,2.557946641046691e-06,343,5.716666666666667,0.10583090378937472,97.55999999999767,3.6460340354428905e-05,0
BTC-USD,2026-04-06T15:08:43.347199408Z,69656.39,69646.055,0.0,0.00999999999476131,0.0014358315047078131,4.196709187144663e-05,2.557946641046691e-06,343,5.716666666666667,0.1058309037893323,97.55999999999767,3.6460340354428905e-05,0
BTC-USD,2026-04-06T15:08:43.473301881Z,69650.0,69646.055,-9.174022820457184e-05,0.00999999999476131,0.0014358315047078131,4.221316193145007e-05,2.2830248484938676e-06,344,5.733333333333333,0.10555232558062715,97.55999999999767,3.613847984698363e-05,0
BTC-USD,2026-04-06T15:08:43.587802385Z,69650.0,69646.055,0.0,0.00999999999476131,0.0014358315047078131,4.2151940141861595e-05,2.276388148352897e-06,345,5.75,0.10527536231805941,97.55999999999767,3.613847984698363e-05,0
BTC-USD,2026-04-06T15:08:43.744841417Z,69647.69,69646.055,-3.316637914397047e-05,0.00999999999476131,0.0014358315047078131,4.219494534533486e-05,2.1799742554925177e-06,345,5.75,0.10527536231805941,97.55999999999767,3.609498210903678e-05,0
BTC-USD,2026-04-06T15:08:43.842053107Z,69647.69,69646.055,0.0,0.00999999999476131,0.0014358315047078131,4.225624482716938e-05,2.1863298655668395e-06,344,5.733333333333333,0.10555232558062715,97.55999999999767,3.609498210903678e-05,0
BTC-USD,2026-04-06T15:08:44.024037779Z,69646.05,69646.055,-2.35473611387748e-05,0.00999999999476131,0.0014358315047078131,4.221752039069081e-05,2.111522624275149e-06,345,5.75,0.10527536231805941,97.55999999999767,3.6122184225055286e-05,0
BTC-USD,2026-04-06T15:08:44.341644289Z,69646.05,69646.055,0.0,0.00999999999476131,0.0014358315047078131,4.227881818158771e-05,2.118516494975306e-06,344,5.733333333333333,0.10555232558062715,97.55999999999767,3.617011033806372e-05,0
BTC-USD,2026-04-06T15:08:44.592893143Z,69646.05,69642.515,0.0,0.010000000009313226,0.0014359044915757601,4.234057125046691e-05,2.1167283577895743e-06,343,5.716666666666667,0.10583090378937472,97.3700000000099,3.611173966687102e-05,0
BTC-USD,2026-04-06T15:08:44.740782768Z,69645.0,69642.515,-1.5076345537203132e-05,0.010000000009313226,0.0014359044915757601,4.229836931159218e-05,1.9529086432747475e-06,343,5.716666666666667,0.10583090378941715,94.52000000000407,3.6151908964186e-05,0
BTC-USD,2026-04-06T15:08:45.088902882Z,69645.0,69644.005,0.0,0.00999999999476131,0.0014358737690001186,4.200548698808573e-05,1.6373283705624368e-06,341,5.683333333333334,0.10639296187618932,86.77999999999884,3.600428879876832e-05,0
BTC-USD,2026-04-06T15:08:45.236643659Z,69638.0,69644.005,-0.00010051477934694608,0.00999999999476131,0.0014358737690001186,4.236811285443081e-05,1.3416966666008305e-06,341,5.683333333333334,0.10639296187618932,86.77999999999884,3.566396334134751e-05,0
BTC-USD,2026-04-06T15:08:45.345402785Z,69638.0,69647.815,0.0,0.010000000009313226,0.0014357952233409225,4.236811285443081e-05,1.3416966666008305e-06,341,5.683333333333334,0.106392961876232,86.77999999999884,3.570089735054422e-05,0
BTC-USD,2026-04-06T15:08:45.478840328Z,69646.21,69647.815,0.00011788845281912757,0.010000000009313226,0.0014357952233409225,4.277276412393591e-05,1.6834760101566275e-06,342,5.7,0.10611111111053925,86.77999999999884,3.522167264976799e-05,0
BTC-USD,2026-04-06T15:08:45.587757879Z,69646.21,69647.815,0.0,0.010000000009313226,0.0014357952233409225,4.27102817930575e-05,1.6785535656824853e-06,343,5.716666666666667,0.10583090378954442,86.77999999999884,3.569002074667881e-05,0
BTC-USD,2026-04-06T15:08:45.733962563Z,69647.82,69647.815,2.3116568600551304e-05,0.010000000009313226,0.0014357952233409225,4.272586090046189e-05,1.7461458715320504e-06,343,5.716666666666667,0.10583090378958684,86.77999999999884,3.567009937840617e-05,0
BTC-USD,2026-04-06T15:08:46.09045241Z,69647.82,69642.515,0.0,0.010000000009313226,0.0014359044915757601,4.2788358137450005e-05,1.7512665339119099e-06,342,5.7,0.1061111111106669,86.77999999999884,3.571016658128846e-05,0
BTC-USD,2026-04-06T15:08:46.268604136Z,69646.8,69642.515,-1.4645217453769836e-05,0.010000000009313226,0.0014359044915757601,4.273492769753505e-05,1.7033235982754135e-06,343,5.716666666666667,0.1058309037896717,86.77999999999884,3.5701566686913936e-05,0
BTC-USD,2026-04-06T15:08:46.343804099Z,69646.8,69644.935,0.0,0.010000000009313226,0.0014358545972242241,4.273492769753505e-05,1.7033235982754135e-06,343,5.716666666666667,0.10583090378971412,86.77999999999884,3.566195372622275e-05,0
BTC-USD,2026-04-06T15:08:46.518967537Z,69642.51,69644.935,-6.159840983298075e-05,0.010000000009313226,0.0014358545972242241,4.280885546442801e-05,1.5187704395837046e-06,344,5.733333333333333,0.10555232558105017,86.77999999999884,3.556316847129927e-05,0
BTC-USD,2026-04-06T15:08:46.58961632Z,69642.51,69647.945,0.0,0.9499999999970896,0.136400291494184,4.274666620946348e-05,1.5143554092360776e-06,345,5.75,0.10799999999964738,86.77999999999884,3.556316847129927e-05,0
BTC-USD,2026-04-06T15:08:46.766560592Z,69644.96,69647.945,3.517904374681737e-05,0.9499999999970896,0.136400291494184,4.278498401184746e-05,1.6166200712907792e-06,345,5.75,0.11072463768081355,86.77999999999884,3.552338703232703e-05,0
BTC-USD,2026-04-06T15:08:46.84345444Z,69644.96,69647.93,0.0,0.1200000000098953,0.017229514216703254,4.278498401184746e-05,1.6166200712907792e-06,345,5.75,0.11104347826056755,86.77999999999884,3.552338703232703e-05,0
BTC-USD,2026-04-06T15:08:47.087476498Z,69644.96,69647.875,0.0,0.010000000009313226,0.0014357939864372352,4.272302018909193e-05,1.6119342160116755e-06,346,5.766666666666667,0.11075144508643099,86.77999999999884,3.5571738922635945e-05,0
BTC-USD,2026-04-06T15:08:47.24247054Z,69647.87,69647.875,4.178248084137708e-05,0.010000000009313226,0.0014357939864372352,4.277746565528004e-05,1.733042856131609e-06,346,5.766666666666667,0.11075144508647304,86.77999999999884,3.550644029060182e-05,0
BTC-USD,2026-04-06T15:08:47.340382913Z,69647.87,69647.875,0.0,0.010000000009313226,0.0014357939864372352,4.27157050919103e-05,1.7280340617497258e-06,347,5.783333333333333,0.1104610951006599,86.77999999999884,3.555490544464481e-05,0
BTC-USD,2026-04-06T15:08:47.588517324Z,69647.87,69647.875,0.0,0.010000000009313226,0.0014357939864372352,4.27157050919103e-05,1.7280340617497258e-06,347,5.783333333333333,0.11046109510070184,86.77999999999884,3.5585299846431056e-05,0
BTC-USD,2026-04-06T15:08:47.841841986Z,69647.87,69647.875,0.0,0.010000000009313226,0.0014357939864372352,4.277746565528004e-05,1.733042856131609e-06,346,5.766666666666667,0.11075144508659922,86.77999999999884,3.5537055843337206e-05,0
BTC-USD,2026-04-06T15:08:48.087176137Z,69647.87,69647.875,0.0,0.010000000009313226,0.0014357939864372352,4.2715705091910294e-05,1.7280340617497258e-06,347,5.783333333333333,0.11046109510078571,86.77999999999884,3.558759982065464e-05,0
BTC-USD,2026-04-06T15:08:48.341711453Z,69647.87,69643.98,0.0,1.8999999999941792,0.2728161141844822,4.277746565528005e-05,1.733042856131609e-06,346,5.766666666666667,0.11621387283230433,86.77999999999884,3.553947736663681e-05,0
BTC-USD,2026-04-06T15:08:48.527888602Z,69641.17,69643.98,-9.62028312516972e-05,1.8999999999941792,0.2728161141844822,4.303793210132584e-05,1.4499911968604274e-06,347,5.783333333333333,0.12135446685870743,86.77999999999884,3.5231045827068155e-05,0
BTC-USD,2026-04-06T15:08:48.587585589Z,69641.17,69644.69,0.0,0.47999999999592546,0.06892126305622517,4.297594333643012e-05,1.4458125478781208e-06,348,5.8,0.1223850574711707,86.77999999999884,3.5278873616891966e-05,0
BTC-USD,2026-04-06T15:08:48.843919225Z,69641.17,69644.485,0.0,0.010000000009313226,0.001435863874837071,4.3037932101325846e-05,1.4499911968604274e-06,347,5.783333333333333,0.12270893371754235,86.77999999999884,3.5278873616891966e-05,0
BTC-USD,2026-04-06T15:08:48.86029075Z,69644.94,69644.485,5.4133179552765334e-05,0.010000000009313226,0.001435863874837071,4.306856423513004e-05,1.601815947165629e-06,348,5.8,0.12238505747125433,86.77999999999884,3.521531152096307e-05,0
BTC-USD,2026-04-06T15:08:49.124202384Z,69644.94,69644.455,0.0,0.010000000009313226,0.0014358644933488568,4.306856423513004e-05,1.601815947165629e-06,348,5.8,0.12238505747129615,86.77999999999884,3.5215311520963066e-05,0
BTC-USD,2026-04-06T15:08:49.339639463Z,69644.94,69644.455,0.0,0.010000000009313226,0.0014358644933488568,4.30067250692685e-05,1.597213027777222e-06,349,5.816666666666666,0.12206303724934205,86.77999999999884,3.5263383315128205e-05,0
BTC-USD,2026-04-06T15:08:49.493285745Z,69644.45,69644.455,-7.035711765328954e-06,0.010000000009313226,0.0014358644933488568,4.3009124856070145e-05,1.5769954652331734e-06,349,5.816666666666666,0.12206303724938374,86.77999999999884,3.526129072946377e-05,0
BTC-USD,2026-04-06T15:08:49.588344179Z,69644.45,69642.515,0.0,0.010000000009313226,0.0014359044915757601,4.294754571867272e-05,1.5724768535849408e-06,350,5.833333333333333,0.12174285714298354,86.77999999999884,3.610209225819793e-05,0
BTC-USD,2026-04-06T15:08:49.743190685Z,69642.51,69642.515,-2.785616112415625e-05,0.010000000009313226,0.0014359044915757601,4.2976269393373836e-05,1.492659772999966e-06,350,5.833333333333333,0.12174285714302512,86.77999999999884,3.60710827843597e-05,0
BTC-USD,2026-04-06T15:08:49.838962208Z,69642.51,69642.515,0.0,0.010000000009313226,0.0014359044915757601,4.2914904762683376e-05,1.4883950307913945e-06,351,5.85,0.12142450142469545,86.77999999999884,3.607197451368049e-05,0
BTC-USD,2026-04-06T15:08:50.090520394Z,69642.51,69639.92499999999,0.0,0.00999999999476131,0.001435957892654438,4.291490476268338e-05,1.4883950307913945e-06,351,5.85,0.12142450142469545,86.77999999999884,3.602283224686235e-05,0
BTC-USD,2026-04-06T15:08:50.339929968Z,69642.51,69639.92499999999,0.0,0.00999999999476131,0.001435957892654438,4.2976269393373836e-05,1.492659772999966e-06,350,5.833333333333333,0.1217428571430667,86.77999999999884,3.602146578295991e-05,0
BTC-USD,2026-04-06T15:08:50.482246125Z,69639.92,69639.92499999999,-3.7190620529728446e-05,0.00999999999476131,0.001435957892654438,4.296447259460878e-05,1.3821361149921703e-06,351,5.85,0.12142450142469545,86.77999999999884,3.596706636647763e-05,0
BTC-USD,2026-04-06T15:08:50.587826227Z,69639.92,69639.92499999999,0.0,0.00999999999476131,0.001435957892654438,4.290328923444861e-05,1.378198405262848e-06,352,5.866666666666666,0.12110795454563314,86.77999999999884,3.596706636647763e-05,0
BTC-USD,2026-04-06T15:08:50.839870007Z,69639.92,69639.92499999999,0.0,0.00999999999476131,0.001435957892654438,4.290328923444861e-05,1.378198405262848e-06,352,5.866666666666666,0.12110795454563314,86.77999999999884,3.601600833997376e-05,0
BTC-USD,2026-04-06T15:08:51.090426014Z,69639.92,69635.005,0.0,0.00999999999476131,0.0014360593489957112,4.290328923444861e-05,1.378198405262848e-06,352,5.866666666666666,0.12110795454563314,86.77999999999884,3.601600833997377e-05,0
BTC-USD,2026-04-06T15:08:51.268068786Z,69637.33,69635.005,-3.719200372343766e-05,0.00999999999476131,0.0014360593489957112,4.2952461362343855e-05,1.2722382806946496e-06,352,5.866666666666666,0.12110795454563314,86.77999999999884,3.5961156761988586e-05,0
BTC-USD,2026-04-06T15:08:51.341465424Z,69637.33,69634.745,0.0,0.00999999999476131,0.0014360647109085145,4.289145940058813e-05,1.2686239673972216e-06,353,5.883333333333334,0.12079320113330771,86.77999999999884,3.5961156761988586e-05,0
BTC-USD,2026-04-06T15:08:51.592663004Z,69637.33,69629.565,0.0,0.010000000009313226,0.0014361715471457024,4.291421131969672e-05,1.1719608610134036e-06,352,5.866666666666666,0.12110795454567448,84.33000000000175,3.5913803289303754e-05,0
BTC-USD,2026-04-06T15:08:51.774214308Z,69630.14,69629.565,-0.0001032545504904026,0.010000000009313226,0.0014361715471457024,4.327363126886142e-05,8.777883524937381e-07,352,5.866666666666666,0.12110795454571582,84.33000000000175,3.5718879275897615e-05,0
BTC-USD,2026-04-06T15:08:51.841636953Z,69630.14,69632.765,0.0,0.010000000009313226,0.0014361055473401387,4.3212144580161746e-05,8.752946355832445e-07,353,5.883333333333334,0.1207932011334314,84.33000000000175,3.5767433934659694e-05,0
BTC-USD,2026-04-06T15:08:52.005803254Z,69632.0,69632.765,2.6712213385721396e-05,0.010000000009313226,0.0014361055473401387,4.2485943209746124e-05,5.222739404182052e-07,353,5.883333333333334,0.12079320113347261,80.52000000000407,3.574304243210288e-05,0
BTC-USD,2026-04-06T15:08:52.089114883Z,69632.0,69632.765,0.0,0.010000000009313226,0.0014361055473401387,4.2485943209746124e-05,5.222739404182052e-07,353,5.883333333333334,0.12079320113351384,80.52000000000407,3.606397178670798e-05,0
BTC-USD,2026-04-06T15:08:52.276915313Z,69632.76,69632.765,1.0914462495851117e-05,0.010000000009313226,0.0014361055473401387,4.2489533362797646e-05,5.532809361450551e-07,353,5.883333333333334,0.12079320113355506,80.52000000000407,3.60285145087332e-05,0
BTC-USD,2026-04-06T15:08:52.350013187Z,69632.76,69632.765,0.0,0.010000000009313226,0.0014361055473401387,4.248604095523662e-05,5.226762991847022e-07,353,5.883333333333334,0.12079320113359629,80.52000000000407,3.60285145087332e-05,0
BTC-USD,2026-04-06T15:08:52.58828018Z,69632.76,69632.765,0.0,0.010000000009313226,0.0014361055473401387,4.248604095523662e-05,5.226762991847022e-07,353,5.883333333333334,0.1207932011336375,80.52000000000407,3.616202668982011e-05,0
BTC-USD,2026-04-06T15:08:52.84137601Z,69632.76,69632.765,0.0,0.010000000009313226,0.0014361055473401387,4.248604095523662e-05,5.226762991847022e-07,353,5.883333333333334,0.12079320113367874,80.52000000000407,3.6113112818843275e-05,0
BTC-USD,2026-04-06T15:08:53.088058726Z,69632.76,69632.765,0.0,0.010000000009313226,0.0014361055473401387,4.248604095523662e-05,5.226762991847022e-07,353,5.883333333333334,0.12079320113371995,80.52000000000407,3.616202668982012e-05,0
BTC-USD,2026-04-06T15:08:53.341458637Z,69632.76,69632.765,0.0,0.010000000009313226,0.0014361055473401387,4.248604095523662e-05,5.226762991847022e-07,353,5.883333333333334,0.12079320113376119,80.52000000000407,3.632603970577539e-05,0
BTC-USD,2026-04-06T15:08:53.492296534Z,69632.77,69632.765,1.4361055468345934e-07,0.010000000009313226,0.0014361055473401387,4.248603662365763e-05,5.230842837150529e-07,353,5.883333333333334,0.1207932011338024,80.52000000000407,3.6276949254915317e-05,0
BTC-USD,2026-04-06T15:08:53.588054527Z,69632.77,69632.765,0.0,0.010000000009313226,0.0014361055473401387,4.242582453082212e-05,5.216024585487213e-07,354,5.9,0.12048022598938295,80.52000000000407,3.632592374898512e-05,0
BTC-USD,2026-04-06T15:08:53.774085789Z,69632.76,69632.765,-1.4361055476832482e-07,0.010000000009313226,0.0014361055473401387,4.246354097566693e-05,4.475943197786442e-07,353,5.883333333333334,0.1207932011338024,80.52000000000407,3.632590160747591e-05,0
BTC-USD,2026-04-06T15:08:53.839658317Z,69632.76,69632.765,0.0,0.010000000009313226,0.0014361055473401387,4.240335833300478e-05,4.4632634720136756e-07,354,5.9,0.12048022598938295,80.52000000000407,3.637507489704284e-05,0
BTC-USD,2026-04-06T15:08:54.086517205Z,69632.76,69632.765,0.0,0.010000000009313226,0.0014361055473401387,4.240335833300478e-05,4.4632634720136756e-07,354,5.9,0.12048022598938295,80.52000000000407,3.63259016074759e-05,0
BTC-USD,2026-04-06T15:08:54.344022372Z,69632.76,69632.765,0.0,0.010000000009313226,0.0014361055473401387,4.2476949294455575e-05,3.2201681480973094e-07,352,5.866666666666666,0.12110795454617057,80.52000000000407,3.627692720112187e-05,0
BTC-USD,2026-04-06T15:08:54.471777023Z,69632.77,69632.765,1.4361055468345934e-07,0.010000000009313226,0.0014361055473401387,4.2416570867953876e-05,3.215099788434631e-07,353,5.883333333333334,0.12079320113388485,80.52000000000407,3.632592221037105e-05,0
BTC-USD,2026-04-06T15:08:54.593144071Z,69632.77,69638.36499999999,0.0,0.00999999999476131,0.0014359900601861218,4.246675138053293e-05,3.7112036341190487e-07,352,5.866666666666666,0.12110795454612923,80.52000000000407,3.670129589481938e-05,0
BTC-USD,2026-04-06T15:08:54.724697091Z,69635.21,69638.36499999999,3.50403588857201e-05,0.00999999999476131,0.0014359900601861218,4.2446514034982026e-05,4.696125183048259e-07,353,5.883333333333334,0.1207932011338024,80.52000000000407,3.671130441895253e-05,0
BTC-USD,2026-04-06T15:08:54.842022414Z,69635.21,69638.36499999999,0.0,0.00999999999476131,0.0014359900601861218,4.2446514034982026e-05,4.696125183048259e-07,353,5.883333333333334,0.12079320113376119,80.52000000000407,3.6686257983046744e-05,0
BTC-USD,2026-04-06T15:08:55.016648147Z,69638.36,69638.36499999999,4.5234713241448535e-05,0.00999999999476131,0.0014359900601861218,4.257382997162942e-05,5.994150724853231e-07,352,5.866666666666666,0.1211079545460052,80.52000000000407,3.666713746895197e-05,0
BTC-USD,2026-04-06T15:08:55.088434338Z,69638.36,69638.36499999999,0.0,0.00999999999476131,0.0014359900601861218,4.251332474056251e-05,5.977121887566715e-07,353,5.883333333333334,0.12079320113367874,80.52000000000407,3.666713746895197e-05,0
BTC-USD,2026-04-06T15:08:55.342139478Z,69638.36,69638.36499999999,0.0,0.00999999999476131,0.0014359900601861218,4.263420643783376e-05,5.900477391326748e-07,351,5.85,0.12142450142498566,80.52000000000407,3.666713746895198e-05,0
BTC-USD,2026-04-06T15:08:55.591293102Z,69638.36,69649.745,0.0,1.069999999992433,0.1536258316512764,4.176346426386369e-05,1.0642292917282372e-06,350,5.833333333333333,0.1247714285719225,80.52000000000407,3.666713746895198e-05,0
BTC-USD,2026-04-06T15:08:55.745792377Z,69647.68,69649.745,0.00013382532827990498,1.069999999992433,0.1536258316512764,4.230151619777078e-05,1.443546717408742e-06,351,5.85,0.12746438746485844,80.52000000000407,3.606643715859106e-05,0
BTC-USD,2026-04-06T15:08:55.843918443Z,69647.68,69652.455,0.0,0.010000000009313226,0.0014356995757454961,4.230151619777078e-05,1.443546717408742e-06,351,5.85,0.12746438746489988,80.52000000000407,3.606643715859106e-05,0
BTC-USD,2026-04-06T15:08:56.004255785Z,69650.28,69652.455,3.73300513561329e-05,0.010000000009313226,0.0014356995757454961,4.093187077150004e-05,9.578715448964638e-07,350,5.833333333333333,0.12780000000057043,66.02000000000407,3.606735509610221e-05,0
BTC-USD,2026-04-06T15:08:56.088290054Z,69650.28,69652.455,0.0,0.010000000009313226,0.0014356995757454961,4.087338682009309e-05,9.551347690539024e-07,351,5.85,0.12746438746498281,66.02000000000407,3.606735509610221e-05,0
BTC-USD,2026-04-06T15:08:56.254141107Z,69652.45,69652.455,3.115516831834594e-05,0.010000000009313226,0.0014356995757454961,4.0860793949683475e-05,9.395122416108108e-07,351,5.85,0.12746438746502425,63.470000000001164,3.608334311318165e-05,0
BTC-USD,2026-04-06T15:08:56.356157899Z,69652.45,69652.455,0.0,0.010000000009313226,0.0014356995757454961,4.0916093137921494e-05,9.121641403385124e-07,350,5.833333333333333,0.12780000000069516,63.020000000004075,3.608334311318165e-05,0
BTC-USD,2026-04-06T15:08:56.588386933Z,69652.45,69652.455,0.0,0.010000000009313226,0.0014356995757454961,4.09160931379215e-05,9.121641403385124e-07,350,5.833333333333333,0.12780000000073674,63.020000000004075,3.611697411407537e-05,0
BTC-USD,2026-04-06T15:08:56.734024268Z,69652.46,69652.455,1.4356995760803644e-07,0.010000000009313226,0.0014356995757454961,4.091608468658117e-05,9.125755155752118e-07,350,5.833333333333333,0.12780000000077832,63.020000000004075,3.611698848277198e-05,0
BTC-USD,2026-04-06T15:08:57.087646031Z,69652.46,69652.455,0.0,0.010000000009313226,0.0014356995757454961,4.091608468658117e-05,9.125755155752118e-07,350,5.833333333333333,0.1278000000008199,63.020000000004075,3.61025030999444e-05,0
BTC-USD,2026-04-06T15:08:57.271769789Z,69652.45,69652.455,-1.435699575702209e-07,0.010000000009313226,0.0014356995757454961,4.0974800703537976e-05,9.151979904261044e-07,349,5.816666666666666,0.12813753581749787,63.020000000004075,3.605345377289204e-05,0
BTC-USD,2026-04-06T15:08:57.340326502Z,69652.45,69652.455,0.0,0.010000000009313226,0.0014356995757454961,4.091608468319872e-05,9.125756466139952e-07,350,5.833333333333333,0.12780000000090305,63.020000000004075,3.6102474669562093e-05,0
BTC-USD,2026-04-06T15:08:57.589455905Z,69652.45,69652.455,0.0,0.010000000009313226,0.0014356995757454961,4.103376878157466e-05,9.178354486116992e-07,348,5.8,0.12847701149523302,63.020000000004075,3.6032715633311504e-05,0
BTC-USD,2026-04-06T15:08:57.743346034Z,69652.46,69652.455,1.4356995760803644e-07,0.010000000009313226,0.0014356995757454961,4.097479076303877e-05,9.156105477754817e-07,349,5.816666666666666,0.12813753581762294,63.020000000004075,3.6081581889535954e-05,0
BTC-USD,2026-04-06T15:08:57.842910831Z,69652.46,69652.455,0.0,0.010000000009313226,0.0014356995757454961,4.1033760248703575e-05,9.182491948872267e-07,348,5.8,0.12847701149531668,63.020000000004075,3.6081581889535954e-05,0
BTC-USD,2026-04-06T15:08:58.015571442Z,69652.45,69652.455,-1.435699575702209e-07,0.010000000009313226,0.0014356995757454961,4.0974800702616906e-05,9.151979904261421e-07,349,5.816666666666666,0.12813753581770634,63.020000000004075,3.6130617390320076e-05,0
BTC-USD,2026-04-06T15:08:58.088359722Z,69652.45,69652.455,0.0,0.010000000009313226,0.0014356995757454961,4.091608468227898e-05,9.125756466140328e-07,350,5.833333333333333,0.12780000000111094,63.020000000004075,3.613063321508143e-05,0
BTC-USD,2026-04-06T15:08:58.340579698Z,69652.45,69652.455,0.0,0.010000000009313226,0.0014356995757454961,4.091608468227898e-05,9.125756466140328e-07,350,5.833333333333333,0.12780000000115252,63.020000000004075,3.617988514337371e-05,0
BTC-USD,2026-04-06T15:08:58.588274809Z,69652.45,69652.455,0.0,0.010000000009313226,0.0014356995757454961,4.091608468227898e-05,9.125756466140328e-07,350,5.833333333333333,0.1278000000011941,63.020000000004075,3.6229339036916734e-05,0
BTC-USD,2026-04-06T15:08:59.109755044Z,69652.45,69652.455,0.0,0.010000000009313226,0.0014356995757454961,4.0974809194969174e-05,9.147853016613997e-07,349,5.816666666666666,0.12813753581787313,63.020000000004075,3.613061894321645e-05,0
BTC-USD,2026-04-06T15:08:59.151780909Z,69652.45,69652.455,0.0,0.010000000009313226,0.0014356995757454961,4.0916093136082016e-05,9.121641403385876e-07,350,5.833333333333333,0.12780000000127725,63.020000000004075,3.6179870810824166e-05,0
BTC-USD,2026-04-06T15:08:59.421979822Z,69652.45,69652.455,0.0,0.010000000009313226,0.0014356995757454961,4.097479925615271e-05,9.151979904260711e-07,349,5.816666666666666,0.12813753581795653,63.020000000004075,3.617987081082417e-05,0
BTC-USD,2026-04-06T15:08:59.516173939Z,69652.46,69652.455,1.4356995760803644e-07,0.010000000009313226,0.0014356995757454961,4.0974790762117697e-05,9.156105477755194e-07,349,5.816666666666666,0.12813753581799822,63.020000000004075,3.617990103360187e-05,0
BTC-USD,2026-04-06T15:08:59.595136547Z,69652.46,69652.455,0.0,0.010000000009313226,0.0014356995757454961,4.091607478240989e-05,9.129870218506612e-07,350,5.833333333333333,0.127800000001402,63.020000000004075,3.6229354990393446e-05,0
BTC-USD,2026-04-06T15:08:59.764301007Z,69652.45,69652.455,-1.435699575702209e-07,0.010000000009313226,0.0014356995757454961,4.08576203561133e-05,9.099682876237445e-07,351,5.85,0.12746438746581198,63.020000000004075,3.627899627821539e-05,0
BTC-USD,2026-04-06T15:08:59.841745795Z,69652.45,69652.455,0.0,0.010000000009313226,0.0014356995757454961,4.08576203561133e-05,9.099682876237445e-07,351,5.85,0.12746438746585342,63.020000000004075,3.632885826786509e-05,0
BTC-USD,2026-04-06T15:08:59.994622684Z,69652.46,69652.455,1.4356995760803644e-07,0.010000000009313226,0.0014356995757454961,4.0799397553666636e-05,9.077848165980587e-07,352,5.866666666666666,0.12713068181967008,63.020000000004075,3.632887278769872e-05,0
BTC-USD,2026-04-06T15:09:00.092936401Z,69652.46,69664.92499999999,0.0,0.00999999999476131,0.0014354425838772255,4.0741431294891675e-05,9.05205882459996e-07,353,5.883333333333334,0.1267988668569933,63.020000000004075,3.6328872787698723e-05,0
BTC-USD,2026-04-06T15:09:00.220155177Z,69664.92,69664.92499999999,0.00017887215555168447,0.00999999999476131,0.0014354425838772255,4.176877939205281e-05,1.4093615472453346e-06,354,5.9,0.12646892655512257,63.020000000004075,3.5159509759768556e-05,0
BTC-USD,2026-04-06T15:09:00.345259827Z,69664.92,69668.25,0.0,0.3200000000069849,0.045931970446650365,4.176877939205281e-05,1.4093615472453346e-06,354,5.9,0.12734463276984637,63.020000000004075,3.5208140434795566e-05,0
BTC-USD,2026-04-06T15:09:00.51622305Z,69665.82,69668.25,1.2918900739734467e-05,0.3200000000069849,0.045931970446650365,4.171421516052088e-05,1.4418743698229874e-06,355,5.916666666666667,0.12788732394516225,63.020000000004075,3.525131661564358e-05,0
BTC-USD,2026-04-06T15:09:00.589086447Z,69665.82,69668.14499999999,0.0,0.00999999999476131,0.0014353762389914806,4.16554914084962e-05,1.4378127518798241e-06,356,5.933333333333334,0.12755617977676226,63.020000000004075,3.530034808001642e-05,0
BTC-USD,2026-04-06T15:09:00.736723249Z,69668.14,69668.14499999999,3.330128563354117e-05,0.00999999999476131,0.0014353762389914806,4.168964462095599e-05,1.531214639044362e-06,356,5.933333333333334,0.12755617977676226,63.020000000004075,3.525877769698365e-05,0
BTC-USD,2026-04-06T15:09:00.843946635Z,69668.14,69666.82500000001,0.0,0.00999999999476131,0.0014354034355320928,4.168964462095599e-05,1.531214639044362e-06,356,5.933333333333334,0.12755617977676226,63.020000000004075,3.530796245589291e-05,0
BTC-USD,2026-04-06T15:09:01.109773019Z,69668.14,69658.215,0.0,0.00999999999476131,0.0014355808564375805,4.11611859606496e-05,9.817560738944952e-07,354,5.9,0.12822033898457016,63.020000000004075,3.931819270173946e-05,0
BTC-USD,2026-04-06T15:09:01.259575064Z,69658.22,69658.215,-0.00014239947152516245,0.00999999999476131,0.0014355808564375805,4.180152061687789e-05,5.767243575129785e-07,355,5.916666666666667,0.12788732394516225,63.020000000004075,3.864826743059126e-05,0
BTC-USD,2026-04-06T15:09:01.343673637Z,69658.22,69658.215,0.0,0.00999999999476131,0.0014355808564375805,4.166149273839665e-05,3.5993475392632614e-07,354,5.9,0.12822033898457016,63.020000000004075,3.872905827568335e-05,0
BTC-USD,2026-04-06T15:09:01.58773928Z,69658.22,69658.215,0.0,0.00999999999476131,0.0014355808564375805,4.166149273839665e-05,3.5993475392632614e-07,354,5.9,0.12822033898457016,63.020000000004075,3.8824089890483714e-05,0
BTC-USD,2026-04-06T15:09:01.746337986Z,69658.21,69658.215,-1.4355808562064728e-07,0.00999999999476131,0.0014355808564375805,4.1454887978075185e-05,5.787649838240734e-07,354,5.9,0.12822033898457016,63.020000000004075,3.8824086685550854e-05,0
BTC-USD,2026-04-06T15:09:01.840524735Z,69658.21,69658.215,0.0,0.00999999999476131,0.0014355808564375805,4.1454887978075185e-05,5.787649838240734e-07,354,5.9,0.12822033898457016,63.020000000004075,3.8824089890143356e-05,0
BTC-USD,2026-04-06T15:09:02.087590753Z,69658.21,69658.215,0.0,0.00999999999476131,0.0014355808564375805,4.147157835549886e-05,6.783114088853406e-07,353,5.883333333333334,0.12855524079465716,63.020000000004075,3.8824089890143356e-05,0
BTC-USD,2026-04-06T15:09:02.588368565Z,69658.21,69658.215,0.0,0.00999999999476131,0.0014355808564375805,4.1258706141425644e-05,1.0721558617147005e-06,350,5.833333333333333,0.12957142857294196,63.020000000004075,3.8865658772451596e-05,0
BTC-USD,2026-04-06T15:09:02.845126994Z,69658.21,69647.695,0.0,0.00999999999476131,0.0014357976950653299,4.1317903278686126e-05,1.075236769363306e-06,349,5.816666666666666,0.1276217765058224,63.020000000004075,3.881193987705714e-05,0
BTC-USD,2026-04-06T15:09:03.091411345Z,69658.21,69652.555,0.0,0.00999999999476131,0.0014356975124259707,4.1290453330093454e-05,1.1528212153448635e-06,349,5.816666666666666,0.12762177650578072,63.020000000004075,3.9482798668691856e-05,0
BTC-USD,2026-04-06T15:09:03.104183885Z,69653.67,69652.555,-6.5177499601887e-05,0.00999999999476131,0.0014356975124259707,4.06685609047239e-05,5.359526257165884e-07,349,5.816666666666666,0.127621776505739,63.020000000004075,3.938988705029494e-05,0
BTC-USD,2026-04-06T15:09:03.301391558Z,69647.7,69652.555,-8.571344278458969e-05,0.00999999999476131,0.0014356975124259707,4.092977732860725e-05,2.8964962920914687e-07,349,5.816666666666666,0.1276217765056973,63.020000000004075,3.917503536268045e-05,0
BTC-USD,2026-04-06T15:09:03.342484126Z,69647.7,69652.67499999999,0.0,0.00999999999476131,0.0014356950389574144,4.092977732860725e-05,2.8964962920914687e-07,349,5.816666666666666,0.12762177650565562,63.020000000004075,3.922910581898753e-05,0
BTC-USD,2026-04-06T15:09:03.531929546Z,69652.57,69652.67499999999,6.992089824358496e-05,0.00999999999476131,0.0014356950389574144,4.104021579691769e-05,4.891661008835761e-07,350,5.833333333333333,0.12728571428705307,63.020000000004075,3.908126050452393e-05,0
BTC-USD,2026-04-06T15:09:03.588103306Z,69652.57,69652.67499999999,0.0,0.00999999999476131,0.0014356950389574144,4.10334871779758e-05,4.480219170407683e-07,350,5.833333333333333,0.1272857142870115,63.020000000004075,3.908126050452393e-05,0
BTC-USD,2026-04-06T15:09:03.763275047Z,69656.0,69652.67499999999,4.9243201630572017e-05,0.00999999999476131,0.0014356950389574144,4.111628446928786e-05,5.891199159822354e-07,350,5.833333333333333,0.12728571428696991,63.020000000004075,3.904976263362873e-05,0
BTC-USD,2026-04-06T15:09:03.841035Z,69656.0,69652.67499999999,0.0,0.00999999999476131,0.0014356950389574144,4.105751694593126e-05,5.874367162222862e-07,351,5.85,0.12695156695280407,63.020000000004075,3.904976263362873e-05,0
BTC-USD,2026-04-06T15:09:04.015537189Z,69652.67,69652.67499999999,-4.7807505457323205e-05,0.00999999999476131,0.0014356950389574144,4.113868840882639e-05,4.50843843487077e-07,351,5.85,0.1269515669527626,63.020000000004075,3.896861333983328e-05,0
BTC-USD,2026-04-06T15:09:04.088024317Z,69652.67,69652.67499999999,0.0,0.00999999999476131,0.0014356950389574144,4.113869218690559e-05,4.504335801713309e-07,351,5.85,0.12695156695272117,63.020000000004075,3.902254854189691e-05,0
BTC-USD,2026-04-06T15:09:04.265096564Z,69656.0,69652.67499999999,4.780750545726574e-05,0.00999999999476131,0.0014356950389574144,4.12162643832677e-05,5.870264529063758e-07,351,5.85,0.1269515669526797,63.020000000004075,3.906693787373417e-05,0
BTC-USD,2026-04-06T15:09:04.58910726Z,69656.0,69652.67499999999,0.0,0.00999999999476131,0.0014356950389574144,4.121626438326769e-05,5.870264529063758e-07,351,5.85,0.12695156695263823,63.020000000004075,3.919220477319742e-05,0
BTC-USD,2026-04-06T15:09:05.091571934Z,69656.0,69655.005,0.0,0.00999999999476131,0.0014356470141321947,4.0392841263970726e-05,1.0758863742314599e-06,348,5.8,0.12795977011590096,63.020000000004075,3.9330920274023386e-05,0
BTC-USD,2026-04-06T15:09:05.342398061Z,69656.0,69655.005,0.0,0.00999999999476131,0.0014356470141321947,4.0392841263970726e-05,1.0758863742314599e-06,348,5.8,0.12795977011585913,63.020000000004075,3.9330920274023386e-05,0
BTC-USD,2026-04-06T15:09:05.611039392Z,69656.0,69655.005,0.0,0.00999999999476131,0.0014356470141321947,4.0321027418312116e-05,8.490165265556172e-07,346,5.766666666666667,0.12864161849801994,62.88000000000466,3.945199141130503e-05,0
BTC-USD,2026-04-06T15:09:05.745245039Z,69655.01,69655.005,-1.4212803424822753e-05,0.00999999999476131,0.0014356470141321947,4.027083579917663e-05,8.054852550198415e-07,347,5.783333333333333,0.12829971181645436,62.88000000000466,3.949890717647039e-05,0
BTC-USD,2026-04-06T15:09:05.985729304Z,69655.0,69655.005,-1.4356470144060081e-07,0.00999999999476131,0.0014356470141321947,4.032914278876723e-05,8.074038653200712e-07,346,5.766666666666667,0.12864161849801994,62.88000000000466,3.94989080017113e-05,0
BTC-USD,2026-04-06T15:09:06.340535712Z,69655.0,69655.005,0.0,0.00999999999476131,0.0014356470141321947,4.026737537382218e-05,7.279597778811602e-07,344,5.733333333333333,0.12933139534978308,62.88000000000466,3.942149111023012e-05,0
BTC-USD,2026-04-06T15:09:06.587689532Z,69655.0,69655.005,0.0,0.00999999999476131,0.0014356470141321947,4.032607476521427e-05,7.33447394669187e-07,343,5.716666666666667,0.1296793002925091,62.88000000000466,3.947487161070605e-05,0
BTC-USD,2026-04-06T15:09:06.840232322Z,69655.0,69655.005,0.0,0.00999999999476131,0.0014356470141321947,4.035423890343148e-05,6.480073420332486e-07,342,5.7,0.1300292397670639,62.88000000000466,3.947487161070605e-05,0
BTC-USD,2026-04-06T15:09:07.087884347Z,69655.0,69655.005,0.0,0.00999999999476131,0.0014356470141321947,4.035423890343148e-05,6.480073420332486e-07,342,5.7,0.1300292397670639,62.88000000000466,3.942149111023013e-05,0
BTC-USD,2026-04-06T15:09:07.340949014Z,69655.0,69655.005,0.0,0.00999999999476131,0.0014356470141321947,4.041352447585191e-05,6.499132459804053e-07,341,5.683333333333334,0.13038123167255453,62.88000000000466,3.9421491110230134e-05,0
BTC-USD,2026-04-06T15:09:07.587273217Z,69655.0,69655.005,0.0,0.00999999999476131,0.0014356470141321947,4.04135169313815e-05,6.5033558847761e-07,341,5.683333333333334,0.13038123167255453,62.88000000000466,3.9474871610706036e-05,0
BTC-USD,2026-04-06T15:09:07.766470707Z,69657.0,69655.005,2.871253015020493e-05,0.00999999999476131,0.0014356470141321947,4.038273551284777e-05,7.32629414171825e-07,342,5.7,0.1300292397670639,62.88000000000466,3.944644768348732e-05,0
BTC-USD,2026-04-06T15:09:07.846645044Z,69657.0,69662.4,0.0,0.5599999999976717,0.08038769838502144,4.044205871124148e-05,7.34784206566448e-07,341,5.683333333333334,0.13199413489836953,62.88000000000466,3.944644768348732e-05,0
BTC-USD,2026-04-06T15:09:07.988446971Z,69660.64,69662.4,5.225468936779263e-05,0.5599999999976717,0.08038769838502144,4.04786955698761e-05,8.858689724351465e-07,342,5.7,0.13324561403608678,62.88000000000466,3.9405363720584466e-05,0
BTC-USD,2026-04-06T15:09:08.090785353Z,69660.64,69665.55,0.0,0.5400000000081491,0.07751320416018377,4.047871100498275e-05,8.850267645831237e-07,342,5.7,0.1347953216384651,62.88000000000466,3.9405363720584466e-05,0
BTC-USD,2026-04-06T15:09:08.251771358Z,69663.1,69665.55,3.531343617774516e-05,0.5400000000081491,0.07751320416018377,4.0462213646916734e-05,9.856946283642993e-07,343,5.716666666666667,0.13597667638589858,62.88000000000466,3.941522730347e-05,0
BTC-USD,2026-04-06T15:09:08.34162332Z,69663.1,69668.125,0.0,0.5700000000069849,0.08181646915386125,4.0462213646916734e-05,9.856946283642993e-07,343,5.716666666666667,0.13760932944715873,62.88000000000466,3.9415227303470006e-05,0
BTC-USD,2026-04-06T15:09:08.509430108Z,69652.0,69668.125,-0.000159350996747575,0.5700000000069849,0.08181646915386125,4.130098192476016e-05,3.372636368942711e-07,342,5.7,0.1396198830419994,62.88000000000466,3.858146743206553e-05,0
BTC-USD,2026-04-06T15:09:08.587895339Z,69652.0,69667.845,0.0,0.010000000009313226,0.0014353824220216982,4.124056018958986e-05,3.3627748590920016e-07,343,5.716666666666667,0.1392419825083764,62.88000000000466,3.8634282265358334e-05,0
BTC-USD,2026-04-06T15:09:08.845044405Z,69652.0,69667.845,0.0,0.010000000009313226,0.0014353824220216982,4.130097775213557e-05,3.3768471436753574e-07,342,5.7,0.1396198830419994,62.88000000000466,3.8573074071916886e-05,0
BTC-USD,2026-04-06T15:09:09.019793879Z,69667.84,69667.845,0.00022739044300142878,0.010000000009313226,0.0014353824220216982,4.3087207468769015e-05,1.0045188580667404e-06,342,5.7,0.1396198830419994,62.88000000000466,3.669620166828783e-05,0
BTC-USD,2026-04-06T15:09:09.088323138Z,69667.84,69668.39499999999,0.0,0.00999999999476131,0.0014353710882475923,4.308721658193466e-05,1.0040977805937053e-06,342,5.7,0.13961988304195685,62.88000000000466,3.674628467438363e-05,0
BTC-USD,2026-04-06T15:09:09.339506589Z,69667.84,69668.39499999999,0.0,0.00999999999476131,0.0014353710882475923,4.308721658193466e-05,1.0040977805937053e-06,342,5.7,0.1396198830419143,62.88000000000466,3.6696195847138334e-05,0
BTC-USD,2026-04-06T15:09:09.495792237Z,69668.39,69668.39499999999,7.894572718177216e-06,0.00999999999476131,0.0014353710882475923,4.308878099906344e-05,1.0276700977097185e-06,342,5.7,0.13961988304187176,62.88000000000466,3.6693513283615626e-05,0
BTC-USD,2026-04-06T15:09:09.58666973Z,69668.39,69668.39499999999,0.0,0.00999999999476131,0.0014353710882475923,4.308878099906344e-05,1.0276700977097185e-06,342,5.7,0.1396198830418292,62.88000000000466,3.674359159197351e-05,0
BTC-USD,2026-04-06T15:09:09.76511437Z,69668.4,69668.39499999999,1.435371087779886e-07,0.00999999999476131,0.0014353710882475923,4.308877165890104e-05,1.0280910276474837e-06,342,5.7,0.13961988304178666,62.88000000000466,3.674358397918402e-05,0
BTC-USD,2026-04-06T15:09:09.840172385Z,69668.4,69668.39499999999,0.0,0.00999999999476131,0.0014353710882475923,4.302576607228086e-05,1.0250849135315555e-06,343,5.716666666666667,0.13924198250812186,62.88000000000466,3.679386785609775e-05,0
BTC-USD,2026-04-06T15:09:10.588008239Z,69668.4,69668.39499999999,0.0,0.00999999999476131,0.0014353710882475923,4.321562711656547e-05,1.0337328997329994e-06,340,5.666666666666667,0.14038235294189208,62.88000000000466,3.668741831172323e-05,0
BTC-USD,2026-04-06T15:09:10.773827941Z,69668.39,69668.39499999999,-1.4353710884176426e-07,0.00999999999476131,0.0014353710882475923,4.31520750188747e-05,1.0302703408842502e-06,341,5.683333333333334,0.14000000000069815,62.88000000000466,3.6737092489244044e-05,0
BTC-USD,2026-04-06T15:09:10.841053763Z,69668.39,69668.39499999999,0.0,0.00999999999476131,0.0014353710882475923,4.31520750188747e-05,1.0302703408842502e-06,341,5.683333333333334,0.1400000000006555,62.88000000000466,3.6786964660473934e-05,0
BTC-USD,2026-04-06T15:09:11.086924651Z,69668.39,69668.39499999999,0.0,0.00999999999476131,0.0014353710882475923,4.31520642312487e-05,1.030692656820672e-06,341,5.683333333333334,0.1400000000006128,62.88000000000466,3.6786964660473934e-05,0
BTC-USD,2026-04-06T15:09:11.340862643Z,69668.39,69668.39499999999,0.0,0.00999999999476131,0.0014353710882475923,4.32156365385324e-05,1.0333094864328123e-06,340,5.666666666666667,0.14038235294172088,62.88000000000466,3.6786964660473934e-05,0
BTC-USD,2026-04-06T15:09:11.587234461Z,69668.39,69668.39499999999,0.0,0.00999999999476131,0.0014353710882475923,4.32156365385324e-05,1.0333094864328123e-06,340,5.666666666666667,0.14038235294167808,62.88000000000466,3.6786964660473934e-05,0
BTC-USD,2026-04-06T15:09:11.839895871Z,69668.39,69668.39499999999,0.0,0.00999999999476131,0.0014353710882475923,4.334359869208201e-05,1.0398679623712361e-06,338,5.633333333333334,0.14115384615425258,62.88000000000466,3.678696466047394e-05,0
BTC-USD,2026-04-06T15:09:12.087301244Z,69668.39,69668.39499999999,0.0,0.00999999999476131,0.0014353710882475923,4.327947029819242e-05,1.036791429938185e-06,339,5.65,0.14076696165230718,62.88000000000466,3.678696466047394e-05,0
BTC-USD,2026-04-06T15:09:12.344818431Z,69668.39,69658.775,0.0,0.00999999999476131,0.0014355693155329405,4.331947287615925e-05,1.191682074127637e-06,337,5.616666666666666,0.1341839762614765,62.88000000000466,3.683704049552715e-05,0
BTC-USD,2026-04-06T15:09:12.545653799Z,69660.64,69658.775,-0.00011124745514972458,0.00999999999476131,0.0014355693155329405,4.375030909827447e-05,8.605884576105996e-07,337,5.616666666666666,0.13418397626143333,62.88000000000466,3.642885394823703e-05,0
BTC-USD,2026-04-06T15:09:12.589690611Z,69660.64,69658.775,0.0,0.00999999999476131,0.0014355693155329405,4.368537451365418e-05,8.580347826622002e-07,338,5.633333333333334,0.1338165680476266,62.88000000000466,3.642885394823703e-05,0
BTC-USD,2026-04-06T15:09:12.844849858Z,69658.77,69658.775,-2.68447878168767e-05,0.00999999999476131,0.0014355693155329405,4.371133383120266e-05,7.783766585765126e-07,338,5.633333333333334,0.13381656804758355,62.88000000000466,3.640210555254319e-05,0
BTC-USD,2026-04-06T15:09:12.862335768Z,69658.77,69655.465,0.0,0.00999999999476131,0.0014356375332159955,4.364664467081059e-05,7.760737690540969e-07,339,5.65,0.1334513274338584,62.88000000000466,3.6451936923023405e-05,0
BTC-USD,2026-04-06T15:09:13.038681338Z,69658.05,69655.465,-1.0336153237000446e-05,0.00999999999476131,0.0014356375332159955,4.289163740801163e-05,1.183531884702335e-06,339,5.65,0.13345132743381546,62.88000000000466,3.6498024365548636e-05,0
BTC-USD,2026-04-06T15:09:13.094545429Z,69658.05,69650.285,0.0,0.00999999999476131,0.001435744303811723,4.289163740801164e-05,1.183531884702335e-06,339,5.65,0.13345132743377255,62.88000000000466,3.6548262322743134e-05,0
BTC-USD,2026-04-06T15:09:13.341981563Z,69658.05,69650.285,0.0,0.00999999999476131,0.001435744303811723,4.286823480043515e-05,1.0349086865313056e-06,338,5.633333333333334,0.13381656804741132,62.88000000000466,3.659870830382262e-05,0
BTC-USD,2026-04-06T15:09:13.507777986Z,69652.67,69650.285,-7.723741579513993e-05,0.00999999999476131,0.001435744303811723,4.307910795135565e-05,8.057175417386056e-07,338,5.633333333333334,0.13381656804736827,62.88000000000466,3.637270480803013e-05,0
BTC-USD,2026-04-06T15:09:13.588851077Z,69652.67,69650.285,0.0,0.00999999999476131,0.001435744303811723,4.307910795135565e-05,8.057175417386056e-07,338,5.633333333333334,0.13381656804732522,62.88000000000466,3.6372704808030125e-05,0
BTC-USD,2026-04-06T15:09:13.743098668Z,69650.28,69650.285,-3.4313702620581184e-05,0.00999999999476131,0.001435744303811723,4.3057603506044345e-05,7.018139317909139e-07,339,5.65,0.13345132743360086,62.88000000000466,3.632748717638578e-05,0
BTC-USD,2026-04-06T15:09:13.839899119Z,69650.28,69650.285,0.0,0.00999999999476131,0.001435744303811723,4.3057603506044345e-05,7.018139317909139e-07,339,5.65,0.13345132743355792,62.88000000000466,3.6377765425404795e-05,0
BTC-USD,2026-04-06T15:09:14.087349283Z,69650.28,69650.285,0.0,0.00999999999476131,0.001435744303811723,4.2279988133723574e-05,2.4072062136475725e-07,338,5.633333333333334,0.11399408284014714,62.88000000000466,3.632749047766991e-05,0
BTC-USD,2026-04-06T15:09:14.344726303Z,69650.28,69647.695,0.0,0.00999999999476131,0.0014357976950653299,4.0441784088236546e-05,-4.4265493889896245e-07,337,5.616666666666666,0.11430267062307113,62.88000000000466,3.6277420113507234e-05,0
BTC-USD,2026-04-06T15:09:14.516166652Z,69649.38,69647.695,-1.2921783154480257e-05,0.00999999999476131,0.0014357976950653299,4.0395130301442035e-05,-5.91766075319957e-07,337,5.616666666666666,0.11362017804143766,62.88000000000466,3.632089742995288e-05,0
BTC-USD,2026-04-06T15:09:14.59939349Z,69649.38,69645.10500000001,0.0,0.00999999999476131,0.0014358510902900226,4.0197076597185796e-05,-8.407672349677828e-07,336,5.6,0.11324404761892636,62.88000000000466,3.632089742995288e-05,0
BTC-USD,2026-04-06T15:09:14.781445206Z,69647.69,69645.10500000001,-2.4264688411422926e-05,0.00999999999476131,0.0014358510902900226,4.021735274052594e-05,-9.13199140673523e-07,336,5.6,0.11324404761892636,62.88000000000466,3.6348182356592735e-05,0
BTC-USD,2026-04-06T15:09:14.84071246Z,69647.69,69645.10500000001,0.0,0.00999999999476131,0.0014358510902900226,4.015749170448007e-05,-9.10481286088185e-07,337,5.616666666666666,0.1129376854598042,62.88000000000466,3.639862666339006e-05,0
BTC-USD,2026-04-06T15:09:15.266447454Z,69645.1,69645.10500000001,-3.718785445096922e-05,0.00999999999476131,0.0014358510902900226,4.026597275001726e-05,-1.0242076614226847e-06,336,5.6,0.11324404761892636,62.88000000000466,3.627185020223141e-05,0
BTC-USD,2026-04-06T15:09:15.349833955Z,69645.1,69645.10500000001,0.0,0.00999999999476131,0.0014358510902900226,4.026597275001726e-05,-1.0242076614226847e-06,336,5.6,0.11324404761892636,62.88000000000466,3.627185020223141e-05,0
BTC-USD,2026-04-06T15:09:15.589748261Z,69645.1,69652.825,0.0,0.08999999999650754,0.012921227530470952,4.0206047208023685e-05,-1.0211594243351172e-06,337,5.616666666666666,0.113175074183845,62.88000000000466,3.6221991982605987e-05,0
BTC-USD,2026-04-06T15:09:15.74406654Z,69650.29,69652.825,7.451790044728831e-05,0.08999999999650754,0.012921227530470952,4.040758897171629e-05,-8.420986588129585e-07,337,5.616666666666666,0.11281899109776222,62.88000000000466,3.6061536444795336e-05,0
BTC-USD,2026-04-06T15:09:15.843276483Z,69650.29,69652.85500000001,0.0,0.00999999999476131,0.0014356913287705594,4.040758897171629e-05,-8.420986588129585e-07,337,5.616666666666666,0.11222551928763864,62.88000000000466,3.6061536444795336e-05,0
BTC-USD,2026-04-06T15:09:16.088430401Z,69650.29,69651.55,0.0,2.6199999999953434,0.37615817594803613,4.017016408357594e-05,-1.1093883736407654e-06,336,5.6,0.11779761904736438,62.88000000000466,3.610423642123709e-05,0
BTC-USD,2026-04-06T15:09:16.271002583Z,69652.85,69651.55,3.675437610817787e-05,2.6199999999953434,0.37615817594803613,3.931064572000086e-05,-1.4614760499012743e-06,336,5.6,0.1190773809521055,62.88000000000466,3.610295834774201e-05,0
BTC-USD,2026-04-06T15:09:16.343078052Z,69652.85,69650.255,0.0,0.00999999999476131,0.0014357449222205017,3.931064572000086e-05,-1.4614760499012743e-06,336,5.6,0.11258928571398774,62.88000000000466,3.610295834774201e-05,0
BTC-USD,2026-04-06T15:09:16.588481734Z,69652.85,69651.795,0.0,0.010000000009313226,0.001435713180013986,3.921350401454558e-05,-1.6527381344565064e-06,335,5.583333333333333,0.11289552238781993,62.88000000000466,3.6053332265554495e-05,0
BTC-USD,2026-04-06T15:09:16.755737344Z,69651.79,69651.795,-1.5218444985553184e-05,0.010000000009313226,0.001435713180013986,3.9220398085294994e-05,-1.6983023410000788e-06,335,5.583333333333333,0.11289552238786336,62.88000000000466,3.604432469712157e-05,0
BTC-USD,2026-04-06T15:09:16.896889509Z,69651.79,69651.795,0.0,0.010000000009313226,0.001435713180013986,3.919416022201443e-05,-1.77176483824487e-06,335,5.583333333333333,0.11289552238786336,62.88000000000466,3.609393713832304e-05,0
BTC-USD,2026-04-06T15:09:17.08751154Z,69651.79,69651.795,0.0,0.010000000009313226,0.001435713180013986,3.919416022201443e-05,-1.77176483824487e-06,335,5.583333333333333,0.11289552238786336,62.88000000000466,3.614375500906434e-05,0
BTC-USD,2026-04-06T15:09:17.22377025Z,69651.8,69651.795,1.4357131807513547e-07,0.010000000009313226,0.001435713180013986,3.917418079535654e-05,-1.6974428762057508e-06,335,5.583333333333333,0.10585074626850208,61.16000000000349,3.619378093703861e-05,0
BTC-USD,2026-04-06T15:09:17.343402764Z,69651.8,69651.795,0.0,0.010000000009313226,0.001435713180013986,3.905559153270893e-05,-1.4935461899223989e-06,334,5.566666666666666,0.09907185628732755,59.86000000000058,3.62440139527637e-05,0
BTC-USD,2026-04-06T15:09:17.590122617Z,69651.8,69658.035,0.0,0.029999999998835847,0.0043067537002494894,3.911427982318941e-05,-1.4980448230245747e-06,333,5.55,0.09939939939932949,59.86000000000058,3.6244013952763695e-05,0
BTC-USD,2026-04-06T15:09:17.847809987Z,69651.8,69662.61499999999,0.0,1.2299999999959255,0.17656529258856068,3.910663491194281e-05,-1.4509315290207759e-06,333,5.55,0.10306306306299665,59.86000000000058,3.6244013952763695e-05,0
BTC-USD,2026-04-06T15:09:17.985854093Z,69658.16,69662.61499999999,9.130718298129626e-05,1.2299999999959255,0.17656529258856068,3.943555227399888e-05,-1.1759098935349437e-06,333,5.55,0.1067267267266638,59.86000000000058,3.5973501564224746e-05,0
BTC-USD,2026-04-06T15:09:18.091946358Z,69658.16,69663.225,0.0,0.00999999999476131,0.0014354776131540435,3.9435591207670775e-05,-1.1741809512969475e-06,333,5.55,0.1067267267266638,59.86000000000058,3.597350156422474e-05,0
BTC-USD,2026-04-06T15:09:18.268663234Z,69663.22,69663.225,7.263781053870799e-05,0.00999999999476131,0.0014354776131540435,3.964245330561868e-05,-9.553923653369835e-07,333,5.55,0.1067267267266638,59.86000000000058,3.581757938590683e-05,0
BTC-USD,2026-04-06T15:09:18.344488811Z,69663.22,69665.505,0.0,4.569999999992433,0.6559917996707887,3.955932951663266e-05,-8.118866998493358e-07,333,5.55,0.1204204204203505,59.86000000000058,3.57676661958594e-05,0
BTC-USD,2026-04-06T15:09:18.588324104Z,69663.22,69669.185,0.0,0.010000000009313226,0.0014353548142285897,3.955932951663266e-05,-8.118866998493358e-07,333,5.55,0.1204204204203942,59.86000000000058,3.57676639337143e-05,0
BTC-USD,2026-04-06T15:09:18.763700578Z,69671.37,69669.185,0.0001169845909661917,0.010000000009313226,0.0014353548142285897,3.9638446940709135e-05,-8.077416037278287e-07,332,5.533333333333333,0.12075301204822608,59.86000000000058,3.527584430869115e-05,0
BTC-USD,2026-04-06T15:09:18.840832095Z,69671.37,69669.185,0.0,0.010000000009313226,0.0014353548142285897,3.957873021619438e-05,-8.053086470900943e-07,333,5.55,0.1204204204204816,59.86000000000058,3.532520130182897e-05,0
BTC-USD,2026-04-06T15:09:18.979610279Z,69669.19,69669.185,-3.129024313056052e-05,0.010000000009313226,0.0014353548142285897,3.9613948999695045e-05,-8.991241606751817e-07,333,5.55,0.1204204204205253,59.85000000000582,3.533726811651914e-05,0
BTC-USD,2026-04-06T15:09:19.088797687Z,69669.19,69669.185,0.0,0.010000000009313226,0.0014353548142285897,3.95544544695928e-05,-8.964240881206015e-07,334,5.566666666666666,0.12008982035941389,59.85000000000582,3.533726811651914e-05,0
BTC-USD,2026-04-06T15:09:19.25576561Z,69669.18,69669.185,-1.4353548147662117e-07,0.010000000009313226,0.0014353548142285897,3.9495218247557905e-05,-8.941699306156795e-07,335,5.583333333333333,0.1197611940300106,59.85000000000582,3.538699833900671e-05,0
BTC-USD,2026-04-06T15:09:19.33995288Z,69669.18,69669.185,0.0,0.010000000009313226,0.0014353548142285897,3.9495218247557905e-05,-8.941699306156795e-07,335,5.583333333333333,0.11976119403005404,59.85000000000582,3.5387005081152186e-05,0
BTC-USD,2026-04-06T15:09:19.512567806Z,69669.19,69669.185,1.4353548141331268e-07,0.010000000009313226,0.0014353548142285897,3.937367953422149e-05,-7.21887789766889e-07,335,5.583333333333333,0.11976119403009748,58.7100000000064,3.54369339872608e-05,0
BTC-USD,2026-04-06T15:09:19.587936277Z,69669.19,69669.185,0.0,0.010000000009313226,0.0014353548142285897,3.937367953422149e-05,-7.21887789766889e-07,335,5.583333333333333,0.11976119403014092,58.7100000000064,3.548708162952018e-05,0
BTC-USD,2026-04-06T15:09:19.762491585Z,69669.18,69669.185,-1.4353548147662117e-07,0.010000000009313226,0.0014353548142285897,3.93736724360919e-05,-7.223175367174179e-07,335,5.583333333333333,0.11976119403014092,58.7100000000064,3.548708677833674e-05,0
BTC-USD,2026-04-06T15:09:19.844198798Z,69669.18,69669.185,0.0,0.010000000009313226,0.0014353548142285897,3.9097504459627955e-05,-4.6580948991411945e-07,335,5.583333333333333,0.1197313432838879,58.7100000000064,3.54610485617038e-05,0
BTC-USD,2026-04-06T15:09:20.09110279Z,69669.18,69663.235,0.0,0.010000000009313226,0.00143547740918337,3.911098196021415e-05,-3.6291165560051786e-07,334,5.566666666666666,0.12002994012005501,58.7100000000064,3.6770585347042594e-05,0
BTC-USD,2026-04-06T15:09:20.258365883Z,69669.16,69663.235,-2.870710241898541e-07,0.010000000009313226,0.00143547740918337,3.911097711527501e-05,-3.6377373074823514e-07,334,5.566666666666666,0.12002994012005501,58.7100000000064,3.682246622193984e-05,0
BTC-USD,2026-04-06T15:09:20.342509271Z,69669.16,69663.235,0.0,0.010000000009313226,0.00143547740918337,3.905238891573708e-05,-3.626845878418033e-07,335,5.583333333333333,0.11970149253763487,58.7100000000064,3.687454882501711e-05,0
BTC-USD,2026-04-06T15:09:20.504350173Z,69663.24,69663.235,-8.497664582767082e-05,0.010000000009313226,0.00143547740918337,3.9383492056607196e-05,-6.055982754658347e-07,334,5.566666666666666,0.12002994012005501,58.7100000000064,3.66017934010069e-05,0
BTC-USD,2026-04-06T15:09:20.602873161Z,69663.24,69663.235,0.0,0.010000000009313226,0.00143547740918337,3.9324504456869816e-05,-6.037851069764161e-07,335,5.583333333333333,0.11970149253763487,58.7100000000064,3.787297871761086e-05,0
BTC-USD,2026-04-06T15:09:20.842092347Z,69663.24,69663.235,0.0,0.010000000009313226,0.00143547740918337,3.9265781116022034e-05,-6.019827633735014e-07,336,5.6,0.1193750000003482,58.7100000000064,3.8267837869132736e-05,0
BTC-USD,2026-04-06T15:09:21.010668765Z,69663.23,69663.235,-1.4354774089408573e-07,0.010000000009313226,0.00143547740918337,3.9207314306581635e-05,-6.00618373425646e-07,337,5.616666666666666,0.11905044510423238,58.7100000000064,3.832184501738339e-05,0
BTC-USD,2026-04-06T15:09:21.120315084Z,69663.23,69663.235,0.0,0.010000000009313226,0.00143547740918337,3.9192138068486806e-05,-6.582816123417091e-07,337,5.616666666666666,0.11905044510427555,58.7100000000064,3.82678489377558e-05,0
BTC-USD,2026-04-06T15:09:21.246735775Z,69663.24,69663.235,1.4354774093828007e-07,0.010000000009313226,0.00143547740918337,3.913397059762536e-05,-6.559022967533413e-07,338,5.633333333333334,0.11872781065133188,58.7100000000064,3.8321845018699085e-05,0
BTC-USD,2026-04-06T15:09:21.401468173Z,69663.24,69665.545,0.0,0.010000000009313226,0.001435429811008186,3.9097295926306567e-05,-8.043567021790192e-07,337,5.616666666666666,0.11905044510436191,58.7100000000064,3.832184501869909e-05,0
BTC-USD,2026-04-06T15:09:21.489926639Z,69664.5,69665.545,1.808685047264685e-05,0.010000000009313226,0.001435429811008186,3.911081514827358e-05,-7.505267900580465e-07,337,5.616666666666666,0.1190504451044051,58.7100000000064,3.836326288075486e-05,0
BTC-USD,2026-04-06T15:09:21.589771033Z,69664.5,69665.545,0.0,0.010000000009313226,0.001435429811008186,3.911081514827358e-05,-7.505267900580465e-07,337,5.616666666666666,0.11905044510444827,58.7100000000064,3.845284382316959e-05,0
BTC-USD,2026-04-06T15:09:21.840752434Z,69664.5,69665.545,0.0,0.010000000009313226,0.001435429811008186,3.905276545806598e-05,-7.482997075949662e-07,338,5.633333333333334,0.11872781065150409,58.7100000000064,3.849637105869781e-05,0
BTC-USD,2026-04-06T15:09:22.017519024Z,69665.55,69665.545,1.5072125503754913e-05,0.010000000009313226,0.001435429811008186,3.9098939524398524e-05,-7.74006079582886e-07,337,5.616666666666666,0.11905044510453464,58.7100000000064,3.848745909960495e-05,0
BTC-USD,2026-04-06T15:09:22.087735063Z,69665.55,69665.545,0.0,0.010000000009313226,0.001435429811008186,3.904090882966802e-05,-7.717093256375361e-07,338,5.633333333333334,0.1187278106515902,58.7100000000064,3.854192452643066e-05,0
BTC-USD,2026-04-06T15:09:22.339883638Z,69665.55,69665.545,0.0,0.010000000009313226,0.001435429811008186,3.909808645462401e-05,-7.859648592957111e-07,337,5.616666666666666,0.11905044510453464,58.7100000000064,3.8513315984038585e-05,0
BTC-USD,2026-04-06T15:09:22.586778588Z,69653.0,69665.545,-0.00018016265650122978,0.010000000009313226,0.001435429811008186,4.0169842978566726e-05,-1.5360055537433336e-06,336,5.6,0.11937500000065138,58.7100000000064,3.7308919621587976e-05,0
BTC-USD,2026-04-06T15:09:22.589453138Z,69653.0,69665.545,0.0,0.010000000009313226,0.001435429811008186,4.0110109154304716e-05,-1.531434108642907e-06,337,5.616666666666666,0.11905044510453464,58.7100000000064,3.7308919621587976e-05,0
BTC-USD,2026-04-06T15:09:22.840492048Z,69653.0,69665.545,0.0,0.010000000009313226,0.001435429811008186,4.005064101746105e-05,-1.5268897937804651e-06,338,5.633333333333334,0.1187278106515902,58.7100000000064,3.7308919621587976e-05,0
BTC-USD,2026-04-06T15:09:23.071253329Z,69665.54,69665.545,0.00018001911352012186,0.010000000009313226,0.001435429811008186,4.125000146195479e-05,-9.92708448023427e-07,338,5.633333333333334,0.1187278106515902,58.7100000000064,3.610709047654551e-05,0
BTC-USD,2026-04-06T15:09:23.089841348Z,69665.54,69660.655,0.0,0.010000000009313226,0.0014355305745134361,4.125000146195479e-05,-9.92708448023427e-07,338,5.633333333333334,0.1187278106515902,58.7100000000064,3.605606456770529e-05,0
BTC-USD,2026-04-06T15:09:23.301104616Z,69663.23,69660.655,-3.315898073609647e-05,0.010000000009313226,0.0014355305745134361,4.1225968831766365e-05,-1.0878749340828147e-06,339,5.65,0.11840707964674572,58.7100000000064,3.606542003101804e-05,0
BTC-USD,2026-04-06T15:09:23.343668645Z,69663.23,69658.055,0.0,0.00999999999476131,0.0014355841538729887,4.1225968831766365e-05,-1.0878749340828147e-06,339,5.65,0.1184070796467028,58.7100000000064,3.606542003101804e-05,0
BTC-USD,2026-04-06T15:09:23.541537559Z,69660.66,69658.055,-3.689245254752702e-05,0.00999999999476131,0.0014355841538729887,4.121089000441266e-05,-1.1934931571313227e-06,340,5.666666666666667,0.11808823529478532,58.7100000000064,3.606441516561013e-05,0
BTC-USD,2026-04-06T15:09:23.590589769Z,69660.66,69652.875,0.0,0.010000000009313226,0.0014356909186179646,4.1150291881834157e-05,-1.18998288313976e-06,341,5.683333333333334,0.11777126099776047,58.7100000000064,3.611574534812801e-05,0
BTC-USD,2026-04-06T15:09:23.728345064Z,69655.42,69652.875,-7.522462593655629e-05,0.010000000009313226,0.0014356909186179646,4.128446741453292e-05,-1.4070932733257321e-06,342,5.7,0.11745614035159543,58.7100000000064,3.5944989019451345e-05,0
BTC-USD,2026-04-06T15:09:23.839895015Z,69655.42,69652.875,0.0,0.010000000009313226,0.0014356909186179646,4.128446741453292e-05,-1.4070932733257321e-06,342,5.7,0.11745614035159543,58.7100000000064,3.5944989019451345e-05,0
BTC-USD,2026-04-06T15:09:24.014735869Z,69652.88,69652.875,-3.646588179276386e-05,0.010000000009313226,0.0014356909186179646,4.132790431358212e-05,-1.5136105366815861e-06,342,5.7,0.11745614035159543,58.69999999999709,3.594394666110685e-05,0
BTC-USD,2026-04-06T15:09:24.089302423Z,69652.88,69652.92499999999,0.0,0.00999999999476131,0.001435689885925295,4.138855437847871e-05,-1.5180623323777086e-06,341,5.683333333333334,0.1177712609977178,58.69999999999709,3.594394666110685e-05,0
BTC-USD,2026-04-06T15:09:24.261645367Z,69652.93,69652.92499999999,7.178451492436775e-07,0.00999999999476131,0.001435689885925295,4.132799964099915e-05,-1.5115054189418687e-06,342,5.7,0.11745614035151034,58.69999999999709,3.5995525982907176e-05,0
BTC-USD,2026-04-06T15:09:24.342977008Z,69652.93,69648.735,0.0,0.010000000009313226,0.0014357762577185682,4.126761505845844e-05,-1.5070858124537345e-06,343,5.716666666666667,0.11714285714351559,58.69999999999709,3.59511210323904e-05,0
BTC-USD,2026-04-06T15:09:24.50893348Z,69647.7,69648.735,-7.508939482115868e-05,0.010000000009313226,0.0014357762577185682,4.133266799969912e-05,-1.5141439190786352e-06,342,5.7,0.11745614035159543,53.529999999998836,3.572550228377698e-05,0
BTC-USD,2026-04-06T15:09:24.589228333Z,69647.7,69648.735,0.0,0.010000000009313226,0.0014357762577185682,4.127227685992265e-05,-1.5097165976778204e-06,343,5.716666666666667,0.11714285714360044,53.529999999998836,3.5776794371509135e-05,0
BTC-USD,2026-04-06T15:09:24.772371926Z,69648.73,69648.735,1.478860585335661e-05,0.010000000009313226,0.0014357762577185682,4.0941343939753874e-05,-1.155972101477484e-06,342,5.7,0.11745614035159543,46.05000000000291,3.576815659273378e-05,0
BTC-USD,2026-04-06T15:09:24.841792948Z,69648.73,69651.025,0.0,0.00999999999476131,0.0014357290498971569,4.088149200298994e-05,-1.152592066093047e-06,343,5.716666666666667,0.11714285714355802,46.05000000000291,3.581965822579009e-05,0
BTC-USD,2026-04-06T15:09:25.017302083Z,69653.61,69651.025,7.006343184194428e-05,0.00999999999476131,0.0014357290498971569,4.100203722909706e-05,-9.449651742328798e-07,344,5.733333333333333,0.1168313953495208,46.05000000000291,3.557043261389658e-05,0
BTC-USD,2026-04-06T15:09:25.090986622Z,69653.61,69651.025,0.0,0.00999999999476131,0.0014357290498971569,4.100203722909706e-05,-9.449651742328798e-07,344,5.733333333333333,0.1168313953494785,46.05000000000291,3.5570432613896576e-05,0
BTC-USD,2026-04-06T15:09:25.233689747Z,69651.03,69651.025,-3.704112081686053e-05,0.00999999999476131,0.0014357290498971569,4.098849262034062e-05,-1.0498958592405182e-06,345,5.75,0.11652173913105904,46.05000000000291,3.556624387975716e-05,0
BTC-USD,2026-04-06T15:09:25.345411677Z,69651.03,69663.13,0.0,0.19999999999708962,0.028709591429080146,4.098849262034062e-05,-1.0498958592405182e-06,345,5.75,0.11707246376870477,46.05000000000291,3.5528715849545096e-05,0
BTC-USD,2026-04-06T15:09:25.465303842Z,69660.69,69663.13,0.00013868179957128262,0.19999999999708962,0.028709591429080146,4.161270005577251e-05,-6.448764521955236e-07,346,5.766666666666667,0.11731213872890241,46.05000000000291,3.4790665977113365e-05,0
BTC-USD,2026-04-06T15:09:25.588761483Z,69660.69,69663.08,0.0,0.059999999997671694,0.008612883610324392,4.161270005577251e-05,-6.448764521955236e-07,346,5.766666666666667,0.11745664739938899,46.05000000000291,3.4790665977113365e-05,0
BTC-USD,2026-04-06T15:09:25.731254886Z,69663.01,69663.08,3.330373798879043e-05,0.059999999997671694,0.008612883610324392,4.159246873244304e-05,-5.467590694181076e-07,347,5.783333333333333,0.11729106628295753,46.05000000000291,3.479379223297457e-05,0
BTC-USD,2026-04-06T15:09:25.842299477Z,69663.01,69660.5,0.0,3.0,0.4306601302029127,4.153250432232967e-05,-5.451833948664703e-07,348,5.8,0.1255747126442134,46.05000000000291,3.4743624461220054e-05,0
BTC-USD,2026-04-06T15:09:26.022498539Z,69660.1,69660.5,-4.177339998237427e-05,3.0,0.4306601302029127,4.164193393560982e-05,-6.181297315483416e-07,347,5.783333333333333,0.13452449567780042,44.86000000000058,3.467249239165266e-05,0
BTC-USD,2026-04-06T15:09:26.088871129Z,69660.1,69659.56,0.0,1.1199999999953434,0.160781951536206,4.158190105895617e-05,-6.163483778551187e-07,348,5.8,0.13735632183963242,44.86000000000058,3.472255687229553e-05,0
BTC-USD,2026-04-06T15:09:26.256292925Z,69659.0,69659.56,-1.5791086793236015e-05,1.1199999999953434,0.160781951536206,4.139501164037579e-05,-4.148733083606535e-07,347,5.783333333333333,0.14092219020229943,41.229999999995925,3.471256209519624e-05,0
BTC-USD,2026-04-06T15:09:26.342639374Z,69659.0,69660.11499999999,0.0,0.00999999999476131,0.0014355417005500653,4.1335327596864244e-05,-4.13677708048375e-07,348,5.8,0.1405459770120479,41.229999999995925,3.4762830712566576e-05,0
BTC-USD,2026-04-06T15:09:26.490291142Z,69660.12,69660.11499999999,1.6078195153880134e-05,0.00999999999476131,0.0014355417005500653,4.134477569026553e-05,-3.673428516971354e-07,348,5.8,0.1405459770120479,41.229999999995925,3.4751657758177304e-05,0
BTC-USD,2026-04-06T15:09:26.588736009Z,69660.12,69662.535,0.0,0.00999999999476131,0.0014354918314071273,4.134477864537714e-05,-3.6692920364927313e-07,348,5.8,0.1405459770120479,41.229999999995925,3.4742350461063504e-05,0
BTC-USD,2026-04-06T15:09:26.76819548Z,69664.0,69662.535,5.569746288010548e-05,0.00999999999476131,0.0014354918314071273,4.145386385916589e-05,-2.0641778324551096e-07,348,5.8,0.1405459770120479,41.229999999995925,3.466091496754468e-05,0
BTC-USD,2026-04-06T15:09:26.840294531Z,69664.0,69662.535,0.0,0.00999999999476131,0.0014354918314071273,4.139426233556336e-05,-2.0582462869595489e-07,349,5.816666666666666,0.1401719197713107,41.229999999995925,3.4711243976643955e-05,0
BTC-USD,2026-04-06T15:09:26.969085708Z,69662.54,69662.535,-2.0957959625821314e-05,0.00999999999476131,0.0014354918314071273,4.140916213615642e-05,-2.6604865060923454e-07,349,5.816666666666666,0.1401719197713107,41.229999999995925,3.47443241599124e-05,0
BTC-USD,2026-04-06T15:09:27.087649319Z,69662.54,69662.535,0.0,0.00999999999476131,0.0014354918314071273,4.134979657662281e-05,-2.6528633355877827e-07,350,5.833333333333333,0.13980000000052054,41.229999999995925,3.474432415991239e-05,0
BTC-USD,2026-04-06T15:09:27.340740004Z,69662.54,69660.11499999999,0.0,0.00999999999476131,0.0014355417005500653,4.1466520107944566e-05,-2.4323732452379065e-07,348,5.8,0.1405459770120479,41.229999999995925,3.474432415991239e-05,0
BTC-USD,2026-04-06T15:09:27.485374724Z,69661.48,69660.11499999999,-1.5216328096427927e-05,0.00999999999476131,0.0014355417005500653,4.1474284648056905e-05,-2.870884141388567e-07,348,5.8,0.1405459770120479,41.229999999995925,3.478597119315865e-05,0
BTC-USD,2026-04-06T15:09:27.586816438Z,69661.48,69660.11499999999,0.0,0.00999999999476131,0.0014355417005500653,4.141465513959984e-05,-2.8626344743156115e-07,349,5.816666666666666,0.1401719197713107,41.229999999995925,3.478596638815155e-05,0
BTC-USD,2026-04-06T15:09:27.76475447Z,69660.11,69660.11499999999,-1.9666729328064648e-05,0.00999999999476131,0.0014355417005500653,4.142764232338433e-05,-3.427770374547354e-07,349,5.816666666666666,0.1401719197713107,41.229999999995925,3.477043695529458e-05,0
BTC-USD,2026-04-06T15:09:27.839788493Z,69660.11,69660.11499999999,0.0,0.00999999999476131,0.0014355417005500653,4.13682518810247e-05,-3.41794868292974e-07,350,5.833333333333333,0.13980000000052054,41.229999999995925,3.482137548679169e-05,0
BTC-USD,2026-04-06T15:09:27.980120854Z,69660.12,69660.11499999999,1.4355417001684814e-07,0.00999999999476131,0.0014355417005500653,4.1368255991180233e-05,-3.413835382929257e-07,350,5.833333333333333,0.13980000000052054,41.229999999995925,3.4821369613130234e-05,0
BTC-USD,2026-04-06T15:09:28.090338469Z,69660.12,69655.465,0.0,0.00999999999476131,0.0014356375332159955,4.136825866963369e-05,-3.4097225729678684e-07,350,5.833333333333333,0.13980000000052054,41.229999999995925,3.499811657663264e-05,0
BTC-USD,2026-04-06T15:09:28.265319565Z,69656.63,69655.465,-5.0101656846267346e-05,0.00999999999476131,0.0014356375332159955,4.1453670519427184e-05,-4.845300133032835e-07,350,5.833333333333333,0.13980000000052054,41.229999999995925,3.494655748082904e-05,0
BTC-USD,2026-04-06T15:09:28.34301437Z,69656.63,69655.465,0.0,0.00999999999476131,0.0014356375332159955,4.1394416708939474e-05,-4.831456418367028e-07,351,5.85,0.13943019943070356,41.229999999995925,3.499790182993433e-05,0
BTC-USD,2026-04-06T15:09:28.519948123Z,69655.47,69655.465,-1.6653255532405485e-05,0.00999999999476131,0.0014356375332159955,4.145996111580805e-05,-5.561012780665471e-07,350,5.833333333333333,0.13980000000052054,41.229999999995925,3.498689337499002e-05,0
BTC-USD,2026-04-06T15:09:28.587276854Z,69655.47,69655.465,0.0,0.00999999999476131,0.0014356375332159955,4.140070087373787e-05,-5.545124172720713e-07,351,5.85,0.13943019943070356,41.229999999995925,3.7151576298033e-05,0
BTC-USD,2026-04-06T15:09:28.752766964Z,69655.46,69655.465,-1.4356375331000165e-07,0.00999999999476131,0.0014356375332159955,4.134168925362588e-05,-5.533416233576495e-07,352,5.866666666666666,0.1390625000004878,41.229999999995925,3.7151588180470546e-05,0
BTC-USD,2026-04-06T15:09:28.839037837Z,69655.46,69655.465,0.0,0.00999999999476131,0.0014356375332159955,4.1282934001768656e-05,-5.517696301094744e-07,353,5.883333333333334,0.1386968838531628,41.229999999995925,3.725877486439622e-05,0
BTC-USD,2026-04-06T15:09:29.087224301Z,69655.46,69655.465,0.0,0.00999999999476131,0.0014356375332159955,4.130943630138438e-05,-6.388075766166987e-07,352,5.866666666666666,0.1390625000004878,41.229999999995925,3.903509782527608e-05,0
BTC-USD,2026-04-06T15:09:29.341540434Z,69655.46,69655.465,0.0,0.00999999999476131,0.0014356375332159955,4.139771591126763e-05,-5.565126355260463e-07,350,5.833333333333333,0.13980000000052054,41.229999999995925,4.045792018196584e-05,0
BTC-USD,2026-04-06T15:09:29.483456814Z,69655.47,69655.465,1.4356375323857636e-07,0.00999999999476131,0.0014356375332159955,4.1338550902741024e-05,-5.545124172724331e-07,351,5.85,0.13943019943070356,41.229999999995925,4.045789347842934e-05,0
BTC-USD,2026-04-06T15:09:29.587416869Z,69655.47,69655.465,0.0,0.00999999999476131,0.0014356375332159955,4.127963265666456e-05,-5.529326098158165e-07,352,5.866666666666666,0.1390625000004878,41.229999999995925,4.0809714578247995e-05,0
BTC-USD,2026-04-06T15:09:29.734005485Z,69655.46,69655.465,-1.4356375331000165e-07,0.00999999999476131,0.0014356375332159955,4.122096086920858e-05,-5.51769630109834e-07,353,5.883333333333334,0.1386968838531628,41.229999999995925,4.080973667086876e-05,0
BTC-USD,2026-04-06T15:09:29.877942124Z,69655.46,69655.465,0.0,0.00999999999476131,0.0014356375332159955,4.116254327674553e-05,-5.502065433389847e-07,354,5.9,0.1383333333337888,41.229999999995925,4.080973667086876e-05,0
BTC-USD,2026-04-06T15:09:30.007581437Z,69655.47,69655.465,1.4356375323857636e-07,0.00999999999476131,0.0014356375332159955,4.110437946679782e-05,-5.48246740241308e-07,355,5.916666666666667,0.13797183098635493,41.229999999995925,4.089544107979472e-05,0
BTC-USD,2026-04-06T15:09:30.11231936Z,69655.47,69655.465,0.0,0.00999999999476131,0.0014356375332159955,4.1102304811007944e-05,-5.247294637727852e-07,355,5.916666666666667,0.13797183098635493,41.229999999995925,4.089544107979472e-05,0
BTC-USD,2026-04-06T15:09:30.340828924Z,69655.47,69660.015,0.0,0.010000000009313226,0.0014355437634219897,4.1102304811007944e-05,-5.247294637727852e-07,355,5.916666666666667,0.1379718309863959,41.229999999995925,4.094554267365909e-05,0
BTC-USD,2026-04-06T15:09:30.514303154Z,69660.02,69660.015,6.531936975030366e-05,0.010000000009313226,0.0014355437634219897,4.125059583806315e-05,-3.402114701278596e-07,355,5.916666666666667,0.1379718309864369,41.229999999995925,4.080600045778151e-05,0
BTC-USD,2026-04-06T15:09:30.590406375Z,69660.02,69663.215,0.0,0.00999999999476131,0.0014354778192136712,4.1192459380845255e-05,-3.3925312795848537e-07,356,5.933333333333334,0.13761235955106702,41.229999999995925,4.086542224734389e-05,0
BTC-USD,2026-04-06T15:09:30.842286315Z,69660.02,69663.215,0.0,0.00999999999476131,0.0014354778192136712,4.1192459380845255e-05,-3.3925312795848537e-07,356,5.933333333333334,0.13761235955106702,41.229999999995925,4.095917312280822e-05,0
BTC-USD,2026-04-06T15:09:31.011497586Z,69663.22,69663.215,4.593634199944355e-05,0.00999999999476131,0.0014354778192136712,4.121860682290844e-05,-1.0513161739860012e-07,356,5.933333333333334,0.13761235955106702,41.229999999995925,4.088534908995975e-05,0
BTC-USD,2026-04-06T15:09:31.08817701Z,69663.22,69663.215,0.0,0.00999999999476131,0.0014354778192136712,4.12767837581539e-05,-1.0542859936865267e-07,355,5.916666666666667,0.1379718309864369,41.229999999995925,4.094474204773299e-05,0
BTC-USD,2026-04-06T15:09:31.259990421Z,69663.21,69663.215,-1.4354778197234354e-07,0.00999999999476131,0.0014354778192136712,4.121860649368132e-05,-1.05535977347818e-07,356,5.933333333333334,0.13761235955106702,41.229999999995925,4.0953233818107344e-05,0
BTC-USD,2026-04-06T15:09:31.343199848Z,69663.21,69650.565,0.0,0.010000000009313226,0.0014357385341114213,4.121860649368132e-05,-1.05535977347818e-07,356,5.933333333333334,0.1376123595511079,41.229999999995925,4.101270498818355e-05,0
BTC-USD,2026-04-06T15:09:31.484120687Z,69652.3,69650.565,-0.00015662290612586532,0.010000000009313226,0.0014357385341114213,4.19859685458496e-05,-5.451915114728672e-07,357,5.95,0.13725490196135498,41.229999999995925,4.015465159333221e-05,0
BTC-USD,2026-04-06T15:09:31.590309443Z,69652.3,69654.32500000001,0.0,0.00999999999476131,0.0014356610296290013,4.1985962618959436e-05,-5.455947204725159e-07,357,5.95,0.13725490196135498,41.229999999995925,4.1602230219651115e-05,0
BTC-USD,2026-04-06T15:09:31.84289416Z,69652.3,69654.805,0.0,0.00999999999476131,0.0014356511363087315,4.1985962618959436e-05,-5.455947204725159e-07,357,5.95,0.13725490196135498,41.229999999995925,4.188553034136313e-05,0
BTC-USD,2026-04-06T15:09:31.873338086Z,69650.56,69654.805,-2.4981540222471256e-05,0.00999999999476131,0.0014356511363087315,4.1947003350025766e-05,-6.140427470887588e-07,358,5.966666666666667,0.13689944134133655,41.229999999995925,4.1865452664749624e-05,0
BTC-USD,2026-04-06T15:09:32.088138999Z,69650.56,69657.125,0.0,0.010000000009313226,0.0014356033226052935,4.19470085459977e-05,-6.136406675259011e-07,358,5.966666666666667,0.13689944134137721,41.229999999995925,4.251844596856562e-05,0
BTC-USD,2026-04-06T15:09:32.090502584Z,69650.57,69657.125,1.4357385338007052e-07,0.010000000009313226,0.0014356033226052935,4.188840143393636e-05,-6.115255431658285e-07,359,5.983333333333333,0.13654596100340488,41.229999999995925,4.2518440562304996e-05,0
BTC-USD,2026-04-06T15:09:32.228002841Z,69654.8,69657.125,6.07298914793347e-05,0.010000000009313226,0.0014356033226052935,4.1954769209400106e-05,-4.4065808627864046e-07,360,6.0,0.13619444444508796,41.229999999995925,4.2451544878418796e-05,0
BTC-USD,2026-04-06T15:09:32.341251879Z,69654.8,69658.045,0.0,0.010000000009313226,0.0014355843620522549,4.201331792066693e-05,-4.418889747877987e-07,359,5.983333333333333,0.13654596100348595,41.229999999995925,4.2625965592628945e-05,0
BTC-USD,2026-04-06T15:09:32.529879948Z,69655.11,69658.045,4.450508940815944e-06,0.010000000009313226,0.0014355843620522549,4.1955555104854824e-05,-4.2826112544071305e-07,360,6.0,0.13619444444516882,41.229999999995925,4.268741347131831e-05,0
BTC-USD,2026-04-06T15:09:32.587806908Z,69655.11,69658.625,0.0,0.010000000009313226,0.0014355724089175211,4.1897249040901476e-05,-4.270715112033777e-07,361,6.016666666666667,0.13584487534700854,41.229999999995925,4.268741347131831e-05,0
BTC-USD,2026-04-06T15:09:32.841289517Z,69655.11,69658.625,0.0,0.010000000009313226,0.0014355724089175211,4.192114052087984e-05,-5.166242742152837e-07,360,6.0,0.13297222222301772,41.229999999995925,4.265332085065978e-05,0
BTC-USD,2026-04-06T15:09:32.978988591Z,69658.04,69658.625,4.206350944519947e-05,0.010000000009313226,0.0014355724089175211,4.198116099806533e-05,-3.9945572422865565e-07,360,6.0,0.13297222222301772,41.229999999995925,4.259153305150456e-05,0
BTC-USD,2026-04-06T15:09:33.087482627Z,69658.04,69658.625,0.0,0.010000000009313226,0.0014355724089175211,4.1922818554234746e-05,-3.983461249946872e-07,361,6.016666666666667,0.13263157894818753,41.229999999995925,4.2653747178055375e-05,0
BTC-USD,2026-04-06T15:09:33.325962756Z,69658.62,69658.625,8.326355225598185e-06,0.010000000009313226,0.0014355724089175211,4.1918353825939e-05,-4.986068820118678e-07,360,6.0,0.13297222222301772,41.229999999995925,4.258886127736531e-05,0
BTC-USD,2026-04-06T15:09:33.340142881Z,69658.62,69658.625,0.0,0.010000000009313226,0.0014355724089175211,4.1860101629062095e-05,-4.972218628951682e-07,361,6.016666666666667,0.13263157894818753,41.229999999995925,4.2651070622791336e-05,0
BTC-USD,2026-04-06T15:09:33.594833855Z,69658.62,69658.625,0.0,0.010000000009313226,0.0014355724089175211,3.803457922028414e-05,-4.5629834800554157e-07,359,5.983333333333333,0.1230919220063882,41.229999999995925,4.258886127736531e-05,0
BTC-USD,2026-04-06T15:09:33.766229479Z,69658.62,69658.625,0.0,0.010000000009313226,0.0014355724089175211,3.7981576941595526e-05,-4.5502732196652896e-07,360,6.0,0.12277777777861855,41.229999999995925,4.2588867181289226e-05,0
BTC-USD,2026-04-06T15:09:33.840239022Z,69658.62,69658.625,0.0,0.010000000009313226,0.0014355724089175211,3.7981576941595526e-05,-4.5502732196652896e-07,360,6.0,0.11958333333419027,41.229999999995925,4.265107655056343e-05,0
BTC-USD,2026-04-06T15:09:34.005032052Z,69658.63,69658.625,1.4355724089329343e-07,0.010000000009313226,0.0014355724089175211,3.798158248585355e-05,-4.5462744107267577e-07,360,6.0,0.11661111111198907,41.229999999995925,4.265107062399554e-05,0
BTC-USD,2026-04-06T15:09:34.087436091Z,69658.63,69658.625,0.0,0.010000000009313226,0.0014355724089175211,3.792880115099228e-05,-4.533645870696961e-07,361,6.016666666666667,0.11631578947458554,41.229999999995925,4.271355337491643e-05,0
BTC-USD,2026-04-06T15:09:34.340736654Z,69658.63,69658.625,0.0,0.010000000009313226,0.0014355724089175211,3.795625482684818e-05,-3.8026074583568757e-07,360,6.0,0.11088888888985417,41.229999999995925,4.271355337491643e-05,0
BTC-USD,2026-04-06T15:09:34.555124802Z,69658.62,69658.625,-1.435572408518266e-07,0.010000000009313226,0.0014355724089175211,3.7956251574787045e-05,-3.8066062672942524e-07,360,6.0,0.10802777777878671,41.229999999995925,4.2812889583481805e-05,0
BTC-USD,2026-04-06T15:09:34.59041186Z,69658.62,69658.625,0.0,0.010000000009313226,0.0014355724089175211,3.7956251574787045e-05,-3.8066062672942524e-07,360,6.0,0.10530555555661623,41.229999999995925,4.287561538220855e-05,0
BTC-USD,2026-04-06T15:09:34.725101772Z,69658.63,69658.625,1.4355724089329343e-07,0.010000000009313226,0.0014355724089175211,3.790350794035679e-05,-3.7920446598602884e-07,361,6.016666666666667,0.10504155124762093,41.229999999995925,4.287561142201139e-05,0
BTC-USD,2026-04-06T15:09:34.83791329Z,69658.63,69658.625,0.0,0.010000000009313226,0.0014355724089175211,3.785097884777345e-05,-3.78154038102411e-07,362,6.033333333333333,0.10477900552596815,41.229999999995925,4.2907578661132914e-05,0
BTC-USD,2026-04-06T15:09:34.973701561Z,69658.62,69658.625,-1.435572408518266e-07,0.010000000009313226,0.0014355724089175211,3.7850975626879075e-05,-3.785517035895352e-07,362,6.033333333333333,0.10209944751495541,41.229999999995925,4.2907580338232996e-05,0
BTC-USD,2026-04-06T15:09:35.088122713Z,69658.62,69658.625,0.0,0.010000000009313226,0.0014355724089175211,3.779866434059775e-05,-3.7750598065144253e-07,363,6.05,0.10184573002871397,41.229999999995925,4.2907580338232996e-05,0
BTC-USD,2026-04-06T15:09:35.339473171Z,69658.62,69658.625,0.0,0.010000000009313226,0.0014355724089175211,3.779866434059775e-05,-3.7750598065144253e-07,363,6.05,0.10184573002871397,41.229999999995925,4.290757866105216e-05,0
BTC-USD,2026-04-06T15:09:35.505260257Z,69658.63,69658.625,1.4355724089329343e-07,0.010000000009313226,0.0014355724089175211,3.774657403849939e-05,-3.7607054477941846e-07,364,6.066666666666666,0.10159340659459473,41.229999999995925,4.290757557130499e-05,0
BTC-USD,2026-04-06T15:09:35.587188712Z,69658.63,69658.625,0.0,0.010000000009313226,0.0014355724089175211,3.769469382847042e-05,-3.750373839421124e-07,365,6.083333333333333,0.10134246575463506,41.229999999995925,4.297062658616253e-05,0
BTC-USD,2026-04-06T15:09:36.029487526Z,69658.62,69658.625,-1.435572408518266e-07,0.010000000009313226,0.0014355724089175211,3.774652004563296e-05,-3.788385411308143e-07,364,6.066666666666666,0.10159340659459473,41.229999999995925,4.284594035173728e-05,0
BTC-USD,2026-04-06T15:09:36.087969445Z,69658.62,69658.625,0.0,0.010000000009313226,0.0014355724089175211,3.7798614908248146e-05,-3.798850564378055e-07,363,6.05,0.10184573002871397,41.229999999995925,4.290871600600624e-05,0
BTC-USD,2026-04-06T15:09:36.586307176Z,69658.62,69658.625,0.0,0.010000000009313226,0.0014355724089175211,3.785092130237777e-05,-3.8133498041814454e-07,362,6.033333333333333,0.10209944751495541,41.229999999995925,4.2721222263007024e-05,0
BTC-USD,2026-04-06T15:09:36.840035504Z,69658.62,69658.625,0.0,0.010000000009313226,0.0014355724089175211,3.750852857729909e-05,-9.41081593139508e-08,361,6.016666666666667,0.10235457063832035,41.229999999995925,4.266048193629645e-05,0
BTC-USD,2026-04-06T15:09:37.087684806Z,69658.62,69658.625,0.0,0.010000000009313226,0.0014355724089175211,3.7559880569614917e-05,-8.077477510980289e-08,360,6.0,0.10261111111237066,41.229999999995925,4.2584641886338255e-05,0
BTC-USD,2026-04-06T15:09:37.6493101Z,69658.62,69653.10500000001,0.0,0.00999999999476131,0.001435686175765073,3.766637450202528e-05,2.2985384239954726e-08,357,5.95,0.10338935574361108,41.229999999995925,4.2523413617640754e-05,0
BTC-USD,2026-04-06T15:09:37.841617516Z,69658.62,69653.10500000001,0.0,0.00999999999476131,0.001435686175765073,3.766637450202528e-05,2.2985384239954726e-08,357,5.95,0.10338935574361108,41.229999999995925,4.264873612632965e-05,0
BTC-USD,2026-04-06T15:09:37.992073023Z,69653.11,69653.10500000001,-7.9103173908857e-05,0.00999999999476131,0.001435686175765073,3.784534594512529e-05,-1.9865651854182948e-07,358,5.966666666666667,0.10312849162140758,41.229999999995925,4.249789752746262e-05,0
BTC-USD,2026-04-06T15:09:38.088035544Z,69653.11,69653.10500000001,0.0,0.00999999999476131,0.001435686175765073,3.784534594512529e-05,-1.9865651854182948e-07,358,5.966666666666667,0.10312849162140758,41.229999999995925,4.243696954591397e-05,0
BTC-USD,2026-04-06T15:09:38.339435437Z,69653.11,69653.10500000001,0.0,0.00999999999476131,0.001435686175765073,3.77924538083777e-05,-1.9810161206545567e-07,359,5.983333333333333,0.10286908078122194,41.229999999995925,4.24978952109584e-05,0
BTC-USD,2026-04-06T15:09:38.510533371Z,69653.1,69653.10500000001,-1.435686175308378e-07,0.00999999999476131,0.001435686175765073,3.77924524658505e-05,-1.9850264172336305e-07,359,5.983333333333333,0.10286908078122194,41.229999999995925,4.249789149656414e-05,0
BTC-USD,2026-04-06T15:09:38.588017371Z,69653.1,69653.10500000001,0.0,0.00999999999476131,0.001435686175765073,3.773978148273385e-05,-1.979497095737158e-07,360,6.0,0.10261111111237066,41.229999999995925,4.2582992424369267e-05,0
BTC-USD,2026-04-06T15:09:38.771161481Z,69653.11,69653.10500000001,1.435686175690381e-07,0.00999999999476131,0.001435686175765073,3.7739784338872915e-05,-1.9754979698995802e-07,360,6.0,0.10261111111237066,41.229999999995925,4.252420492982331e-05,0
BTC-USD,2026-04-06T15:09:38.840926617Z,69653.11,69653.10500000001,0.0,0.00999999999476131,0.001435686175765073,3.773978148299111e-05,-1.9794968115510293e-07,360,6.0,0.10261111111237066,41.229999999995925,4.25852583987357e-05,0
BTC-USD,2026-04-06T15:09:38.969041562Z,69653.1,69653.10500000001,-1.435686175308378e-07,0.00999999999476131,0.001435686175765073,3.768732877760674e-05,-1.9779862264503556e-07,361,6.016666666666667,0.10235457063836066,41.229999999995925,4.2585256306499624e-05,0
BTC-USD,2026-04-06T15:09:39.088588932Z,69653.1,69653.10500000001,0.0,0.00999999999476131,0.001435686175765073,3.773978014395082e-05,-1.9834959373875432e-07,360,6.0,0.10261111111237066,41.229999999995925,4.3494279626230916e-05,0
BTC-USD,2026-04-06T15:09:39.609846267Z,69653.1,69658.625,0.0,0.010000000009313226,0.0014355724089175211,3.784534459503323e-05,-1.9905867153180925e-07,358,5.966666666666667,0.10312849162144823,41.229999999995925,4.344951026036446e-05,0
BTC-USD,2026-04-06T15:09:39.766857549Z,69656.23,69658.625,4.493597091477215e-05,0.010000000009313226,0.0014355724089175211,3.7867451452282284e-05,-7.29831698940887e-08,359,5.983333333333333,0.10286908078130301,41.229999999995925,4.344318131625913e-05,0
BTC-USD,2026-04-06T15:09:39.841065262Z,69656.23,69658.625,0.0,0.010000000009313226,0.0014355724089175211,3.781467468644915e-05,-7.277987415622215e-08,360,6.0,0.10261111111249192,41.229999999995925,4.350518042457406e-05,0
BTC-USD,2026-04-06T15:09:40.015091218Z,69658.62,69658.625,3.4310771611762876e-05,0.010000000009313226,0.0014355724089175211,3.7805454442370224e-05,2.2729991082442004e-08,361,6.016666666666667,0.10235457063852191,41.229999999995925,4.346470956081264e-05,0
BTC-USD,2026-04-06T15:09:40.089770806Z,69658.62,69657.205,0.0,0.010000000009313226,0.0014356016738416686,3.7805454442370224e-05,2.2729991082442004e-08,361,6.016666666666667,0.10235457063856221,41.229999999995925,4.346470956081264e-05,0
BTC-USD,2026-04-06T15:09:40.260657024Z,69657.21,69657.205,-2.0241777263050737e-05,0.010000000009313226,0.0014356016738416686,3.7768076757687014e-05,-3.340437804258065e-08,362,6.033333333333333,0.102099447515277,41.229999999995925,4.3514515687282384e-05,0
BTC-USD,2026-04-06T15:09:40.340573417Z,69657.21,69657.205,0.0,0.010000000009313226,0.0014356016738416686,3.776807675768702e-05,-3.340437804258065e-08,362,6.033333333333333,0.10209944751531719,41.229999999995925,4.357697104072628e-05,0
BTC-USD,2026-04-06T15:09:40.518708921Z,69657.2,69657.205,-1.4356016740013963e-07,0.010000000009313226,0.0014356016738416686,3.77158752729748e-05,-3.37086758032369e-08,363,6.05,0.10184573002907475,41.229999999995925,4.357697786233458e-05,0
BTC-USD,2026-04-06T15:09:40.587176634Z,69657.2,69657.205,0.0,0.010000000009313226,0.0014356016738416686,3.766388924522258e-05,-3.361581443738776e-08,364,6.066666666666666,0.10159340659495453,41.229999999995925,4.363970294355075e-05,0
BTC-USD,2026-04-06T15:09:40.841849451Z,69657.2,69659.745,0.0,0.00999999999476131,0.0014355493254764732,3.714241909413928e-05,3.261115652672447e-07,362,6.033333333333333,0.1020994475153976,41.229999999995925,4.363970294355075e-05,0
BTC-USD,2026-04-06T15:09:41.010675344Z,69659.75,69659.745,3.660717522588859e-05,0.00999999999476131,0.0014355493254764732,3.7139931945692775e-05,4.26335498031392e-07,363,6.05,0.10184573002911484,41.229999999995925,4.359338256913515e-05,0
BTC-USD,2026-04-06T15:09:41.088325481Z,69659.75,69661.33499999999,0.0,0.33000000000174623,0.04737204648773186,3.708874646570163e-05,4.251610200753827e-07,364,6.066666666666666,0.1024725274740946,41.229999999995925,4.365630644855046e-05,0
BTC-USD,2026-04-06T15:09:41.249715053Z,69661.13,69661.33499999999,1.9810383053198724e-05,0.33000000000174623,0.04737204648773186,3.6473506428202855e-05,1.2180445630382628e-07,364,6.066666666666666,0.10335164835323467,41.229999999995925,4.364209219350354e-05,0
BTC-USD,2026-04-06T15:09:41.342859262Z,69661.13,69661.485,0.0,0.010000000009313226,0.0014355134705085924,3.652384889359293e-05,1.2214093270245562e-07,363,6.05,0.10360881542864245,41.229999999995925,4.364209219350354e-05,0
BTC-USD,2026-04-06T15:09:41.586971616Z,69661.13,69661.485,0.0,0.010000000009313226,0.0014355134705085924,3.6473506428202855e-05,1.2180445630382628e-07,364,6.066666666666666,0.10335164835331463,41.229999999995925,4.3705265199582884e-05,0
BTC-USD,2026-04-06T15:09:41.762608825Z,69661.48,69661.485,5.0243101244270226e-06,0.010000000009313226,0.0014355134705085924,3.6474410888121274e-05,1.3564553102676573e-07,364,6.066666666666666,0.1033516483533546,41.229999999995925,4.3704104925601445e-05,0
BTC-USD,2026-04-06T15:09:41.841175782Z,69661.48,69661.485,0.0,0.010000000009313226,0.0014355134705085924,3.647441157845462e-05,1.352500532987023e-07,364,6.066666666666666,0.10335164835339458,41.229999999995925,4.370411491361795e-05,0
BTC-USD,2026-04-06T15:09:42.086691455Z,69661.48,69661.485,0.0,0.010000000009313226,0.0014355134705085924,3.647441157845462e-05,1.352500532987023e-07,364,6.066666666666666,0.10335164835343456,41.229999999995925,4.370411491361795e-05,0
BTC-USD,2026-04-06T15:09:42.262508379Z,69661.49,69661.485,1.435513469421464e-07,0.010000000009313226,0.0014355134705085924,3.6474157101448987e-05,1.2813144549913552e-07,364,6.066666666666666,0.10335164835347453,41.229999999995925,4.370410492919915e-05,0
BTC-USD,2026-04-06T15:09:42.341642211Z,69661.49,69663.225,0.0,0.00999999999476131,0.0014354776131540435,3.6524501018527425e-05,1.2808883069893328e-07,363,6.05,0.1036088154288429,41.229999999995925,4.370410492919916e-05,0
BTC-USD,2026-04-06T15:09:42.514936059Z,69661.5,69663.225,1.435513262920011e-07,0.00999999999476131,0.0014354776131540435,3.647415710144121e-05,1.2813142710552576e-07,364,6.066666666666666,0.10335164835347453,41.229999999995925,4.376754040840568e-05,0
BTC-USD,2026-04-06T15:09:42.623968096Z,69661.5,69665.545,0.0,0.010000000009313226,0.001435429811008186,3.652450040497621e-05,1.2848538132404932e-07,363,6.05,0.10360881542888298,41.229999999995925,4.376754040840568e-05,0
BTC-USD,2026-04-06T15:09:42.791936614Z,69663.23,69665.545,2.4834069301151125e-05,0.010000000009313226,0.001435429811008186,3.6497135606980885e-05,1.965448411582837e-07,364,6.066666666666666,0.1033516483535545,41.229999999995925,4.380906233343276e-05,0
BTC-USD,2026-04-06T15:09:42.841076611Z,69663.23,69665.545,0.0,0.010000000009313226,0.001435429811008186,3.6446969151168114e-05,1.9600488280345324e-07,365,6.083333333333333,0.10309589041288533,41.229999999995925,4.380906233343276e-05,0
BTC-USD,2026-04-06T15:09:43.088649449Z,69663.23,69665.545,0.0,0.010000000009313226,0.001435429811008186,3.6446969151168114e-05,1.9600488280345324e-07,365,6.083333333333333,0.1030958904129252,41.229999999995925,4.3809062333432754e-05,0
BTC-USD,2026-04-06T15:09:43.102010557Z,69665.55,69665.545,3.330252371724585e-05,0.010000000009313226,0.001435429811008186,3.6460340354428905e-05,3.612472694709237e-07,365,6.083333333333333,0.10309589041296507,41.229999999995925,4.383359367111132e-05,0
BTC-USD,2026-04-06T15:09:43.341035644Z,69665.55,69665.545,0.0,0.010000000009313226,0.001435429811008186,3.6460340354428905e-05,3.612472694709237e-07,365,6.083333333333333,0.10309589041300495,41.229999999995925,4.3833583282319924e-05,0
BTC-USD,2026-04-06T15:09:43.460563059Z,69665.54,69665.545,-1.4354298114525132e-07,0.010000000009313226,0.001435429811008186,3.613847984698363e-05,6.128865145902279e-07,365,6.083333333333333,0.10309589041304482,41.229999999995925,4.389777397028524e-05,0
BTC-USD,2026-04-06T15:09:43.586873112Z,69665.54,69665.545,0.0,0.010000000009313226,0.001435429811008186,3.613847984698363e-05,6.128865145902279e-07,365,6.083333333333333,0.10309589041308467,41.229999999995925,4.396223701587123e-05,0
BTC-USD,2026-04-06T15:09:43.738635011Z,69665.54,69665.545,0.0,0.010000000009313226,0.001435429811008186,3.609498210903678e-05,7.040029408099268e-07,365,6.083333333333333,0.10309589041312454,41.229999999995925,4.396223701587123e-05,0
BTC-USD,2026-04-06T15:09:43.841309967Z,69665.54,69662.065,0.0,0.010000000009313226,0.001435501518554356,3.609498210903678e-05,7.040029408099268e-07,365,6.083333333333333,0.10309589041316441,41.229999999995925,4.396223701587123e-05,0
BTC-USD,2026-04-06T15:09:44.089250574Z,69665.54,69659.815,0.0,0.010000000009313226,0.0014355478850056125,3.6122184225055286e-05,7.708111063184248e-07,364,6.066666666666666,0.10335164835391429,41.229999999995925,4.389777397028523e-05,0
BTC-USD,2026-04-06T15:09:44.261289986Z,69662.06,69659.815,-4.9954208652368505e-05,0.010000000009313226,0.0014355478850056125,3.617011033806372e-05,6.314566564319223e-07,365,6.083333333333333,0.10309589041324416,41.229999999995925,4.381796519218141e-05,0
BTC-USD,2026-04-06T15:09:44.376034059Z,69662.06,69659.815,0.0,0.010000000009313226,0.0014355478850056125,3.617011033806372e-05,6.314566564319223e-07,365,6.083333333333333,0.10309589041328403,41.229999999995925,4.3817965192181405e-05,0
BTC-USD,2026-04-06T15:09:44.521466643Z,69659.82,69659.815,-3.215575328421168e-05,0.010000000009313226,0.0014355478850056125,3.616116288464327e-05,5.416286839918028e-07,366,6.1,0.10284153005698903,41.229999999995925,4.384974690661535e-05,0
BTC-USD,2026-04-06T15:09:44.590599551Z,69659.82,69659.815,0.0,0.010000000009313226,0.0014355478850056125,3.611173966687102e-05,5.401488241994755e-07,367,6.116666666666666,0.10258855586067382,41.229999999995925,4.3914345798009015e-05,0
BTC-USD,2026-04-06T15:09:44.774093682Z,69659.81,69659.815,-1.4355478847983542e-07,0.010000000009313226,0.0014355478850056125,3.615191608472406e-05,5.825404394677571e-07,366,6.1,0.10284153005698903,41.229999999995925,4.3979239291900985e-05,0
BTC-USD,2026-04-06T15:09:44.839423774Z,69659.81,69662.045,0.0,0.010000000009313226,0.0014355019306873961,3.6102507246237256e-05,5.809487989227632e-07,367,6.116666666666666,0.10258855586067382,41.229999999995925,4.404441302884693e-05,0
BTC-USD,2026-04-06T15:09:44.958768101Z,69659.82,69662.045,1.435547884109841e-07,0.010000000009313226,0.0014355019306873961,3.605329492764456e-05,5.797569896298156e-07,368,6.133333333333334,0.10233695652412121,41.229999999995925,4.4044403341595414e-05,0
BTC-USD,2026-04-06T15:09:45.087783071Z,69659.82,69662.045,0.0,0.010000000009313226,0.0014355019306873961,3.600428879876832e-05,5.781815630275606e-07,369,6.15,0.10208672086960954,41.229999999995925,4.410986764556496e-05,0
BTC-USD,2026-04-06T15:09:45.248041554Z,69662.05,69662.045,3.2012203111970213e-05,0.010000000009313226,0.0014355019306873961,3.570089735054422e-05,9.408659336595605e-07,368,6.133333333333334,0.1023369565242003,41.229999999995925,4.413885848719485e-05,0
BTC-USD,2026-04-06T15:09:45.499241603Z,69654.01,69662.045,-0.00011542100758427024,0.010000000009313226,0.0014355019306873961,3.5738740778163687e-05,3.0597906352366333e-07,367,6.116666666666666,0.10258855586075313,41.229999999995925,4.369283107843665e-05,0
BTC-USD,2026-04-06T15:09:45.525770754Z,69654.01,69658.0,0.0,2.279999999998836,0.32731344569164145,3.569002074667881e-05,3.0514533310534275e-07,368,6.133333333333334,0.10850543478504139,41.229999999995925,4.37581744456575e-05,0
BTC-USD,2026-04-06T15:09:45.686614161Z,69654.01,69657.38500000001,0.0,0.00999999999476131,0.0014355979620482894,3.567009937840617e-05,2.421574077632408e-07,368,6.133333333333334,0.10850543478500185,41.229999999995925,4.37581744456575e-05,0
BTC-USD,2026-04-06T15:09:45.748808084Z,69657.39,69657.38500000001,4.852438494873717e-05,0.00999999999476131,0.0014355979620482894,3.575877961270231e-05,3.7437644032110775e-07,368,6.133333333333334,0.10850543478496232,41.229999999995925,4.374051922346401e-05,0
BTC-USD,2026-04-06T15:09:45.940051766Z,69657.39,69658.51,0.0,0.059999999997671694,0.008613448665162619,3.571016658128846e-05,3.733591130376265e-07,369,6.15,0.10837398374217833,41.229999999995925,4.376113898303874e-05,0
BTC-USD,2026-04-06T15:09:46.095248007Z,69657.39,69658.57500000001,0.0,0.00999999999476131,0.0014355734372632958,3.5701566686913936e-05,4.1315589959678387e-07,369,6.15,0.10837398374213889,41.229999999995925,4.374609442829281e-05,0
BTC-USD,2026-04-06T15:09:46.274631581Z,69658.48,69658.57500000001,1.564789424237452e-05,0.00999999999476131,0.0014355734372632958,3.571036671652871e-05,4.556773513423668e-07,369,6.15,0.10837398374209946,41.229999999995925,4.376533393271764e-05,0
BTC-USD,2026-04-06T15:09:46.34020506Z,69658.48,69659.39499999999,0.0,0.00999999999476131,0.0014355565383192478,3.566195372622275e-05,4.544424533712493e-07,370,6.166666666666667,0.10810810811034989,41.229999999995925,4.3830784864832786e-05,0
BTC-USD,2026-04-06T15:09:46.587848241Z,69658.48,69659.39499999999,0.0,0.00999999999476131,0.0014355565383192478,3.556316847129927e-05,6.230643345841635e-07,369,6.15,0.10837398374202058,41.229999999995925,4.3830784864832786e-05,0
BTC-USD,2026-04-06T15:09:46.756827537Z,69659.39,69659.39499999999,1.3063650772357238e-05,0.00999999999476131,0.0014355565383192478,3.552338703232703e-05,5.629681580231295e-07,369,6.15,0.10582655826775952,41.229999999995925,4.382430643552411e-05,0
BTC-USD,2026-04-06T15:09:46.840639858Z,69659.39,69659.39499999999,0.0,0.00999999999476131,0.0014355565383192478,3.552338703232703e-05,5.629681580231295e-07,369,6.15,0.10327913279349847,41.229999999995925,4.385299192761526e-05,0
BTC-USD,2026-04-06T15:09:47.088499292Z,69659.39,69659.39499999999,0.0,0.00999999999476131,0.0014355565383192478,3.550644029060182e-05,4.5065340956712377e-07,368,6.133333333333334,0.10323369565428395,41.229999999995925,4.378248488262402e-05,0
BTC-USD,2026-04-06T15:09:47.342400386Z,69659.39,69655.39499999999,0.0,0.00999999999476131,0.0014356389759560349,3.555490544464481e-05,4.5188470303588636e-07,367,6.116666666666666,0.10348773842166928,41.229999999995925,4.378248488262402e-05,0
BTC-USD,2026-04-06T15:09:47.48082699Z,69655.4,69655.39499999999,-5.728035050832422e-05,0.00999999999476131,0.0014356389759560349,3.563374489216799e-05,2.9457616022564087e-07,368,6.133333333333334,0.10323369565420486,41.229999999995925,4.3738682980638794e-05,0
BTC-USD,2026-04-06T15:09:47.588505989Z,69655.4,69652.875,0.0,0.010000000009313226,0.0014356909186179646,3.5585299846431056e-05,2.937756815293755e-07,369,6.15,0.10298102981234877,41.229999999995925,4.373868298063879e-05,0
BTC-USD,2026-04-06T15:09:47.743341485Z,69655.39,69652.875,-1.4356389763901558e-07,0.010000000009313226,0.0014356909186179646,3.5585303851876615e-05,2.9338556224231294e-07,369,6.15,0.10298102981234877,41.229999999995925,4.380410342577899e-05,0
BTC-USD,2026-04-06T15:09:47.840712361Z,69655.39,69652.875,0.0,0.010000000009313226,0.0014356909186179646,3.5537055843337206e-05,2.9259047941780805e-07,370,6.166666666666667,0.10272972973180003,41.229999999995925,4.3804103425778984e-05,0
BTC-USD,2026-04-06T15:09:47.99891614Z,69652.87,69652.875,-3.617875925346557e-05,0.010000000009313226,0.0014356909186179646,3.558759982065464e-05,1.9454506138673606e-07,370,6.166666666666667,0.10272972973180003,41.229999999995925,4.382639456073794e-05,0
BTC-USD,2026-04-06T15:09:48.088354369Z,69652.87,69652.875,0.0,0.010000000009313226,0.0014356909186179646,3.558759982065464e-05,1.9454506138673606e-07,370,6.166666666666667,0.10272972973180003,41.229999999995925,4.382639456073794e-05,0
BTC-USD,2026-04-06T15:09:48.340726385Z,69652.87,69652.875,0.0,0.010000000009313226,0.0014356909186179646,3.553947736663681e-05,1.9401926392352866e-07,371,6.183333333333334,0.10247978436866664,41.229999999995925,4.389233952535963e-05,0
BTC-USD,2026-04-06T15:09:48.841781653Z,69652.87,69652.875,0.0,0.010000000009313226,0.0014356909186179646,3.5278873616891966e-05,4.56494453541856e-07,369,6.15,0.09146341463631533,41.229999999995925,4.382639456073794e-05,0
BTC-USD,2026-04-06T15:09:49.088004326Z,69652.87,69652.875,0.0,0.010000000009313226,0.0014356909186179646,3.5215311520963066e-05,3.1023645599628794e-07,368,6.133333333333334,0.09168478261084523,41.229999999995925,4.389233952535962e-05,0
BTC-USD,2026-04-06T15:09:49.344149531Z,69652.87,69663.625,0.0,0.010000000009313226,0.0014354693729063375,3.526129072946377e-05,3.303073527758653e-07,367,6.116666666666666,0.09190735695035894,41.229999999995925,4.382639456073794e-05,0
BTC-USD,2026-04-06T15:09:49.518405969Z,69663.23,69663.625,0.00014872652936876425,0.010000000009313226,0.0014354693729063375,3.610209225819793e-05,7.366639903954398e-07,367,6.116666666666666,0.09190735695035894,41.229999999995925,4.305429056126997e-05,0
BTC-USD,2026-04-06T15:09:49.590731448Z,69663.23,69663.625,0.0,0.010000000009313226,0.0014354693729063375,3.60710827843597e-05,8.127737202428619e-07,367,6.116666666666666,0.09190735695035894,41.229999999995925,4.311905045641456e-05,0
BTC-USD,2026-04-06T15:09:49.76239583Z,69663.63,69663.625,5.741893558952724e-06,0.010000000009313226,0.0014354693729063375,3.607197451368049e-05,8.284619540104922e-07,367,6.116666666666666,0.09190735695035894,41.229999999995925,4.337602193381736e-05,0
BTC-USD,2026-04-06T15:09:49.842128231Z,69663.63,69661.205,0.0,0.010000000009313226,0.0014355192404887664,3.60719745136805e-05,8.284619540104922e-07,367,6.116666666666666,0.09190735695035894,41.229999999995925,4.344128168857601e-05,0
BTC-USD,2026-04-06T15:09:50.021483194Z,69663.62,69661.205,-1.4354693731454515e-07,0.010000000009313226,0.0014355192404887664,3.602283224686235e-05,8.258134284210508e-07,368,6.133333333333334,0.09168478261084523,41.229999999995925,4.3376035603238225e-05,0
BTC-USD,2026-04-06T15:09:50.098901192Z,69663.62,69661.205,0.0,0.010000000009313226,0.0014355192404887664,3.602283224686235e-05,8.258134284210508e-07,368,6.133333333333334,0.09168478261088477,41.229999999995925,4.3376035603238225e-05,0
BTC-USD,2026-04-06T15:09:50.299062044Z,69661.2,69661.205,-3.473896467604888e-05,0.010000000009313226,0.0014355192404887664,3.602146578295991e-05,7.291700096589042e-07,369,6.15,0.09146341463635477,41.229999999995925,4.3400973699915934e-05,0
BTC-USD,2026-04-06T15:09:50.34158467Z,69661.2,69661.205,0.0,0.010000000009313226,0.0014355192404887664,3.596706636647763e-05,8.302314784896872e-07,369,6.15,0.0914634146363942,41.229999999995925,4.3400973699915934e-05,0
BTC-USD,2026-04-06T15:09:50.587730888Z,69661.2,69661.205,0.0,0.010000000009313226,0.0014355192404887664,3.596706636647763e-05,8.302314784896872e-07,369,6.15,0.09146341463643363,41.229999999995925,4.351037572609359e-05,0
BTC-USD,2026-04-06T15:09:50.841181719Z,69661.2,69660.51000000001,0.0,1.4000000000087311,0.20097469857868266,3.601600833997377e-05,8.324936896027381e-07,368,6.133333333333334,0.09546195652408483,41.229999999995925,4.33799568941987e-05,0
BTC-USD,2026-04-06T15:09:51.124909035Z,69661.2,69660.815,0.0,0.010000000009313226,0.0014355272773241637,3.5961156761988586e-05,9.338342992033857e-07,368,6.133333333333334,0.09546195652412438,41.229999999995925,4.3379950161514056e-05,0
BTC-USD,2026-04-06T15:09:51.340932704Z,69661.2,69660.815,0.0,0.010000000009313226,0.0014355272773241637,3.5961156761988586e-05,9.338342992033857e-07,368,6.133333333333334,0.09546195652416392,41.229999999995925,4.3445016824271355e-05,0
BTC-USD,2026-04-06T15:09:51.49545015Z,69660.82,69660.815,-5.454988378551741e-06,0.010000000009313226,0.0014355272773241637,3.596266698557638e-05,9.189705706514737e-07,368,6.133333333333334,0.09546195652420346,41.229999999995925,4.337921107821813e-05,0
BTC-USD,2026-04-06T15:09:51.590072962Z,69660.82,69666.765,0.0,0.010000000009313226,0.0014354046738517608,3.5913803289303754e-05,9.164733680138337e-07,369,6.15,0.09523035230600593,41.229999999995925,4.337921107821813e-05,0
BTC-USD,2026-04-06T15:09:51.770838699Z,69666.19,69666.765,7.708483807488687e-05,0.010000000009313226,0.0014354046738517608,3.5718879275897615e-05,1.4065260543325545e-06,369,6.15,0.09523035230600593,41.229999999995925,4.316911159699742e-05,0
BTC-USD,2026-04-06T15:09:51.842917822Z,69666.19,69673.58499999999,0.0,0.00999999999476131,0.0014352641671533499,3.574304243210288e-05,1.337573227816509e-06,368,6.133333333333334,0.09546195652416392,39.36999999999534,4.323384899853723e-05,0
BTC-USD,2026-04-06T15:09:52.019156306Z,69672.7,69673.58499999999,9.344124967156228e-05,0.00999999999476131,0.0014352641671533499,3.606397178670798e-05,1.5921815375482861e-06,368,6.133333333333334,0.09546195652412438,40.69999999999709,4.295686772336873e-05,0
BTC-USD,2026-04-06T15:09:52.092864273Z,69672.7,69678.29000000001,0.0,0.5200000000040745,0.07462869711700366,3.6060772120160306e-05,1.5624418577230785e-06,368,6.133333333333334,0.09684782608932753,39.94000000000233,4.295686772336873e-05,0
BTC-USD,2026-04-06T15:09:52.245581217Z,69674.28,69678.29000000001,2.2677204774345182e-05,0.5200000000040745,0.07462869711700366,3.60285145087332e-05,1.6198189308660734e-06,369,6.15,0.09799457994817509,41.520000000004075,4.335590318790964e-05,0
BTC-USD,2026-04-06T15:09:52.340772396Z,69674.28,69678.545,0.0,0.010000000009313226,0.0014351620013467886,3.60285145087332e-05,1.6198189308660734e-06,369,6.15,0.09799457994817509,41.520000000004075,4.342083959560254e-05,0
BTC-USD,2026-04-06T15:09:52.543540145Z,69678.55,69678.545,6.128329078556181e-05,0.010000000009313226,0.0014351620013467886,3.616202668982011e-05,1.7863496123485785e-06,369,6.15,0.09799457994817509,45.79000000000815,4.3317374318507063e-05,0
BTC-USD,2026-04-06T15:09:52.589889926Z,69678.55,69683.945,0.0,0.00999999999476131,0.0014350507846192274,3.616202668982012e-05,1.7863496123485785e-06,369,6.15,0.09799457994813565,45.79000000000815,4.3382204510318096e-05,0
BTC-USD,2026-04-06T15:09:52.840793427Z,69678.55,69684.54000000001,0.0,1.0600000000122236,0.15211408441703475,3.6113112818843275e-05,1.7815085564885552e-06,370,6.166666666666667,0.1005945945969575,45.79000000000815,4.360010432505809e-05,0
BTC-USD,2026-04-06T15:09:53.089657756Z,69678.55,69684.035,0.0,0.00999999999476131,0.0014350489311879414,3.616202668982012e-05,1.7863496123485785e-06,369,6.15,0.10084010840338865,45.79000000000815,4.355371690790568e-05,0
BTC-USD,2026-04-06T15:09:53.148021253Z,69683.94,69684.035,7.735223448840183e-05,0.00999999999476131,0.0014350489311879414,3.632603970577539e-05,1.9911352082186413e-06,370,6.166666666666667,0.10059459459687885,51.18000000000757,4.333420473350709e-05,0
BTC-USD,2026-04-06T15:09:53.350811567Z,69683.94,69684.035,0.0,0.00999999999476131,0.0014350489311879414,3.632606026692624e-05,1.9907460197235644e-06,370,6.166666666666667,0.10059459459683952,51.18000000000757,4.358041768946817e-05,0
BTC-USD,2026-04-06T15:09:53.472449083Z,69684.04,69684.035,1.4350498584365848e-06,0.00999999999476131,0.0014350489311879414,3.6276949254915317e-05,1.9892441382065725e-06,371,6.183333333333334,0.10035040431489323,51.279999999998836,4.364473260976906e-05,0
BTC-USD,2026-04-06T15:09:53.591006824Z,69684.04,69691.715,0.0,0.00999999999476131,0.001434890789351548,3.632590160747591e-05,1.995024232225475e-06,370,6.166666666666667,0.10059459459676086,51.279999999998836,4.3959894206519646e-05,0
BTC-USD,2026-04-06T15:09:53.843180778Z,69684.04,69691.715,0.0,0.00999999999476131,0.001434890789351548,3.637507489704284e-05,2.0004454937260878e-06,369,6.15,0.10084010840319148,51.279999999998836,4.386803966970611e-05,0
BTC-USD,2026-04-06T15:09:53.984771896Z,69684.04,69691.715,0.0,0.00999999999476131,0.001434890789351548,3.63259016074759e-05,1.995024232225475e-06,370,6.166666666666667,0.1005945945966822,51.279999999998836,4.393287261618988e-05,0
BTC-USD,2026-04-06T15:09:54.089974074Z,69684.04,69690.005,0.0,0.00999999999476131,0.001434925997603431,3.63259016074759e-05,1.995024232225475e-06,370,6.166666666666667,0.10059459459664287,51.279999999998836,4.402320752054223e-05,0
BTC-USD,2026-04-06T15:09:54.342166941Z,69684.04,69690.005,0.0,0.00999999999476131,0.001434925997603431,3.627692720112187e-05,1.9896322748410816e-06,371,6.183333333333334,0.1003504043146971,51.279999999998836,4.396749675384498e-05,0
BTC-USD,2026-04-06T15:09:54.485503382Z,69691.65,69690.005,0.00010920125321091682,0.00999999999476131,0.001434925997603431,3.67508000756042e-05,2.290573399315538e-06,370,6.166666666666667,0.10059459459656421,58.879999999990105,4.3537918624020195e-05,0
BTC-USD,2026-04-06T15:09:54.589466853Z,69691.65,69690.005,0.0,0.00999999999476131,0.001434925997603431,3.670129589481938e-05,2.2843826603984687e-06,371,6.183333333333334,0.10035040431461865,58.879999999990105,4.360222420211986e-05,0
BTC-USD,2026-04-06T15:09:54.772657394Z,69690.0,69690.005,-2.367600039280652e-05,0.00999999999476131,0.001434925997603431,3.67357676060673e-05,2.1314504744414824e-06,370,6.166666666666667,0.10059459459656421,56.439999999987776,4.383471802025515e-05,0
BTC-USD,2026-04-06T15:09:54.837865765Z,69690.0,69690.005,0.0,0.00999999999476131,0.001434925997603431,3.6686257983046744e-05,2.1256897974835325e-06,371,6.183333333333334,0.10035040431461865,56.439999999987776,4.3899411800938775e-05,0
BTC-USD,2026-04-06T15:09:55.088285296Z,69690.0,69690.005,0.0,0.00999999999476131,0.001434925997603431,3.666713746895197e-05,2.0088631756841696e-06,370,6.166666666666667,0.10059459459656421,53.2899999999936,4.416758591625295e-05,0
BTC-USD,2026-04-06T15:09:55.338222819Z,69690.0,69690.005,0.0,0.00999999999476131,0.001434925997603431,3.666713746895198e-05,2.0088631756841696e-06,370,6.166666666666667,0.10059459459656421,53.2899999999936,4.411172587017279e-05,0
BTC-USD,2026-04-06T15:09:55.587905763Z,69690.0,69690.005,0.0,0.00999999999476131,0.001434925997603431,3.666713746895198e-05,2.0088631756841696e-06,370,6.166666666666667,0.10059459459656421,53.2899999999936,4.425179045611699e-05,0
BTC-USD,2026-04-06T15:09:55.839133571Z,69690.0,69690.005,0.0,0.00999999999476131,0.001434925997603431,3.606643715859106e-05,1.6506662596400908e-06,369,6.15,0.09509485095051126,46.54999999998836,4.4157939353318035e-05,0
BTC-USD,2026-04-06T15:09:56.088111589Z,69690.0,69690.005,0.0,0.00999999999476131,0.001434925997603431,3.606735509610221e-05,1.5534472266796199e-06,368,6.133333333333334,0.0953260869584641,46.54999999998836,4.4032943343406816e-05,0
BTC-USD,2026-04-06T15:09:56.340946407Z,69690.0,69688.025,0.0,0.00999999999476131,0.0014349667672116282,3.608334311318165e-05,1.4725682073034824e-06,367,6.116666666666666,0.09555858310814966,46.54999999998836,4.409702149237803e-05,0
BTC-USD,2026-04-06T15:09:56.507423317Z,69688.02,69688.025,-2.8411940421129204e-05,0.00999999999476131,0.0014349667672116282,3.611697411407537e-05,1.394939954786736e-06,367,6.116666666666666,0.09555858310811001,46.54999999998836,4.407825747734563e-05,0
BTC-USD,2026-04-06T15:09:56.589715204Z,69688.02,69685.705,0.0,0.010000000009313226,0.0014350145426975628,3.611698848277198e-05,1.3945476871429983e-06,367,6.116666666666666,0.09555858310811001,46.54999999998836,4.414261234611342e-05,0
BTC-USD,2026-04-06T15:09:56.843801208Z,69688.02,69686.005,0.0,0.00999999999476131,0.0014350083628357387,3.611698848277198e-05,1.3945476871429983e-06,367,6.116666666666666,0.09555858310807036,46.54999999998836,4.402367528728675e-05,0
BTC-USD,2026-04-06T15:09:56.989620717Z,69686.0,69686.005,-2.89867509044289e-05,0.00999999999476131,0.0014350083628357387,3.61025030999444e-05,1.311764857193211e-06,368,6.133333333333334,0.09532608695830593,46.54999999998836,4.406800178708718e-05,0
BTC-USD,2026-04-06T15:09:57.087797387Z,69686.0,69686.005,0.0,0.00999999999476131,0.0014350083628357387,3.610248810597973e-05,1.3121560559876805e-06,368,6.133333333333334,0.09532608695826639,46.54999999998836,4.406796177737629e-05,0
BTC-USD,2026-04-06T15:09:57.20726646Z,69686.01,69686.005,1.4350083624266766e-07,0.00999999999476131,0.0014350083628357387,3.605345377289204e-05,1.3089803624557647e-06,369,6.15,0.0950948509502352,46.54999999998836,4.406792044589374e-05,0
BTC-USD,2026-04-06T15:09:57.343434056Z,69686.01,69688.005,0.0,0.00999999999476131,0.0014349671790376709,3.610247466956209e-05,1.3125470664406576e-06,368,6.133333333333334,0.0953260869581873,46.54999999998836,4.413912308103162e-05,0
BTC-USD,2026-04-06T15:09:57.534580909Z,69688.01,69688.005,2.869975337053026e-05,0.00999999999476131,0.0014349671790376709,3.608156767108412e-05,1.3869688227017708e-06,369,6.15,0.09509485095015634,46.54999999998836,4.407477406891569e-05,0
BTC-USD,2026-04-06T15:09:57.588316016Z,69688.01,69688.005,0.0,0.00999999999476131,0.0014349671790376709,3.6032715633311504e-05,1.3832100996050181e-06,370,6.166666666666667,0.0948648648664931,46.54999999998836,4.4138901115770764e-05,0
BTC-USD,2026-04-06T15:09:57.839980368Z,69688.01,69688.005,0.0,0.00999999999476131,0.0014349671790376709,3.6081581889535954e-05,1.3865786869474006e-06,369,6.15,0.09509485095007747,46.54999999998836,4.407473286737511e-05,0
BTC-USD,2026-04-06T15:09:58.016131878Z,69688.0,69688.005,-1.4349671792313087e-07,0.00999999999476131,0.0014349671790376709,3.613063321508143e-05,1.3903570300716364e-06,368,6.133333333333334,0.09532608695802913,46.54999999998836,4.407477400844318e-05,0
BTC-USD,2026-04-06T15:09:58.841830506Z,69688.0,69688.005,0.0,0.00999999999476131,0.0014349671790376709,3.6229339036916734e-05,1.3979754247569603e-06,366,6.1,0.09579234972820093,46.54999999998836,5.051923052244785e-05,1
BTC-USD,2026-04-06T15:09:59.009664672Z,69688.01,69688.005,1.4349671798197108e-07,0.00999999999476131,0.0014349671790376709,3.6179870810824166e-05,1.3945478873067554e-06,367,6.116666666666666,0.09555858310767384,46.54999999998836,5.0519188017276216e-05,1
BTC-USD,2026-04-06T15:09:59.090399559Z,69688.01,69688.005,0.0,0.00999999999476131,0.0014349671790376709,3.613061894321645e-05,1.3907480293031947e-06,368,6.133333333333334,0.09532608695791049,46.54999999998836,5.103171846122233e-05,1
BTC-USD,2026-04-06T15:09:59.340708256Z,69688.01,69688.005,0.0,0.00999999999476131,0.0014349671790376709,3.617987081082417e-05,1.3945478873067554e-06,367,6.116666666666666,0.09555858310759455,46.54999999998836,5.1258275224020674e-05,1
BTC-USD,2026-04-06T15:09:59.480488254Z,69688.0,69688.005,-1.4349671792313087e-07,0.00999999999476131,0.0014349671790376709,3.617990103360187e-05,1.3937635521277085e-06,367,6.116666666666666,0.0955585831075549,46.54999999998836,5.1258310419123304e-05,1
BTC-USD,2026-04-06T15:09:59.842737747Z,69688.0,69688.005,0.0,0.00999999999476131,0.0014349671790376709,3.632887278769872e-05,1.4052822591699824e-06,364,6.066666666666666,0.096263736264918,46.54999999998836,5.118154425474709e-05,1
BTC-USD,2026-04-06T15:10:00.088930931Z,69688.0,69688.005,0.0,0.00999999999476131,0.0014349671790376709,3.6328872787698723e-05,1.4052822591699824e-06,364,6.066666666666666,0.09626373626487802,46.54999999998836,5.118154425474709e-05,1
BTC-USD,2026-04-06T15:10:00.62110703Z,69688.0,69688.005,0.0,0.00999999999476131,0.0014349671790376709,3.525877769698365e-05,7.939418332973358e-07,360,6.0,0.09550000000114475,46.54999999998836,5.098730763341764e-05,1
BTC-USD,2026-04-06T15:10:00.886494671Z,69688.0,69664.725,0.0,5.44999999999709,0.78231845456895,3.530796245589291e-05,7.961595479154849e-07,359,5.983333333333333,0.11089136490367599,46.54999999998836,5.3314151442881115e-05,1
BTC-USD,2026-04-06T15:10:00.964814125Z,69664.89,69664.725,-0.00033167593742561714,5.44999999999709,0.78231845456895,3.93729147389645e-05,-1.2994657178794864e-07,360,6.0,0.12572222222337992,46.54999999998836,5.0462332020228374e-05,1
BTC-USD,2026-04-06T15:10:01.092349146Z,69664.89,69660.64499999999,0.0,0.00999999999476131,0.0014355307784992965,3.931819270173946e-05,-1.2958560908853767e-07,361,6.016666666666667,0.12540166205100145,46.54999999998836,5.346824194561262e-05,1
BTC-USD,2026-04-06T15:10:01.27697466Z,69660.64,69660.64499999999,-6.100820145913877e-05,0.00999999999476131,0.0014355307784992965,3.878296062232682e-05,9.677005792242365e-08,360,6.0,0.12572222222337992,46.54999999998836,5.61758257208629e-05,1
BTC-USD,2026-04-06T15:10:01.342933223Z,69660.64,69664.235,0.0,0.010000000009313226,0.001435456803525256,3.872905827568335e-05,9.650125220597248e-08,361,6.016666666666667,0.12540166205104178,46.54999999998836,5.61758257208629e-05,1
BTC-USD,2026-04-06T15:10:01.488088225Z,69664.24,69664.235,5.167777644311274e-05,0.010000000009313226,0.001435456803525256,3.8824089890483714e-05,2.40050631214619e-07,361,6.016666666666667,0.12540166205108208,46.54999999998836,5.617731624604448e-05,1
BTC-USD,2026-04-06T15:10:01.58993986Z,69664.24,69664.235,0.0,0.010000000009313226,0.001435456803525256,3.8824086685550854e-05,2.4044940367467637e-07,361,6.016666666666667,0.12540166205112238,46.54999999998836,5.9502524631861073e-05,1
BTC-USD,2026-04-06T15:10:01.788451567Z,69664.23,69664.235,-1.4354568031985622e-07,0.010000000009313226,0.001435456803525256,3.8824089890143356e-05,2.400506656737879e-07,361,6.016666666666667,0.1254016620511627,46.54999999998836,5.950258749017498e-05,1
BTC-USD,2026-04-06T15:10:01.851197317Z,69664.23,69664.235,0.0,0.010000000009313226,0.001435456803525256,3.8824089890143356e-05,2.400506656737879e-07,361,6.016666666666667,0.125401662051203,46.54999999998836,5.950258749017498e-05,1
BTC-USD,2026-04-06T15:10:02.090902927Z,69664.23,69660.64499999999,0.0,0.00999999999476131,0.0014355307784992965,3.8824089890143356e-05,2.400506656737879e-07,361,6.016666666666667,0.125401662051203,46.54999999998836,5.953296875545303e-05,1
BTC-USD,2026-04-06T15:10:02.274531447Z,69660.64,69660.64499999999,-5.1534230762826604e-05,0.00999999999476131,0.0014355307784992965,3.8865658772451596e-05,9.663160354497792e-08,362,6.033333333333333,0.12508287292950013,46.54999999998836,5.9783461574883566e-05,1
BTC-USD,2026-04-06T15:10:02.588416447Z,69660.64,69660.64499999999,0.0,0.00999999999476131,0.0014355307784992965,3.886565877245159e-05,9.663160354497792e-08,362,6.033333333333333,0.12508287292950013,46.54999999998836,5.971247899736519e-05,1
BTC-USD,2026-04-06T15:10:02.758365313Z,69660.65,69660.64499999999,1.4355307777959333e-07,0.00999999999476131,0.0014355307784992965,3.881193987705714e-05,9.676122087711774e-08,363,6.05,0.12476584022169093,46.54999999998836,5.97124569599199e-05,1
BTC-USD,2026-04-06T15:10:02.846615233Z,69660.65,69649.89499999999,0.0,0.00999999999476131,0.0014357523431673962,3.881193987705714e-05,9.676122087711774e-08,363,6.05,0.12476584022169093,46.54999999998836,5.97124569599199e-05,1
BTC-USD,2026-04-06T15:10:03.069203021Z,69650.28,69649.89499999999,-0.00014887561254736372,0.00999999999476131,0.0014357523431673962,3.9537141868396e-05,-3.136309933604603e-07,364,6.066666666666666,0.12445054945183674,46.54999999998836,5.9291809379057996e-05,1
BTC-USD,2026-04-06T15:10:03.090390743Z,69650.28,69655.85500000001,0.0,0.00999999999476131,0.0014356294951460016,3.9482798668691856e-05,-3.1276936975232715e-07,365,6.083333333333333,0.12413698630263927,46.54999999998836,5.92084046392244e-05,1
BTC-USD,2026-04-06T15:10:03.222758206Z,69652.72,69655.85500000001,3.503154993436739e-05,0.00999999999476131,0.0014356294951460016,3.917503536268045e-05,1.9855218107712638e-07,364,6.066666666666666,0.12445054945183674,46.54999999998836,5.9257838804094656e-05,1
BTC-USD,2026-04-06T15:10:03.350611651Z,69652.72,69651.045,0.0,0.010000000009313226,0.001435728639722954,3.905709938020172e-05,5.94901515859635e-09,363,6.05,0.12476584022173103,46.54999999998836,5.935463314397062e-05,1
BTC-USD,2026-04-06T15:10:03.519492737Z,69656.0,69651.045,4.70896581434548e-05,0.010000000009313226,0.001435728639722954,3.908126050452393e-05,1.356562028398531e-07,364,6.066666666666666,0.12445054945191669,46.54999999998836,5.9296836551714656e-05,1
BTC-USD,2026-04-06T15:10:03.587902336Z,69656.0,69651.045,0.0,0.010000000009313226,0.001435728639722954,3.908126050452393e-05,1.356562028398531e-07,364,6.066666666666666,0.12445054945195667,46.54999999998836,5.93803501608557e-05,1
BTC-USD,2026-04-06T15:10:03.772148503Z,69656.0,69651.045,0.0,0.010000000009313226,0.001435728639722954,3.904976263362873e-05,8.141062963323045e-19,363,6.05,0.12476584022185129,46.54999999998836,5.9380350160855705e-05,1
BTC-USD,2026-04-06T15:10:03.843020763Z,69656.0,69651.045,0.0,0.010000000009313226,0.001435728639722954,3.896861333983328e-05,1.320649322033644e-07,363,6.05,0.12476584022189138,46.54999999998836,5.952082822109923e-05,1
BTC-USD,2026-04-06T15:10:04.088637407Z,69656.0,69651.045,0.0,0.010000000009313226,0.001435728639722954,3.894156709975826e-05,9.755379346648919e-19,362,6.033333333333333,0.12508287292974132,46.54999999998836,5.943710768254002e-05,1
BTC-USD,2026-04-06T15:10:04.251519164Z,69651.04,69651.045,-7.120961011159303e-05,0.010000000009313226,0.001435728639722954,3.906693787373417e-05,-1.9671163014154932e-07,363,6.05,0.12476584022197156,46.54999999998836,5.932506432798868e-05,1
BTC-USD,2026-04-06T15:10:04.343794596Z,69651.04,69651.045,0.0,0.010000000009313226,0.001435728639722954,3.906693787373417e-05,-1.9671163014154932e-07,363,6.05,0.12476584022201163,46.54999999998836,5.936498754438012e-05,1
BTC-USD,2026-04-06T15:10:04.508499197Z,69656.0,69651.045,7.12096101116805e-05,0.010000000009313226,0.001435728639722954,3.919220477319742e-05,1.2111404433687935e-18,364,6.066666666666666,0.12445054945219654,46.54999999998836,5.923667922517124e-05,1
BTC-USD,2026-04-06T15:10:04.58977841Z,69656.0,69651.045,0.0,0.010000000009313226,0.001435728639722954,3.919220477319742e-05,1.2111404433687935e-18,364,6.066666666666666,0.12445054945223652,46.54999999998836,5.9240766983134815e-05,1
BTC-USD,2026-04-06T15:10:04.712171936Z,69651.04,69651.045,-7.120961011159303e-05,0.010000000009313226,0.001435728639722954,3.931541144004286e-05,-1.9563079700866315e-07,365,6.083333333333333,0.12413698630307782,46.54999999998836,5.912787647952106e-05,1
BTC-USD,2026-04-06T15:10:04.840695507Z,69651.04,69651.045,0.0,0.010000000009313226,0.001435728639722954,3.926151910491335e-05,-1.9509482222233805e-07,366,6.1,0.1238251366137506,46.54999999998836,5.913727998058416e-05,1
BTC-USD,2026-04-06T15:10:04.98668834Z,69656.0,69651.045,7.12096101116805e-05,0.010000000009313226,0.001435728639722954,3.938461438813556e-05,1.4401966972900004e-18,367,6.116666666666666,0.1235149863777712,46.54999999998836,5.9008751708106556e-05,1
BTC-USD,2026-04-06T15:10:05.089461441Z,69656.0,69651.045,0.0,0.010000000009313226,0.001435728639722954,3.9330920274023386e-05,1.4362724556080112e-18,368,6.133333333333334,0.1232065217409004,46.54999999998836,5.960944982047936e-05,1
BTC-USD,2026-04-06T15:10:05.340845711Z,69656.0,69651.045,0.0,0.010000000009313226,0.001435728639722954,3.9330920274023386e-05,1.4362724556080112e-18,368,6.133333333333334,0.12320652174093993,46.54999999998836,5.969315901501653e-05,1
BTC-USD,2026-04-06T15:10:05.516693296Z,69651.04,69651.045,-7.120961011159303e-05,0.010000000009313226,0.001435728639722954,3.950570285941927e-05,-1.9403163518001613e-07,368,6.133333333333334,0.12320652174097947,46.54999999998836,5.949924978937261e-05,1
BTC-USD,2026-04-06T15:10:05.589295962Z,69651.04,69651.045,0.0,0.010000000009313226,0.001435728639722954,3.945199141130503e-05,-1.9350437530180956e-07,369,6.15,0.12289972899915924,46.54999999998836,5.949924978937261e-05,1
BTC-USD,2026-04-06T15:10:05.840662009Z,69651.04,69654.505,0.0,0.00999999999476131,0.0014356573196179212,3.94989080017113e-05,-1.5491346589864404e-07,368,6.133333333333334,0.12320652174101902,46.54999999998836,5.942449624605654e-05,1
BTC-USD,2026-04-06T15:10:06.033868284Z,69651.08,69654.505,5.742913318968055e-07,0.00999999999476131,0.0014356573196179212,3.949892548374787e-05,-1.5334863938121408e-07,368,6.133333333333334,0.12320652174101902,46.54999999998836,5.9424401283945206e-05,1
BTC-USD,2026-04-06T15:10:06.090225552Z,69651.08,69654.505,0.0,0.00999999999476131,0.0014356573196179212,3.944522276503867e-05,-1.52931931122026e-07,369,6.15,0.12289972899915924,46.54999999998836,5.942440128394521e-05,1
BTC-USD,2026-04-06T15:10:06.241404049Z,69654.5,69654.505,4.910068930024402e-05,0.00999999999476131,0.0014356573196179212,3.947487161070605e-05,-1.9453282798540767e-08,370,6.166666666666667,0.12259459459644466,46.54999999998836,5.9444527004181975e-05,1
BTC-USD,2026-04-06T15:10:06.340466196Z,69654.5,69654.505,0.0,0.00999999999476131,0.0014356573196179212,3.942149111023012e-05,-1.940070635854471e-08,371,6.183333333333334,0.12229110512312476,46.54999999998836,5.9444527004181975e-05,1
BTC-USD,2026-04-06T15:10:06.591039057Z,69654.5,69654.505,0.0,0.00999999999476131,0.0014356573196179212,3.947487161070605e-05,-1.9453282798540767e-08,370,6.166666666666667,0.12259459459644466,46.54999999998836,5.9444527004181975e-05,1
BTC-USD,2026-04-06T15:10:06.844911975Z,69654.5,69654.505,0.0,0.00999999999476131,0.0014356573196179212,3.947487161070605e-05,-1.9453282798540767e-08,370,6.166666666666667,0.12259459459644466,46.54999999998836,5.944452700418197e-05,1
BTC-USD,2026-04-06T15:10:07.087492019Z,69654.5,69654.505,0.0,0.00999999999476131,0.0014356573196179212,3.942149111023013e-05,-1.940070635854471e-08,371,6.183333333333334,0.12229110512312476,46.54999999998836,5.952801510287557e-05,1
BTC-USD,2026-04-06T15:10:07.340812414Z,69654.5,69654.505,0.0,0.00999999999476131,0.0014356573196179212,3.9421491110230134e-05,-1.940070635854471e-08,371,6.183333333333334,0.12229110512312476,46.54999999998836,5.938579684178569e-05,1
BTC-USD,2026-04-06T15:10:07.588312448Z,69654.5,69654.505,0.0,0.00999999999476131,0.0014356573196179212,3.944644768348732e-05,-9.726501762294453e-08,370,6.166666666666667,0.12259459459644466,46.54999999998836,5.9391301497869735e-05,1
BTC-USD,2026-04-06T15:10:07.84012889Z,69654.5,69654.505,0.0,0.00999999999476131,0.0014356573196179212,3.944644768348732e-05,-9.726501762294453e-08,370,6.166666666666667,0.12259459459644466,46.54999999998836,5.9391301497869735e-05,1
BTC-USD,2026-04-06T15:10:08.088464408Z,69654.5,69654.505,0.0,0.00999999999476131,0.0014356573196179212,3.9405363720584466e-05,-2.39525763235487e-07,369,6.15,0.11991869918884536,46.54999999998836,5.9346328204166844e-05,1
BTC-USD,2026-04-06T15:10:08.341340981Z,69654.5,69654.505,0.0,0.00999999999476131,0.0014356573196179212,3.9415227303470006e-05,-3.3640031893298166e-07,368,6.133333333333334,0.11733695652353913,46.54999999998836,5.942893414167336e-05,1
BTC-USD,2026-04-06T15:10:08.589297646Z,69654.5,69652.045,0.0,0.010000000009313226,0.0014357080268516491,3.8634282265358334e-05,9.83344649292344e-08,366,6.1,0.11486338797991376,46.54999999998836,6.049823901571722e-05,1
BTC-USD,2026-04-06T15:10:08.737850388Z,69652.04,69652.045,-3.531779628242526e-05,0.010000000009313226,0.0014357080268516491,3.8625733583136663e-05,1.569080373621033e-09,367,6.116666666666666,0.11457765667754155,46.54999999998836,6.047343540016464e-05,1
BTC-USD,2026-04-06T15:10:08.8425183Z,69652.04,69652.045,0.0,0.010000000009313226,0.0014357080268516491,3.8573074071916886e-05,1.5648049502596679e-09,368,6.133333333333334,0.11429347826268223,46.54999999998836,6.051581764519591e-05,1
BTC-USD,2026-04-06T15:10:09.015948047Z,69652.05,69652.045,1.4357080270968145e-07,0.010000000009313226,0.0014357080268516491,3.669620166828783e-05,-6.176364816947515e-07,368,6.133333333333334,0.11429347826268223,46.54999999998836,6.04671130574233e-05,1
BTC-USD,2026-04-06T15:10:09.124738594Z,69652.05,69652.045,0.0,0.010000000009313226,0.0014357080268516491,3.674628467438363e-05,-6.193240130655022e-07,367,6.116666666666666,0.1145776566775812,46.54999999998836,6.046711305742331e-05,1
BTC-USD,2026-04-06T15:10:09.271003443Z,69652.04,69652.045,-1.4357080267210858e-07,0.010000000009313226,0.0014357080268516491,3.6696195847138334e-05,-6.180276827919507e-07,368,6.133333333333334,0.11429347826272176,46.54999999998836,6.04803527074092e-05,1
BTC-USD,2026-04-06T15:10:09.390652363Z,69652.04,69652.045,0.0,0.010000000009313226,0.0014357080268516491,3.6693513283615626e-05,-6.39538780116684e-07,368,6.133333333333334,0.11429347826276132,46.54999999998836,6.04803527074092e-05,1
BTC-USD,2026-04-06T15:10:09.683214003Z,69652.04,69657.57500000001,0.0,0.00999999999476131,0.0014355940462701018,3.674358397918402e-05,-6.416783317256859e-07,367,6.116666666666666,0.1145776566776605,46.54999999998836,6.040457247134009e-05,1
BTC-USD,2026-04-06T15:10:09.843033846Z,69652.04,69657.57500000001,0.0,0.00999999999476131,0.0014355940462701018,3.6793867856097755e-05,-6.434363545523317e-07,366,6.1,0.11486338798007278,46.54999999998836,6.0404572471340094e-05,1
BTC-USD,2026-04-06T15:10:09.964742697Z,69655.5,69657.57500000001,4.967426746204951e-05,0.00999999999476131,0.0014355940462701018,3.683732639561292e-05,-5.05956289479649e-07,367,6.116666666666666,0.1145776566776605,46.54999999998836,6.04265905621821e-05,1
BTC-USD,2026-04-06T15:10:10.089393454Z,69655.5,69656.29500000001,0.0,0.5500000000029104,0.07895912350820702,3.678711452311497e-05,-5.045776619878788e-07,368,6.133333333333334,0.11576086956713129,46.54999999998836,6.042667742476517e-05,1
BTC-USD,2026-04-06T15:10:10.265663634Z,69657.57,69656.29500000001,2.971724045941566e-05,0.5500000000029104,0.07895912350820702,3.677077071565203e-05,-4.2245315622319534e-07,369,6.15,0.11693766937861036,46.54999999998836,6.040321731825197e-05,1
BTC-USD,2026-04-06T15:10:10.340480355Z,69657.57,69656.08499999999,0.0,0.00999999999476131,0.001435624754787943,3.6720918588193074e-05,-4.2130829672123544e-07,370,6.166666666666667,0.1166486486505459,46.54999999998836,6.040318812239781e-05,1
BTC-USD,2026-04-06T15:10:10.508041791Z,69656.08,69656.08499999999,-2.139058161296333e-05,0.00999999999476131,0.001435624754787943,3.668741831172323e-05,-4.779820083867547e-07,371,6.183333333333334,0.11636118598570551,46.54999999998836,6.039495244188412e-05,1
BTC-USD,2026-04-06T15:10:10.857482503Z,69656.08,69656.08499999999,0.0,0.00999999999476131,0.001435624754787943,3.6786964660473934e-05,-4.801896902017866e-07,369,6.15,0.11693766937861036,46.54999999998836,6.073861766784803e-05,1
BTC-USD,2026-04-06T15:10:11.089860262Z,69656.08,69656.08499999999,0.0,0.00999999999476131,0.001435624754787943,3.6786964660473934e-05,-4.801896902017866e-07,369,6.15,0.11693766937861036,46.54999999998836,6.11392561908183e-05,1
BTC-USD,2026-04-06T15:10:11.341242399Z,69656.08,69656.08499999999,0.0,0.00999999999476131,0.001435624754787943,3.6786964660473934e-05,-4.801896902017866e-07,369,6.15,0.11693766937861036,46.54999999998836,6.122352501878319e-05,1
BTC-USD,2026-04-06T15:10:11.588532777Z,69656.08,69656.08499999999,0.0,0.00999999999476131,0.001435624754787943,3.678696466047394e-05,-4.801896902017866e-07,369,6.15,0.11693766937861036,46.54999999998836,6.11392561908183e-05,1
BTC-USD,2026-04-06T15:10:11.842160199Z,69656.08,69656.08499999999,0.0,0.00999999999476131,0.001435624754787943,3.678696466047394e-05,-4.801896902017866e-07,369,6.15,0.11693766937861036,46.54999999998836,6.11392561908183e-05,1
BTC-USD,2026-04-06T15:10:12.587977476Z,69656.08,69656.08499999999,0.0,0.00999999999476131,0.001435624754787943,3.642885394823703e-05,-1.788588820888878e-07,367,6.116666666666666,0.11752043596925804,46.54999999998836,6.130574850136183e-05,1
BTC-USD,2026-04-06T15:10:12.840734837Z,69656.08,69656.08499999999,0.0,0.00999999999476131,0.001435624754787943,3.640210555254319e-05,-1.0551246728867801e-07,367,6.116666666666666,0.11752043596925804,46.54999999998836,6.130574850136183e-05,1
BTC-USD,2026-04-06T15:10:13.342336408Z,69656.08,69656.095,0.0,0.010000000009313226,0.0014356245507752374,3.637270480803013e-05,1.352375856477461e-07,363,6.05,0.11870523416185456,46.54999999998836,6.122232563738521e-05,1
BTC-USD,2026-04-06T15:10:13.587247792Z,69656.08,69656.095,0.0,0.010000000009313226,0.0014356245507752374,3.6372704808030125e-05,1.352375856477461e-07,363,6.05,0.11870523416189466,46.54999999998836,6.1211701356062e-05,1
BTC-USD,2026-04-06T15:10:13.741842038Z,69656.1,69656.095,2.8712493057802464e-07,0.010000000009313226,0.0014356245507752374,3.632748717638578e-05,2.3081998219790998e-07,363,6.05,0.11870523416193474,46.54999999998836,6.1211667701938e-05,1
BTC-USD,2026-04-06T15:10:13.840241123Z,69656.1,69656.095,0.0,0.010000000009313226,0.0014356245507752374,3.6377765425404795e-05,2.3145937273031417e-07,362,6.033333333333333,0.1190055248640942,46.54999999998836,6.112880663800935e-05,1
BTC-USD,2026-04-06T15:10:14.021912949Z,69656.09,69656.095,-1.4356245512603258e-07,0.010000000009313226,0.0014356245507752374,3.632749047766991e-05,2.304234008301585e-07,363,6.05,0.11870523416201492,46.54999999998836,6.114869059293937e-05,1
BTC-USD,2026-04-06T15:10:14.08845487Z,69656.09,69656.095,0.0,0.010000000009313226,0.0014356245507752374,3.632749047766991e-05,2.304234008301585e-07,363,6.05,0.118705234162055,46.54999999998836,6.123158690267515e-05,1
BTC-USD,2026-04-06T15:10:14.340186413Z,69656.09,69656.095,0.0,0.010000000009313226,0.0014356245507752374,3.6277420113507234e-05,2.2978862562126e-07,364,6.066666666666666,0.11840659340888814,46.54999999998836,6.123158690267515e-05,1
BTC-USD,2026-04-06T15:10:14.589638646Z,69656.09,69656.095,0.0,0.010000000009313226,0.0014356245507752374,3.632089742995288e-05,2.661189344060704e-07,363,6.05,0.11870523416213519,46.54999999998836,6.108437247494944e-05,1
BTC-USD,2026-04-06T15:10:14.84231997Z,69656.09,69652.89499999999,0.0,0.00999999999476131,0.001435690504287196,3.634471971639493e-05,4.3829888088163807e-07,361,6.016666666666667,0.11930747922677437,46.54999999998836,6.1002128583878676e-05,1
BTC-USD,2026-04-06T15:10:15.083205588Z,69656.02,69652.89499999999,-1.0049377615820933e-06,0.00999999999476131,0.001435690504287196,3.629442512752723e-05,4.3430099544545047e-07,362,6.033333333333333,0.119005524864255,46.54999999998836,6.103654138282644e-05,1
BTC-USD,2026-04-06T15:10:15.087110172Z,69656.02,69652.89499999999,0.0,0.00999999999476131,0.001435690504287196,3.624426720579569e-05,4.3310126893869507e-07,363,6.05,0.11870523416213519,46.54999999998836,6.111885753831246e-05,1
BTC-USD,2026-04-06T15:10:15.226389857Z,69652.9,69652.89499999999,-4.479253734119659e-05,0.00999999999476131,0.001435690504287196,3.627185020223141e-05,3.085127328226199e-07,364,6.066666666666666,0.1184065934089281,46.54999999998836,6.107878722119328e-05,1
BTC-USD,2026-04-06T15:10:15.341744942Z,69652.9,69655.60500000001,0.0,0.00999999999476131,0.0014356346477446156,3.627185020223141e-05,3.085127328226199e-07,364,6.066666666666666,0.1184065934089281,46.54999999998836,6.116139467667625e-05,1
BTC-USD,2026-04-06T15:10:15.519184759Z,69652.92,69655.60500000001,2.871380391995571e-07,0.00999999999476131,0.0014356346477446156,3.627184659652533e-05,3.0930374670471233e-07,364,6.066666666666666,0.1184065934089281,46.54999999998836,6.109386998687721e-05,1
BTC-USD,2026-04-06T15:10:15.587688322Z,69652.92,69656.36499999999,0.0,0.00999999999476131,0.001435618983959515,3.6221991982605987e-05,3.084540111368423e-07,365,6.083333333333333,0.11810958904340985,46.54999999998836,6.109386998687721e-05,1
BTC-USD,2026-04-06T15:10:15.83971611Z,69652.92,69656.36499999999,0.0,0.00999999999476131,0.001435618983959515,3.6061536444795336e-05,1.0402027439813302e-07,364,6.066666666666666,0.11796703296935808,43.94999999999709,6.109428170463085e-05,1
BTC-USD,2026-04-06T15:10:16.026679978Z,69656.36,69656.36499999999,4.938651611304764e-05,0.00999999999476131,0.001435618983959515,3.615393038222955e-05,2.400712829740218e-07,364,6.066666666666666,0.11796703296935808,43.94999999999709,6.103570039751723e-05,1
BTC-USD,2026-04-06T15:10:16.086898862Z,69656.36,69656.36499999999,0.0,0.00999999999476131,0.001435618983959515,3.610423642123709e-05,2.3941174648233495e-07,365,6.083333333333333,0.11767123287901672,43.94999999999709,6.114937266552777e-05,1
BTC-USD,2026-04-06T15:10:16.339939471Z,69656.36,69656.36499999999,0.0,0.00999999999476131,0.001435618983959515,3.610295834774201e-05,1.3881955815810456e-07,364,6.066666666666666,0.10362637362869553,43.94999999999709,6.12831949235318e-05,1
BTC-USD,2026-04-06T15:10:16.490771565Z,69656.37,69656.36499999999,1.4356189850025768e-07,0.00999999999476131,0.001435618983959515,3.6102957611206166e-05,1.392150454817967e-07,364,6.066666666666666,0.10362637362869553,43.94999999999709,6.136578289820631e-05,1
BTC-USD,2026-04-06T15:10:16.587818565Z,69656.37,69656.36499999999,0.0,0.00999999999476131,0.001435618983959515,3.6053332265554495e-05,1.3883258656563793e-07,365,6.083333333333333,0.10336986301599983,43.94999999999709,6.149234084297343e-05,1
BTC-USD,2026-04-06T15:10:16.752999488Z,69656.36,69656.36499999999,-1.4356189834910582e-07,0.00999999999476131,0.001435618983959515,3.604432469712157e-05,1.8024710054147333e-07,365,6.083333333333333,0.10336986301595996,43.94999999999709,6.149235540152552e-05,1
BTC-USD,2026-04-06T15:10:17.586965246Z,69656.36,69656.36499999999,0.0,0.00999999999476131,0.001435618983959515,3.6244013952763695e-05,1.8185103688617005e-07,361,6.016666666666667,0.10440443213510688,43.94999999999709,6.119842277152167e-05,1
BTC-USD,2026-04-06T15:10:17.8407543Z,69656.36,69656.36499999999,0.0,0.00999999999476131,0.001435618983959515,3.6244013952763695e-05,1.8185103688617005e-07,361,6.016666666666667,0.10434903047304572,43.94999999999709,6.113077599918255e-05,1
BTC-USD,2026-04-06T15:10:18.08856781Z,69656.36,69656.36499999999,0.0,0.00999999999476131,0.001435618983959515,3.597350156422474e-05,-7.197997131552917e-08,360,6.0,0.09783333333547893,43.94999999999709,6.113077599918255e-05,1
BTC-USD,2026-04-06T15:10:18.274440893Z,69656.37,69656.36499999999,1.4356189850025768e-07,0.00999999999476131,0.001435618983959515,3.581758326708998e-05,-2.746789339175492e-07,359,5.983333333333333,0.09807799443113553,43.94999999999709,6.105024361960724e-05,1
BTC-USD,2026-04-06T15:10:18.339559812Z,69656.37,69656.36499999999,0.0,0.00999999999476131,0.001435618983959515,3.57676661958594e-05,-2.739138115389488e-07,360,6.0,0.09783333333547893,43.94999999999709,6.113125649040535e-05,1
BTC-USD,2026-04-06T15:10:18.488990023Z,69656.36,69656.36499999999,-1.4356189834910582e-07,0.00999999999476131,0.001435618983959515,3.57676639337143e-05,-2.743137054062165e-07,360,6.0,0.08516666666881874,43.94999999999709,6.113127054876276e-05,1
BTC-USD,2026-04-06T15:10:19.087879921Z,69656.36,69656.36499999999,0.0,0.00999999999476131,0.001435618983959515,3.533726811651914e-05,-5.173397979675922e-07,357,5.95,0.08579831932978221,43.94999999999709,6.0969565922766594e-05,1
BTC-USD,2026-04-06T15:10:19.26333363Z,69656.37,69656.36499999999,1.4356189850025768e-07,0.00999999999476131,0.001435618983959515,3.5387005081152186e-05,-5.179883681591154e-07,356,5.933333333333334,0.08601123595704603,43.94999999999709,6.105024272414011e-05,1
BTC-USD,2026-04-06T15:10:19.592266412Z,69656.37,69660.63500000001,0.0,0.00999999999476131,0.0014355309845741873,3.548708677833674e-05,-5.209231464487894e-07,354,5.9,0.08644067796800907,43.94999999999709,6.088919335052705e-05,1
BTC-USD,2026-04-06T15:10:19.77562524Z,69658.05,69660.63500000001,2.411810636819285e-05,0.00999999999476131,0.0014355309845741873,3.5511233006189036e-05,-4.525998989468266e-07,354,5.9,0.08644067796796796,43.94999999999709,6.095449334639305e-05,1
BTC-USD,2026-04-06T15:10:19.840012032Z,69658.05,69659.535,0.0,0.9299999999930151,0.1335064898140671,3.54610485617038e-05,-4.513213681588412e-07,355,5.916666666666667,0.08881690141029204,43.94999999999709,6.095447898874124e-05,1
BTC-USD,2026-04-06T15:10:19.976148664Z,69645.0,69659.535,-0.00018736129665760935,0.9299999999930151,0.1335064898140671,3.682244779653941e-05,-9.805905677566077e-07,355,5.916666666666667,0.09140845070602077,46.64999999999418,6.036951607951337e-05,1
BTC-USD,2026-04-06T15:10:20.087690936Z,69645.0,69659.07500000001,0.0,0.00999999999476131,0.0014355631329817844,3.6770585347042594e-05,-9.778283408051807e-07,356,5.933333333333334,0.09117977528267454,46.64999999999418,6.044926102679497e-05,1
BTC-USD,2026-04-06T15:10:20.344235792Z,69645.0,69650.285,0.0,0.00999999999476131,0.001435744303811723,3.66017934010069e-05,-7.418281703512139e-07,354,5.9,0.09163841808078801,46.64999999999418,6.059574673408855e-05,1
BTC-USD,2026-04-06T15:10:20.520050903Z,69657.97,69650.285,0.00018621282859183506,0.00999999999476131,0.001435744303811723,3.792658351479798e-05,-2.14313075190208e-07,354,5.9,0.09163841808074691,46.64999999999418,5.981865044730668e-05,1
BTC-USD,2026-04-06T15:10:20.588663221Z,69657.97,69650.285,0.0,0.00999999999476131,0.001435744303811723,3.787297871761086e-05,-2.1370767102300403e-07,355,5.916666666666667,0.0914084507058568,46.64999999999418,5.989759957440966e-05,1
BTC-USD,2026-04-06T15:10:20.764217885Z,69650.28,69650.285,-0.00011040265035003846,0.00999999999476131,0.001435744303811723,3.832184021758971e-05,-5.255795646671805e-07,355,5.916666666666667,0.09140845070581581,46.64999999999418,5.9638718316698393e-05,1
BTC-USD,2026-04-06T15:10:20.842019641Z,69650.28,69650.285,0.0,0.00999999999476131,0.001435744303811723,3.8267837869132736e-05,-5.240990588512166e-07,356,5.933333333333334,0.09117977528247016,46.64999999999418,5.9642445294450614e-05,1
BTC-USD,2026-04-06T15:10:21.021297492Z,69650.29,69650.285,1.4357443047391587e-07,0.00999999999476131,0.001435744303811723,3.832185133314896e-05,-5.24768485087045e-07,355,5.916666666666667,0.09140845070573383,46.64999999999418,5.962384971997045e-05,1
BTC-USD,2026-04-06T15:10:21.088349357Z,69650.29,69650.285,0.0,0.00999999999476131,0.001435744303811723,3.82678489377558e-05,-5.232902640022927e-07,356,5.933333333333334,0.09117977528238841,46.64999999999418,5.970255196886384e-05,1
BTC-USD,2026-04-06T15:10:21.343658057Z,69650.29,69655.775,0.0,0.00999999999476131,0.0014356311439735344,3.832184501869909e-05,-5.25173987180091e-07,355,5.916666666666667,0.09140845070565184,46.64999999999418,5.9545444054973896e-05,1
BTC-USD,2026-04-06T15:10:21.517490029Z,69654.61,69655.775,6.20222260865957e-05,0.00999999999476131,0.0014356311439735344,3.850726515523005e-05,-4.0219891175015134e-07,354,5.9,0.09163841808045915,46.64999999999418,5.953222957406126e-05,1
BTC-USD,2026-04-06T15:10:21.588386917Z,69654.61,69653.755,0.0,0.00999999999476131,0.0014356727781239232,3.845284382316959e-05,-4.0106275663221307e-07,355,5.916666666666667,0.09140845070556987,46.64999999999418,5.9610793464678334e-05,1
BTC-USD,2026-04-06T15:10:21.761379146Z,69652.18,69653.755,-3.4887028841234813e-05,0.00999999999476131,0.0014356727781239232,3.849637105869781e-05,-4.996136855622549e-07,355,5.916666666666667,0.09140845070552887,46.64999999999418,5.9587468848011864e-05,1
BTC-USD,2026-04-06T15:10:21.841426079Z,69652.18,69650.285,0.0,0.00999999999476131,0.001435744303811723,3.848745909960495e-05,-5.421903112790771e-07,355,5.916666666666667,0.09140845070548788,46.64999999999418,5.966632343176493e-05,1
BTC-USD,2026-04-06T15:10:22.168841682Z,69652.18,69650.285,0.0,0.00999999999476131,0.001435744303811723,3.854192452643066e-05,-5.437262611693861e-07,354,5.9,0.09163841808029473,46.64999999999418,5.974844622231148e-05,1
BTC-USD,2026-04-06T15:10:22.26583694Z,69650.29,69650.285,-2.7135197245471726e-05,0.00999999999476131,0.001435744303811723,3.8513315984038585e-05,-6.188434108425565e-07,355,5.916666666666667,0.0914084507054059,46.64999999999418,5.98134867615146e-05,1
BTC-USD,2026-04-06T15:10:22.361960333Z,69650.29,69650.285,0.0,0.00999999999476131,0.001435744303811723,3.7308919621587976e-05,-1.0990935292947837e-07,355,5.916666666666667,0.09140845070536491,46.64999999999418,5.98134867615146e-05,1
BTC-USD,2026-04-06T15:10:22.587916513Z,69650.29,69650.285,0.0,0.00999999999476131,0.001435744303811723,3.7308919621587976e-05,-1.0990935292947837e-07,355,5.916666666666667,0.09140845070532391,46.64999999999418,5.982610954863089e-05,1
BTC-USD,2026-04-06T15:10:22.839321901Z,69650.29,69651.205,0.0,0.010000000009313226,0.0014357253416237702,3.7308919621587976e-05,-1.0990935292947837e-07,355,5.916666666666667,0.09140845070532391,46.64999999999418,5.982610954863089e-05,1
BTC-USD,2026-04-06T15:10:23.086032317Z,69650.28,69651.205,-1.4357443032636236e-07,0.010000000009313226,0.0014357253416237702,3.610708429680114e-05,-6.205965974149671e-07,354,5.9,0.09163841808017141,46.64999999999418,5.9699783518430826e-05,1
BTC-USD,2026-04-06T15:10:23.088527815Z,69650.28,69651.205,0.0,0.010000000009313226,0.0014357253416237702,3.605606456770529e-05,-6.188434996821565e-07,355,5.916666666666667,0.09140845070532391,46.64999999999418,5.9778406357553884e-05,1
BTC-USD,2026-04-06T15:10:23.342371348Z,69650.28,69651.205,0.0,0.010000000009313226,0.0014357253416237702,3.606542003101804e-05,-5.266618077942968e-07,354,5.9,0.09163841808017141,46.64999999999418,5.996081547802799e-05,1
BTC-USD,2026-04-06T15:10:23.740569254Z,69650.28,69651.205,0.0,0.010000000009313226,0.0014357253416237702,3.5944989019451345e-05,-2.1084154190658143e-07,351,5.85,0.0923361823372702,46.64999999999418,5.996081547802799e-05,1
BTC-USD,2026-04-06T15:10:24.088064082Z,69650.28,69651.205,0.0,0.010000000009313226,0.0014357253416237702,3.594394666110685e-05,-1.0695890508464131e-07,350,5.833333333333333,0.09257142857249294,46.64999999999418,5.988217210047042e-05,1
BTC-USD,2026-04-06T15:10:24.275807534Z,69651.21,69651.205,1.3352333848246752e-05,0.010000000009313226,0.0014357253416237702,3.600273768707307e-05,-7.096025625154237e-08,349,5.816666666666666,0.09280802292376022,46.64999999999418,5.98769403545159e-05,1
BTC-USD,2026-04-06T15:10:24.33945955Z,69651.21,69651.205,0.0,0.010000000009313226,0.0014357253416237702,3.59511210323904e-05,-7.07569317350623e-08,350,5.833333333333333,0.0925714285725761,46.64999999999418,5.995555960917039e-05,1
BTC-USD,2026-04-06T15:10:24.504964703Z,69651.2,69651.205,-1.4357253417618636e-07,0.010000000009313226,0.0014357253416237702,3.572550228377698e-05,1.4398754473193593e-07,350,5.833333333333333,0.0925714285725761,46.64999999999418,5.995557356408617e-05,1
BTC-USD,2026-04-06T15:10:24.589676053Z,69651.2,69651.205,0.0,0.010000000009313226,0.0014357253416237702,3.576815659273378e-05,1.0190530821289963e-07,349,5.816666666666666,0.09280802292376022,46.64999999999418,6.003450337434049e-05,1
BTC-USD,2026-04-06T15:10:24.843164559Z,69651.2,69652.485,0.0,0.010000000009313226,0.0014356989573757815,3.5621647578691087e-05,-9.97129238727811e-08,348,5.8,0.09304597701263666,46.64999999999418,5.9903728468886584e-05,1
BTC-USD,2026-04-06T15:10:24.962386499Z,69651.21,69652.485,1.4357253421326205e-07,0.010000000009313226,0.0014356989573757815,3.557043261389658e-05,-9.901382772885567e-08,349,5.816666666666666,0.09280802292380193,46.64999999999418,5.998235751775993e-05,1
BTC-USD,2026-04-06T15:10:25.089071663Z,69651.21,69652.485,0.0,0.010000000009313226,0.0014356989573757815,3.5570432613896576e-05,-9.901382772885567e-08,349,5.816666666666666,0.09280802292384362,46.64999999999418,5.990372848326655e-05,1
BTC-USD,2026-04-06T15:10:25.234033467Z,69652.49,69652.485,1.8377114176244374e-05,0.010000000009313226,0.0014356989573757815,3.557987298692791e-05,6.040755891487902e-08,348,5.8,0.09304597701276211,46.64999999999418,5.9973022089180674e-05,1
BTC-USD,2026-04-06T15:10:25.342200195Z,69652.49,69652.485,0.0,0.010000000009313226,0.0014356989573757815,3.5528715849545096e-05,6.023397397546845e-08,349,5.816666666666666,0.09280802292392701,46.64999999999418,5.997302208918068e-05,1
BTC-USD,2026-04-06T15:10:25.58717707Z,69652.49,69652.495,0.0,0.00999999999476131,0.0014356987491634453,3.4790665977113365e-05,-3.392518058438601e-07,348,5.8,0.09195402298980204,46.64999999999418,5.997300720117489e-05,1
BTC-USD,2026-04-06T15:10:25.766836893Z,69652.48,69652.495,-1.4356989573078956e-07,0.00999999999476131,0.0014356987491634453,3.479378788116956e-05,-4.3690082229000187e-07,347,5.783333333333333,0.09190201729236464,46.64999999999418,5.997302207584296e-05,1
BTC-USD,2026-04-06T15:10:25.840196508Z,69652.48,69652.495,0.0,0.00999999999476131,0.0014356987491634453,3.4743624461220054e-05,-4.3564174211049176e-07,348,5.8,0.09166666666794623,46.64999999999418,6.005195967754985e-05,1
BTC-USD,2026-04-06T15:10:26.021360415Z,69652.5,69652.495,2.8713977070288914e-07,0.00999999999476131,0.0014356987491634453,3.467249239165266e-05,-3.144298119863501e-07,348,5.8,0.08307471264494268,46.64999999999418,6.00519270885978e-05,1
BTC-USD,2026-04-06T15:10:26.091188047Z,69652.5,69650.725,0.0,0.069999999992433,0.010050146641321107,3.471256209519624e-05,-2.6969958949718947e-07,347,5.783333333333333,0.07164265129808974,46.64999999999418,6.0051927088597804e-05,1
BTC-USD,2026-04-06T15:10:26.342952392Z,69652.5,69650.285,0.0,0.00999999999476131,0.001435744303811723,3.4751657758177304e-05,-3.170847916519061e-07,346,5.766666666666667,0.06861271676428264,46.64999999999418,6.00519270885978e-05,1
BTC-USD,2026-04-06T15:10:26.519784919Z,69650.29,69650.285,-3.17294434690886e-05,0.00999999999476131,0.001435744303811723,3.479265831026843e-05,-4.0905419301158317e-07,346,5.766666666666667,0.06861271676428264,46.64999999999418,6.011238417332428e-05,1
BTC-USD,2026-04-06T15:10:26.588015618Z,69650.29,69650.285,0.0,0.00999999999476131,0.001435744303811723,3.4742350461063504e-05,-4.078719554595266e-07,347,5.783333333333333,0.06844380403584022,46.64999999999418,6.011238417332428e-05,1
BTC-USD,2026-04-06T15:10:27.086815086Z,69650.29,69650.285,0.0,0.00999999999476131,0.001435744303811723,3.474432415991239e-05,-5.127206992515464e-07,344,5.733333333333333,0.06895348837340777,46.64999999999418,6.0039360828960155e-05,1
BTC-USD,2026-04-06T15:10:27.340215683Z,69650.29,69647.705,0.0,0.010000000009313226,0.0014357974910032176,3.474432415991239e-05,-5.127206992515464e-07,344,5.733333333333333,0.06895348837345007,46.64999999999418,5.988227637766234e-05,1
BTC-USD,2026-04-06T15:10:27.498183797Z,69650.28,69647.705,-1.4357443032636236e-07,0.010000000009313226,0.0014357974910032176,3.478596638815155e-05,-4.701475034420436e-07,343,5.716666666666667,0.06912536443290558,46.64999999999418,5.9960687775982734e-05,1
BTC-USD,2026-04-06T15:10:27.586975485Z,69650.28,69647.705,0.0,0.010000000009313226,0.0014357974910032176,3.477043695529458e-05,-4.126424469272344e-07,343,5.716666666666667,0.069125364432948,46.64999999999418,5.99606724051312e-05,1
BTC-USD,2026-04-06T15:10:27.845820648Z,69650.28,69645.10500000001,0.0,0.00999999999476131,0.0014358510902900226,3.4821369613130234e-05,-4.142735220502378e-07,342,5.7,0.06929824561551581,46.64999999999418,5.980772927143617e-05,1
BTC-USD,2026-04-06T15:10:28.014518715Z,69645.11,69645.10500000001,-7.4230740907809e-05,0.00999999999476131,0.0014358510902900226,3.504937923711643e-05,-6.319589792578887e-07,342,5.7,0.06929824561551581,46.64999999999418,5.9847275845354735e-05,1
BTC-USD,2026-04-06T15:10:28.088533647Z,69645.11,69638.42,0.0,6.399999999994179,0.9190329131525643,3.499811657663264e-05,-6.301111459852049e-07,343,5.716666666666667,0.08775510204227575,46.64999999999418,5.992546505469338e-05,1
BTC-USD,2026-04-06T15:10:28.353046678Z,69645.11,69625.305,0.0,0.00999999999476131,0.0014362594167108226,3.498689337499002e-05,-4.37479704553727e-07,341,5.683333333333334,0.08821114369651338,46.64999999999418,6.0105885531142874e-05,1
BTC-USD,2026-04-06T15:10:28.520988202Z,69629.01,69625.305,-0.00023119873342900324,0.00999999999476131,0.0014362594167108226,3.7151576298033e-05,-1.1174759793449132e-06,341,5.683333333333334,0.08821114369651338,62.63999999999942,5.9028175076584216e-05,1
BTC-USD,2026-04-06T15:10:28.592720557Z,69629.01,69624.38500000001,0.0,0.00999999999476131,0.001436278395099836,3.7151588180470546e-05,-1.1170537330116482e-06,341,5.683333333333334,0.08821114369651338,62.63999999999942,5.8951276878422606e-05,1
BTC-USD,2026-04-06T15:10:28.779765714Z,69625.3,69624.38500000001,-5.3283808607029877e-05,0.00999999999476131,0.001436278395099836,3.725877486439622e-05,-1.2737708171499713e-06,341,5.683333333333334,0.08821114369651338,66.34999999999127,5.889321975611613e-05,1
BTC-USD,2026-04-06T15:10:28.850455259Z,69625.3,69605.925,0.0,4.149999999994179,0.5962136125616001,3.725877486439621e-05,-1.2737708171499713e-06,341,5.683333333333334,0.10035190615985479,66.34999999999127,5.889321975611613e-05,1
BTC-USD,2026-04-06T15:10:28.993501329Z,69610.0,69605.925,-0.00021977185471768214,4.149999999994179,0.5962136125616001,3.903509782527608e-05,-1.914527661433057e-06,342,5.7,0.11219298245761597,81.64999999999418,5.789784110395421e-05,1
BTC-USD,2026-04-06T15:10:29.116712849Z,69610.0,69596.66500000001,0.0,2.4099999999889405,0.3462809604438575,3.903509782527608e-05,-1.914527661433057e-06,342,5.7,0.11921052631724807,81.64999999999418,5.782241112440212e-05,1
BTC-USD,2026-04-06T15:10:29.2695823Z,69595.89,69596.66500000001,-0.0002027213079607618,2.4099999999889405,0.3462809604438575,4.045792018196584e-05,-2.5016819897936672e-06,343,5.716666666666667,0.12588921282941043,95.75999999999476,5.689083708112992e-05,1
BTC-USD,2026-04-06T15:10:29.348242243Z,69595.89,69602.60500000001,0.0,0.00999999999476131,0.0014367278343621348,4.045789347842934e-05,-2.5021017668499205e-06,343,5.716666666666667,0.12588921282941043,95.75999999999476,5.689083708112992e-05,1
BTC-USD,2026-04-06T15:10:29.51737669Z,69602.61,69602.60500000001,9.65527646521248e-05,0.00999999999476131,0.0014367278343621348,4.0809714578247995e-05,-2.2197837415513097e-06,343,5.716666666666667,0.12588921282941043,95.75999999999476,5.675096489997023e-05,1
BTC-USD,2026-04-06T15:10:29.59199788Z,69602.61,69602.60500000001,0.0,0.00999999999476131,0.0014367278343621348,4.080973667086876e-05,-2.2193639644948477e-06,343,5.716666666666667,0.12588921282941043,95.75999999999476,5.675096489997023e-05,1
BTC-USD,2026-04-06T15:10:29.841667414Z,69602.61,69599.045,0.0,0.010000000009313226,0.0014368013252643375,4.080973667086876e-05,-2.2193639644948477e-06,343,5.716666666666667,0.12588921282945287,95.75999999999476,5.6683056710361524e-05,1
BTC-USD,2026-04-06T15:10:29.996139878Z,69599.04,69599.045,-5.12924954666664e-05,0.010000000009313226,0.0014368013252643375,4.089544107979472e-05,-2.3697617984711785e-06,343,5.716666666666667,0.12588921282949528,95.75999999999476,5.6696525373659007e-05,1
BTC-USD,2026-04-06T15:10:30.103334934Z,69599.04,69602.775,0.0,0.00999999999476131,0.001436724325253025,4.089544107979472e-05,-2.3697617984711785e-06,343,5.716666666666667,0.12588921282949528,95.75999999999476,5.6770686946176904e-05,1
BTC-USD,2026-04-06T15:10:30.27424087Z,69601.49,69602.775,3.5201015402163855e-05,0.00999999999476131,0.001436724325253025,4.094554267365909e-05,-2.266834852850816e-06,343,5.716666666666667,0.12588921282949528,95.75999999999476,5.667957203773097e-05,1
BTC-USD,2026-04-06T15:10:30.354210634Z,69601.49,69606.35500000001,0.0,0.00999999999476131,0.0014366504315247233,4.0781853727695046e-05,-2.4578271620622307e-06,343,5.716666666666667,0.12588921282945287,95.75999999999476,5.667957203773097e-05,1
BTC-USD,2026-04-06T15:10:30.513939824Z,69604.69,69606.35500000001,4.5974970372179884e-05,0.00999999999476131,0.0014366504315247233,4.080600045778151e-05,-2.316623670708755e-06,344,5.733333333333333,0.12555232558284038,95.75999999999476,5.6720813459347136e-05,1
BTC-USD,2026-04-06T15:10:30.591562225Z,69604.69,69611.42499999999,0.0,0.00999999999476131,0.0014365457961478755,4.086542224734389e-05,-2.32339742413188e-06,343,5.716666666666667,0.12588921282941043,95.75999999999476,5.672081345934713e-05,1
BTC-USD,2026-04-06T15:10:30.762501605Z,69609.1,69611.42499999999,6.335579257593005e-05,0.00999999999476131,0.0014365457961478755,4.095917312280822e-05,-2.131912905181262e-06,344,5.733333333333333,0.12555232558279808,95.75999999999476,5.670232703572269e-05,1
BTC-USD,2026-04-06T15:10:30.844649814Z,69609.1,69609.995,0.0,0.00999999999476131,0.0014365753071468128,4.087680099599921e-05,-2.2658381005149165e-06,344,5.733333333333333,0.12555232558279808,95.75999999999476,5.67408595017238e-05,1
BTC-USD,2026-04-06T15:10:31.008614131Z,69611.99,69609.995,4.1516698373936555e-05,0.00999999999476131,0.0014365753071468128,4.088534908995975e-05,-2.138563285182209e-06,345,5.75,0.1252173913057313,95.75999999999476,5.67009617465664e-05,1
BTC-USD,2026-04-06T15:10:31.089645298Z,69611.99,69612.39499999999,0.0,2.5099999999947613,0.36056797068895013,4.094476323449867e-05,-2.1443796569116836e-06,344,5.733333333333333,0.1328197674432632,95.75999999999476,5.673278356817033e-05,1
BTC-USD,2026-04-06T15:10:31.224537775Z,69608.79,69612.39499999999,-4.5970149004736184e-05,2.5099999999947613,0.36056797068895013,4.0953233818107344e-05,-2.271780149201871e-06,345,5.75,0.13971014492891973,95.75999999999476,5.668392478012101e-05,1
BTC-USD,2026-04-06T15:10:31.345393431Z,69608.79,69625.155,0.0,0.010000000009313226,0.0014362625130691954,4.015465159333221e-05,-1.8217768664710738e-06,344,5.733333333333333,0.1400872093037283,95.75999999999476,5.7307671532645055e-05,1
BTC-USD,2026-04-06T15:10:31.522958804Z,69622.71,69625.155,0.00019995475228514432,0.010000000009313226,0.0014362625130691954,4.1602230219651115e-05,-1.2388184049983496e-06,344,5.733333333333333,0.1400872093037283,95.75999999999476,5.639519630279942e-05,1
BTC-USD,2026-04-06T15:10:31.591917763Z,69622.71,69629.555,0.0,0.00999999999476131,0.0014361717513146984,4.1602230219651115e-05,-1.2388184049983496e-06,344,5.733333333333333,0.1400872093037283,95.75999999999476,5.639519630279942e-05,1
BTC-USD,2026-04-06T15:10:31.766730121Z,69629.55,69629.555,9.823898018596358e-05,0.00999999999476131,0.0014361717513146984,4.188553034136313e-05,-9.496387579315998e-07,345,5.75,0.13971014492891973,95.75999999999476,5.617274574185585e-05,1
BTC-USD,2026-04-06T15:10:31.864611333Z,69629.55,69643.035,0.0,1.929999999993015,0.27712749738620884,4.1865452664749624e-05,-8.77018001470928e-07,345,5.75,0.145275362320219,95.75999999999476,5.617274574185585e-05,1
BTC-USD,2026-04-06T15:10:31.95969784Z,69639.09,69643.035,0.00013700140986388677,1.929999999993015,0.27712749738620884,4.251844596856562e-05,-4.787580890759083e-07,345,5.75,0.1508405797115183,95.75999999999476,5.5805182295621556e-05,1
BTC-USD,2026-04-06T15:10:32.09004356Z,69639.09,69644.015,0.0,0.010000000009313226,0.001435873564916271,4.2518440562304996e-05,-4.791754549287577e-07,345,5.75,0.1508405797115183,95.75999999999476,5.578223071151185e-05,1
BTC-USD,2026-04-06T15:10:32.268639838Z,69644.02,69644.015,7.079106723084007e-05,0.010000000009313226,0.001435873564916271,4.2625965592628945e-05,-4.512395940057929e-07,344,5.733333333333333,0.15125000000135028,95.75999999999476,5.573499495847251e-05,1
BTC-USD,2026-04-06T15:10:32.553951453Z,69644.02,69645.51000000001,0.0,0.9799999999959255,0.1407125886501406,4.268741347131831e-05,-4.655721920608272e-07,343,5.716666666666667,0.1544897959196554,95.75999999999476,5.579160045811622e-05,1
BTC-USD,2026-04-06T15:10:32.657358863Z,69644.02,69645.985,0.0,0.010000000009313226,0.0014358329499271532,4.268741347131831e-05,-4.655721920608272e-07,343,5.716666666666667,0.1544897959196554,95.75999999999476,5.579160045811622e-05,1
BTC-USD,2026-04-06T15:10:32.832372919Z,69645.99,69645.985,2.8286307110341518e-05,0.010000000009313226,0.0014358329499271532,4.265332085065978e-05,-3.817474710625696e-07,344,5.733333333333333,0.15406976744317183,95.75999999999476,5.5844851687937436e-05,1
BTC-USD,2026-04-06T15:10:32.913540455Z,69645.99,69645.985,0.0,0.010000000009313226,0.0014358329499271532,4.259153305150456e-05,-5.043816093867666e-07,344,5.733333333333333,0.15406976744317183,95.75999999999476,5.578341986413204e-05,1
BTC-USD,2026-04-06T15:10:33.129234594Z,69645.99,69645.985,0.0,0.010000000009313226,0.0014358329499271532,4.26510751372069e-05,-5.302024773253191e-07,343,5.716666666666667,0.1544897959196554,95.75999999999476,5.578341986413204e-05,1
BTC-USD,2026-04-06T15:10:33.236066459Z,69645.98,69645.985,-1.4358329501439758e-07,0.010000000009313226,0.0014358329499271532,4.258886127736531e-05,-5.290753076975904e-07,344,5.733333333333333,0.15406976744317183,95.75999999999476,5.585637623161199e-05,1
BTC-USD,2026-04-06T15:10:33.372766453Z,69645.98,69645.985,0.0,0.010000000009313226,0.0014358329499271532,4.2651070622791336e-05,-5.306223115212677e-07,343,5.716666666666667,0.1544897959196554,95.75999999999476,5.585637623161199e-05,1
BTC-USD,2026-04-06T15:10:33.589576805Z,69645.98,69645.985,0.0,0.010000000009313226,0.0014358329499271532,4.258886127736531e-05,-5.290753076975904e-07,344,5.733333333333333,0.15406976744317183,95.75999999999476,5.585637623161199e-05,1
BTC-USD,2026-04-06T15:10:33.710361709Z,69645.99,69645.985,1.4358329493736094e-07,0.010000000009313226,0.0014358329499271532,4.2588867181289226e-05,-5.286566975082687e-07,344,5.733333333333333,0.15406976744317183,95.75999999999476,5.5929608448572585e-05,1
BTC-USD,2026-04-06T15:10:33.842574721Z,69645.99,69650.745,0.0,0.00999999999476131,0.0014357348216104957,4.265107062399554e-05,-5.306222353398522e-07,343,5.716666666666667,0.15448979591961295,95.75999999999476,5.5856370194450854e-05,1
BTC-USD,2026-04-06T15:10:34.088768765Z,69645.99,69650.745,0.0,0.00999999999476131,0.0014357348216104957,4.271355337491643e-05,-5.321783122763327e-07,342,5.7,0.15491228070293386,95.75999999999476,5.5856370194450854e-05,1
BTC-USD,2026-04-06T15:10:34.344389431Z,69645.99,69652.85500000001,0.0,0.00999999999476131,0.0014356913287705594,4.2713557910586174e-05,-5.317573233002279e-07,342,5.7,0.15491228070289131,95.75999999999476,5.5929608448572585e-05,1
BTC-USD,2026-04-06T15:10:34.510895466Z,69650.75,69652.85500000001,6.83433079891885e-05,0.00999999999476131,0.0014356913287705594,4.2812889583481805e-05,-3.3036824343914973e-07,343,5.716666666666667,0.15448979591948567,95.75999999999476,5.581695654838943e-05,1
BTC-USD,2026-04-06T15:10:34.605741104Z,69650.75,69652.85500000001,0.0,0.00999999999476131,0.0014356913287705594,4.287561142201139e-05,-3.317580542436436e-07,342,5.7,0.15491228070280622,95.75999999999476,5.5829006561365014e-05,1
BTC-USD,2026-04-06T15:10:34.734201145Z,69652.86,69652.85500000001,3.0293543723117904e-05,0.00999999999476131,0.0014356913287705594,4.2907578661132914e-05,-2.429206826215969e-07,342,5.7,0.15491228070276367,95.75999999999476,5.5879392324354446e-05,1
BTC-USD,2026-04-06T15:10:34.841271738Z,69652.86,69652.85500000001,0.0,0.00999999999476131,0.0014356913287705594,4.2907580338232996e-05,-2.424996936454918e-07,342,5.7,0.15491228070272112,95.75999999999476,5.5879399087342395e-05,1
BTC-USD,2026-04-06T15:10:35.086898604Z,69652.86,69652.85500000001,0.0,0.00999999999476131,0.0014356913287705594,4.2907580338232996e-05,-2.424996936454918e-07,342,5.7,0.15491228070267857,95.75999999999476,5.6186755640395634e-05,1
BTC-USD,2026-04-06T15:10:35.267107463Z,69652.85,69652.85500000001,-1.435691328964398e-07,0.00999999999476131,0.0014356913287705594,4.290757866105216e-05,-2.42920717495628e-07,342,5.7,0.15491228070263602,95.75999999999476,5.6186763620547804e-05,1
BTC-USD,2026-04-06T15:10:35.340167821Z,69652.85,69652.85500000001,0.0,0.00999999999476131,0.0014356913287705594,4.290757557130499e-05,-2.433417064718546e-07,342,5.7,0.15491228070259347,95.75999999999476,5.6260413808819025e-05,1
BTC-USD,2026-04-06T15:10:35.588267401Z,69652.85,69652.435,0.0,0.010000000009313226,0.0014356999879922686,4.297062827689077e-05,-2.436351901942667e-07,341,5.683333333333334,0.15533724340257377,95.75999999999476,5.61867556367699e-05,1
BTC-USD,2026-04-06T15:10:35.764877421Z,69652.43,69652.435,-6.029922196935193e-06,0.010000000009313226,0.0014356999879922686,4.290871600600624e-05,-2.606037737917474e-07,342,5.7,0.15491228070259347,95.75999999999476,5.618626177998891e-05,1
BTC-USD,2026-04-06T15:10:35.843039734Z,69652.43,69652.455,0.0,0.010000000009313226,0.0014356995757454961,4.284594035173728e-05,-2.59841774453175e-07,343,5.716666666666667,0.15448979591923112,95.75999999999476,5.618626177998891e-05,1
BTC-USD,2026-04-06T15:10:36.089120195Z,69652.43,69652.85500000001,0.0,0.00999999999476131,0.0014356913287705594,4.290871600600624e-05,-2.606037737917474e-07,342,5.7,0.15491228070255092,95.75999999999476,5.614237450325668e-05,1
BTC-USD,2026-04-06T15:10:36.127612151Z,69652.45,69652.85500000001,2.8713997676022333e-07,0.00999999999476131,0.0014356913287705594,4.284594824859334e-05,-2.590021838778528e-07,343,5.716666666666667,0.15448979591914627,95.75999999999476,5.621574927370997e-05,1
BTC-USD,2026-04-06T15:10:36.341044408Z,69652.45,69652.85500000001,0.0,0.00999999999476131,0.0014356913287705594,4.278344728750686e-05,-2.582470754700456e-07,344,5.733333333333333,0.1540697674426219,95.75999999999476,5.621582056839461e-05,1
BTC-USD,2026-04-06T15:10:36.358643758Z,69652.46,69652.85500000001,1.4356995760803644e-07,0.00999999999476131,0.0014356913287705594,4.2721222263007024e-05,-2.570790026994698e-07,345,5.75,0.15365217391378752,95.75999999999476,5.621581109946189e-05,1
BTC-USD,2026-04-06T15:10:36.6051749Z,69652.46,69655.31,0.0,0.3000000000029104,0.04306922185873703,4.2721222263007024e-05,-2.570790026994698e-07,345,5.75,0.1544927536239139,95.75999999999476,5.621581109946188e-05,1
BTC-USD,2026-04-06T15:10:36.760341893Z,69652.86,69655.31,5.742781395432487e-06,0.3000000000029104,0.04306922185873703,4.266048193629645e-05,-2.3968810299473945e-07,346,5.766666666666667,0.15491329479841967,95.75999999999476,5.6288362574088815e-05,1
BTC-USD,2026-04-06T15:10:36.842737002Z,69652.86,69655.455,0.0,0.010000000009313226,0.0014356377414106655,4.266048193629645e-05,-2.3968810299473945e-07,346,5.766666666666667,0.15491329479841967,95.75999999999476,5.661751890091054e-05,1
BTC-USD,2026-04-06T15:10:36.960218295Z,69655.45,69655.455,3.718371144257757e-05,0.010000000009313226,0.0014356377414106655,4.264613540156179e-05,-1.3152798870117787e-07,347,5.783333333333333,0.15449567723418592,95.75999999999476,5.658248071341017e-05,1
BTC-USD,2026-04-06T15:10:37.087669233Z,69655.45,69655.455,0.0,0.010000000009313226,0.0014356377414106655,4.2584641886338255e-05,-1.3114894550607362e-07,348,5.8,0.15408045977089607,95.75999999999476,5.667969485928611e-05,1
BTC-USD,2026-04-06T15:10:37.340374399Z,69655.45,69655.455,0.0,0.010000000009313226,0.0014356377414106655,4.2584641886338255e-05,-1.3114894550607362e-07,348,5.8,0.15408045977089607,95.75999999999476,5.660555946903478e-05,1
BTC-USD,2026-04-06T15:10:37.592214394Z,69655.45,69660.63500000001,0.0,0.00999999999476131,0.0014355309845741873,4.2523413617640754e-05,-1.307720807201366e-07,349,5.816666666666666,0.15366762177726817,95.75999999999476,5.660555946903478e-05,1
BTC-USD,2026-04-06T15:10:37.76470791Z,69660.63,69660.63500000001,7.436327525710711e-05,0.00999999999476131,0.0014355309845741873,4.270996885779607e-05,8.291549185775738e-08,349,5.816666666666666,0.15366762177726817,95.75999999999476,5.654445295873379e-05,1
BTC-USD,2026-04-06T15:10:37.840222175Z,69660.63,69660.63500000001,0.0,0.00999999999476131,0.0014355309845741873,4.264873612632965e-05,8.267791165186122e-08,350,5.833333333333333,0.15325714285788958,95.75999999999476,5.654445295873379e-05,1
BTC-USD,2026-04-06T15:10:38.018728139Z,69660.64,69660.63500000001,1.4355309842973862e-07,0.00999999999476131,0.0014355309845741873,4.249789521095839e-05,3.1063597176375355e-07,349,5.816666666666666,0.15366762177726817,95.75999999999476,5.6544424329813365e-05,1
BTC-USD,2026-04-06T15:10:38.088033247Z,69660.64,69660.11,0.0,1.0599999999976717,0.1521674312598231,4.243696954591397e-05,3.097458973460924e-07,350,5.833333333333333,0.1562571428578979,95.75999999999476,5.6618668520884015e-05,1
BTC-USD,2026-04-06T15:10:38.344403441Z,69660.64,69655.58499999999,0.0,0.00999999999476131,0.001435635059954103,4.249789149656414e-05,3.110485252624055e-07,349,5.816666666666666,0.1566762177658152,95.75999999999476,5.6618668520884015e-05,1
BTC-USD,2026-04-06T15:10:38.528243859Z,69657.16,69655.58499999999,-4.995772256986932e-05,0.00999999999476131,0.001435635059954103,4.2582992424369267e-05,1.6749185121105683e-07,349,5.816666666666666,0.1566762177658152,95.75999999999476,5.65654905894556e-05,1
BTC-USD,2026-04-06T15:10:38.59178029Z,69657.16,69647.695,0.0,0.00999999999476131,0.0014357976950653299,4.2582993349606896e-05,1.6707929771229529e-07,349,5.816666666666666,0.1566762177658152,95.75999999999476,5.663997061133105e-05,1
BTC-USD,2026-04-06T15:10:38.763209924Z,69656.6,69647.695,-8.039406875565638e-06,0.00999999999476131,0.0014357976950653299,4.252420492982331e-05,1.4356501068284563e-07,350,5.833333333333333,0.1562571428578979,95.75999999999476,5.6639220457940705e-05,1
BTC-USD,2026-04-06T15:10:38.844332956Z,69656.6,69645.10500000001,0.0,0.00999999999476131,0.0014358510902900226,4.2585256306499624e-05,1.4439010731564363e-07,349,5.816666666666666,0.1566762177658152,95.75999999999476,5.671399646838508e-05,1
BTC-USD,2026-04-06T15:10:39.012484145Z,69645.1,69645.10500000001,-0.00016510925604106433,0.00999999999476131,0.0014358510902900226,4.3494279626230916e-05,-3.300617778598286e-07,349,5.816666666666666,0.1566762177658152,95.75999999999476,5.608854172813648e-05,1
BTC-USD,2026-04-06T15:10:39.091303489Z,69645.1,69638.005,0.0,0.00999999999476131,0.0014359974836673322,4.3494279626230916e-05,-3.300617778598286e-07,349,5.816666666666666,0.1566762177658152,95.75999999999476,5.608942254102845e-05,1
BTC-USD,2026-04-06T15:10:39.269155155Z,69639.92,69638.005,-7.437985796892488e-05,0.00999999999476131,0.0014359974836673322,4.361190795821126e-05,-5.422388443098718e-07,350,5.833333333333333,0.1562571428578979,95.75999999999476,5.5963947801442154e-05,1
BTC-USD,2026-04-06T15:10:39.34265721Z,69639.92,69638.005,0.0,0.00999999999476131,0.0014359974836673322,4.354957028430177e-05,-5.406895904689865e-07,351,5.85,0.1558404558411938,95.75999999999476,5.5963947801442154e-05,1
BTC-USD,2026-04-06T15:10:39.514536188Z,69638.0,69638.005,-2.7570773603135322e-05,0.00999999999476131,0.0014359974836673322,4.3511347672370484e-05,-6.176983768298591e-07,352,5.866666666666666,0.15542613636435734,95.75999999999476,5.594771988117069e-05,1
BTC-USD,2026-04-06T15:10:39.590443929Z,69638.0,69638.005,0.0,0.00999999999476131,0.0014359974836673322,4.344951026036446e-05,-6.159435518956835e-07,353,5.883333333333334,0.1550141643066531,95.75999999999476,5.602183234118723e-05,1
BTC-USD,2026-04-06T15:10:39.841240778Z,69638.0,69638.005,0.0,0.00999999999476131,0.0014359974836673322,4.346470956081264e-05,-8.458824936966155e-07,351,5.85,0.15584045584106943,95.75999999999476,5.6053829130406124e-05,1
BTC-USD,2026-04-06T15:10:40.087406424Z,69638.0,69638.005,0.0,0.00999999999476131,0.0014359974836673322,4.346470956081264e-05,-8.458824936966155e-07,351,5.85,0.15584045584102796,95.75999999999476,5.6010589901330326e-05,1
BTC-USD,2026-04-06T15:10:40.340666197Z,69638.0,69638.005,0.0,0.00999999999476131,0.0014359974836673322,4.357697786233458e-05,-7.921653315039213e-07,349,5.816666666666666,0.15667621776552332,95.75999999999476,5.6012293598414804e-05,1
BTC-USD,2026-04-06T15:10:40.588525465Z,69638.0,69638.005,0.0,0.00999999999476131,0.0014359974836673322,4.363970294355075e-05,-7.944482287128663e-07,348,5.8,0.15709770114983843,95.75999999999476,5.601229359841481e-05,1
BTC-USD,2026-04-06T15:10:40.842851228Z,69638.0,69638.005,0.0,0.00999999999476131,0.0014359974836673322,4.359338256913515e-05,-8.999444109200382e-07,348,5.8,0.15709770114983843,95.75999999999476,5.6054346852895244e-05,1
BTC-USD,2026-04-06T15:10:41.090825556Z,69638.0,69638.005,0.0,0.00999999999476131,0.0014359974836673322,4.364209219350354e-05,-9.598008486776069e-07,347,5.783333333333333,0.15659942363153323,95.75999999999476,5.596843404945227e-05,1
BTC-USD,2026-04-06T15:10:41.339143851Z,69638.0,69638.005,0.0,0.00999999999476131,0.0014359974836673322,4.364209219350354e-05,-9.598008486776069e-07,347,5.783333333333333,0.15567723342978398,95.75999999999476,5.6041634098731e-05,1
BTC-USD,2026-04-06T15:10:41.589603585Z,69638.0,69638.005,0.0,0.00999999999476131,0.0014359974836673322,4.3704104925601445e-05,-9.771460978750113e-07,346,5.766666666666667,0.15609826589627507,95.75999999999476,5.594195939291278e-05,1
BTC-USD,2026-04-06T15:10:41.770750106Z,69638.01,69638.005,1.435997484402233e-07,0.00999999999476131,0.0014359974836673322,4.370411491361795e-05,-9.76729866720112e-07,346,5.766666666666667,0.15609826589623302,95.75999999999476,5.601493308844489e-05,1
BTC-USD,2026-04-06T15:10:41.842564077Z,69638.01,69638.005,0.0,0.00999999999476131,0.0014359974836673322,4.370411491361795e-05,-9.76729866720112e-07,346,5.766666666666667,0.15609826589619097,95.75999999999476,5.601493308844489e-05,1
BTC-USD,2026-04-06T15:10:42.08728282Z,69638.01,69638.005,0.0,0.00999999999476131,0.0014359974836673322,4.370410492919915e-05,-9.77145957580814e-07,346,5.766666666666667,0.1560982658961489,95.75999999999476,5.608819702282443e-05,1
BTC-USD,2026-04-06T15:10:42.340727101Z,69638.01,69638.005,0.0,0.00999999999476131,0.0014359974836673322,4.370410492919916e-05,-9.77145957580814e-07,346,5.766666666666667,0.15609826589610684,95.75999999999476,5.608819702282443e-05,1
BTC-USD,2026-04-06T15:10:42.587354218Z,69638.01,69638.005,0.0,0.00999999999476131,0.0014359974836673322,4.376754040840568e-05,-9.804037985223046e-07,345,5.75,0.1565217391306035,95.75999999999476,5.602144256146689e-05,1
BTC-USD,2026-04-06T15:10:42.840134263Z,69638.01,69638.005,0.0,0.00999999999476131,0.0014359974836673322,4.380906233343276e-05,-1.0556646530403034e-06,344,5.733333333333333,0.1569476744187045,95.75999999999476,5.602144256146689e-05,1
BTC-USD,2026-04-06T15:10:43.087360238Z,69638.01,69638.005,0.0,0.00999999999476131,0.0014359974836673322,4.3809062333432754e-05,-1.0556646530403034e-06,344,5.733333333333333,0.15694767441866217,95.75999999999476,5.5955782422266315e-05,1
BTC-USD,2026-04-06T15:10:43.273758176Z,69638.0,69638.005,-1.4359974841096278e-07,0.00999999999476131,0.0014359974836673322,4.3833583282319924e-05,-1.1565470744400026e-06,343,5.716666666666667,0.15737609329444877,95.75999999999476,5.602859345526897e-05,1
BTC-USD,2026-04-06T15:10:43.5870511Z,69638.0,69637.995,0.0,0.00999999999476131,0.0014359976898762395,4.396223701587123e-05,-1.1629281072862812e-06,341,5.683333333333334,0.1582404692081019,95.75999999999476,5.5955782044384155e-05,1
BTC-USD,2026-04-06T15:10:43.739172926Z,69638.0,69637.995,0.0,0.00999999999476131,0.0014359976898762395,4.396223701587123e-05,-1.1629281072862812e-06,341,5.683333333333334,0.15824046920805923,95.75999999999476,5.5955782044384155e-05,1
BTC-USD,2026-04-06T15:10:43.842775947Z,69638.0,69637.995,0.0,0.00999999999476131,0.0014359976898762395,4.396223701587123e-05,-1.1629281072862812e-06,341,5.683333333333334,0.15824046920801654,95.75999999999476,5.591135897367429e-05,1
BTC-USD,2026-04-06T15:10:44.087268836Z,69638.0,69637.995,0.0,0.00999999999476131,0.0014359976898762395,4.389777397028523e-05,-1.159517760930603e-06,342,5.7,0.1578070175436503,95.75999999999476,5.5983920199566017e-05,1
BTC-USD,2026-04-06T15:10:44.255383857Z,69637.99,69637.995,-1.4359976895009168e-07,0.00999999999476131,0.0014359976898762395,4.381796519218141e-05,-1.0134455941170592e-06,342,5.7,0.15780701754360776,95.75999999999476,5.598392243377434e-05,1
BTC-USD,2026-04-06T15:10:44.339707344Z,69637.99,69637.995,0.0,0.00999999999476131,0.0014359976898762395,4.3817965192181405e-05,-1.0134455941170592e-06,342,5.7,0.15780701754356521,95.75999999999476,5.6056766912696854e-05,1
BTC-USD,2026-04-06T15:10:44.842076268Z,69637.99,69637.995,0.0,0.00999999999476131,0.0014359976898762395,4.4044403341595414e-05,-9.300569564084173e-07,338,5.633333333333334,0.15955621301730027,95.75999999999476,5.582444126240607e-05,1
BTC-USD,2026-04-06T15:10:45.338626818Z,69637.99,69637.995,0.0,0.00999999999476131,0.0014359976898762395,4.369283107843665e-05,-6.866280293651838e-07,336,5.6,0.16044642857087593,95.75999999999476,5.577037935853451e-05,1
BTC-USD,2026-04-06T15:10:45.588369312Z,69637.99,69643.155,0.0,0.010000000009313226,0.0014358912960380998,4.37581744456575e-05,-6.886838019081934e-07,335,5.583333333333333,0.1541194029845238,95.75999999999476,5.569884099078064e-05,1
BTC-USD,2026-04-06T15:10:45.75446926Z,69641.43,69643.155,4.9397104047299613e-05,0.010000000009313226,0.0014358912960380998,4.3826780968637196e-05,-6.881311433596817e-07,334,5.566666666666666,0.1545508982030996,95.75999999999476,5.5712623190688064e-05,1
BTC-USD,2026-04-06T15:10:45.843856834Z,69641.43,69645.095,0.0,0.010000000009313226,0.0014358512985463263,4.376113898303874e-05,-6.860708704753713e-07,335,5.583333333333333,0.15411940298461071,95.75999999999476,5.5784359678782946e-05,1
BTC-USD,2026-04-06T15:10:45.99326046Z,69644.06,69645.095,3.7764163378578034e-05,0.010000000009313226,0.0014358512985463263,4.381152246332511e-05,-5.73004513054479e-07,335,5.583333333333333,0.15397014925330216,95.75999999999476,5.582203064770371e-05,1
BTC-USD,2026-04-06T15:10:46.088980507Z,69644.06,69644.045,0.0,2.0899999999965075,0.30009744551691503,4.374609442829281e-05,-5.712940518214806e-07,336,5.6,0.15973214285670456,95.75999999999476,5.582203064770371e-05,1
BTC-USD,2026-04-06T15:10:46.226898096Z,69642.01,69644.045,-2.9435822263448094e-05,2.0899999999965075,0.30009744551691503,4.376533393271764e-05,-7.05872310047817e-07,336,5.6,0.16592261904718594,95.75999999999476,5.587526144783487e-05,1
BTC-USD,2026-04-06T15:10:46.340696819Z,69642.01,69643.995,0.0,0.00999999999476131,0.0014358739751734965,4.3830784864832786e-05,-7.079857001976608e-07,335,5.583333333333333,0.1663880597010738,95.75999999999476,5.587526144783487e-05,1
BTC-USD,2026-04-06T15:10:46.58913371Z,69642.01,69641.985,0.0,0.010000000009313226,0.0014359154193139708,4.382430643552411e-05,-7.470984270610058e-07,335,5.583333333333333,0.16638805970111722,95.75999999999476,5.580304272215269e-05,1
BTC-USD,2026-04-06T15:10:46.763801322Z,69643.98,69641.985,2.828712349507858e-05,0.010000000009313226,0.0014359154193139708,4.385299192761526e-05,-6.624064405487944e-07,335,5.583333333333333,0.16638805970116066,95.75999999999476,5.585568912642626e-05,1
BTC-USD,2026-04-06T15:10:46.867962428Z,69643.98,69641.005,0.0,0.00999999999476131,0.0014359356236690309,4.385299192761526e-05,-6.624064405487944e-07,335,5.583333333333333,0.16638805970116066,95.75999999999476,5.5789316647720465e-05,1
BTC-USD,2026-04-06T15:10:46.997011111Z,69641.0,69641.005,-4.278996917615088e-05,0.00999999999476131,0.0014359356236690309,4.384776209919725e-05,-7.881603591625321e-07,336,5.6,0.16592261904727257,95.75999999999476,5.582048459346296e-05,1
BTC-USD,2026-04-06T15:10:47.08830409Z,69641.0,69641.005,0.0,0.00999999999476131,0.0014359356236690309,4.378248488262402e-05,-7.858146438078816e-07,337,5.616666666666666,0.165459940652458,95.75999999999476,5.589292132622792e-05,1
BTC-USD,2026-04-06T15:10:47.341302727Z,69641.0,69641.005,0.0,0.00999999999476131,0.0014359356236690309,4.378248488262402e-05,-7.858146438078816e-07,337,5.616666666666666,0.165459940652458,95.75999999999476,5.5825281257948065e-05,1
BTC-USD,2026-04-06T15:10:47.587258782Z,69641.0,69641.005,0.0,0.00999999999476131,0.0014359356236690309,4.373868298063879e-05,-6.171742382421607e-07,336,5.6,0.16592261904727257,95.75999999999476,5.5825281257948065e-05,1
BTC-USD,2026-04-06T15:10:47.840060079Z,69641.0,69641.005,0.0,0.00999999999476131,0.0014359356236690309,4.3804103425778984e-05,-6.185922332739071e-07,335,5.583333333333333,0.1663880597010738,95.75999999999476,5.589772296583706e-05,1
BTC-USD,2026-04-06T15:10:48.088111084Z,69641.0,69641.005,0.0,0.00999999999476131,0.0014359356236690309,4.382639456073794e-05,-5.118049449249835e-07,334,5.566666666666666,0.16685628742465825,95.75999999999476,5.6070799115732296e-05,1
BTC-USD,2026-04-06T15:10:48.586429693Z,69641.0,69641.005,0.0,0.00999999999476131,0.0014359356236690309,4.389233952535963e-05,-5.133465260843962e-07,333,5.55,0.16732732732676273,95.75999999999476,5.624628801251468e-05,1
BTC-USD,2026-04-06T15:10:48.838513118Z,69641.0,69641.005,0.0,0.00999999999476131,0.0014359356236690309,4.382639456073794e-05,-5.118049449249835e-07,334,5.566666666666666,0.16685628742457112,95.75999999999476,5.617481349029164e-05,1
BTC-USD,2026-04-06T15:10:49.088525485Z,69641.0,69641.005,0.0,0.00999999999476131,0.0014359356236690309,4.389233952535962e-05,-5.133465260843962e-07,333,5.55,0.16732732732667532,95.75999999999476,5.617481349029164e-05,1
BTC-USD,2026-04-06T15:10:49.343269093Z,69641.0,69641.005,0.0,0.00999999999476131,0.0014359356236690309,4.382639456073794e-05,-5.118049449249835e-07,334,5.566666666666666,0.16685628742448397,95.75999999999476,5.605302567284079e-05,1
BTC-USD,2026-04-06T15:10:49.465702942Z,69641.01,69641.005,1.435935622784184e-07,0.00999999999476131,0.0014359356236690309,4.305429056126997e-05,-9.57999947346863e-07,334,5.566666666666666,0.1668562874244404,95.75999999999476,5.6124841747117057e-05,1
BTC-USD,2026-04-06T15:10:49.590770832Z,69641.01,69647.685,0.0,0.010000000009313226,0.0014357979033062227,4.311751002950512e-05,-9.781803494742713e-07,333,5.55,0.16732732732658792,95.75999999999476,5.6124841747117057e-05,1
BTC-USD,2026-04-06T15:10:49.714163644Z,69647.67,69647.685,9.562873314720932e-05,0.010000000009313226,0.0014357979033062227,4.337602193381736e-05,-6.880694981328792e-07,334,5.566666666666666,0.1668562874244404,95.75999999999476,5.598666373812519e-05,1
BTC-USD,2026-04-06T15:10:49.842340979Z,69647.67,69647.685,0.0,0.010000000009313226,0.0014357979033062227,4.3441287841034766e-05,-6.897096263281152e-07,333,5.55,0.16732732732658792,95.75999999999476,5.6058763182607704e-05,1
BTC-USD,2026-04-06T15:10:49.999008962Z,69647.68,69647.685,1.4357981083596532e-07,0.010000000009313226,0.0014357979033062227,4.3376035603238225e-05,-6.872072556459408e-07,334,5.566666666666666,0.1668562874244404,95.75999999999476,5.598666373844064e-05,1
BTC-USD,2026-04-06T15:10:50.088833524Z,69647.68,69645.245,0.0,0.00999999999476131,0.0014358482039601285,4.3376035603238225e-05,-6.872072556459408e-07,334,5.566666666666666,0.16685628742439684,95.75999999999476,5.605876318292452e-05,1
BTC-USD,2026-04-06T15:10:50.341350129Z,69647.68,69643.725,0.0,0.00999999999476131,0.0014358795418770766,4.3400973699915934e-05,-5.846417212471363e-07,333,5.55,0.16732732732650055,95.75999999999476,5.5919095131013e-05,1
BTC-USD,2026-04-06T15:10:50.52394731Z,69643.72,69643.725,-5.685921745427251e-05,0.00999999999476131,0.0014358795418770766,4.351037572609359e-05,-7.559044244226559e-07,333,5.55,0.16732732732645683,95.75999999999476,5.5917124508917316e-05,1
BTC-USD,2026-04-06T15:10:50.588309339Z,69643.72,69643.725,0.0,0.00999999999476131,0.0014358795418770766,4.35103757260936e-05,-7.559044244226559e-07,333,5.55,0.16732732732641314,95.75999999999476,5.598913603058936e-05,1
BTC-USD,2026-04-06T15:10:50.766737798Z,69643.73,69643.725,1.4358795409863709e-07,0.00999999999476131,0.0014358795418770766,4.344502358944885e-05,-7.532032461087782e-07,334,5.566666666666666,0.16685628742422257,95.75999999999476,5.5924244755432e-05,1
BTC-USD,2026-04-06T15:10:50.841036511Z,69643.73,69643.725,0.0,0.00999999999476131,0.0014358795418770766,4.33799568941987e-05,-7.509481465695304e-07,335,5.583333333333333,0.16638805970055254,95.75999999999476,5.599626561913004e-05,1
BTC-USD,2026-04-06T15:10:50.979883573Z,69643.72,69643.725,-1.435879541770117e-07,0.00999999999476131,0.0014358795418770766,4.3379950161514056e-05,-7.513780506239525e-07,335,5.583333333333333,0.16223880596916754,95.75999999999476,5.599626554943059e-05,1
BTC-USD,2026-04-06T15:10:51.341429926Z,69643.72,69643.725,0.0,0.00999999999476131,0.0014358795418770766,4.3444269467351115e-05,-7.372530946842297e-07,334,5.566666666666666,0.162694610777387,95.75999999999476,5.592513592751227e-05,1
BTC-USD,2026-04-06T15:10:51.483960921Z,69643.73,69643.725,1.4358795409863709e-07,0.00999999999476131,0.0014358795418770766,4.337921107821813e-05,-7.346158460351793e-07,335,5.583333333333333,0.16223880596908066,95.75999999999476,5.5925135155204334e-05,1
BTC-USD,2026-04-06T15:10:51.588370757Z,69643.73,69643.725,0.0,0.00999999999476131,0.0014358795418770766,4.337921107821813e-05,-7.346158460351793e-07,335,5.583333333333333,0.16223880596903723,95.75999999999476,5.596413830008568e-05,1
BTC-USD,2026-04-06T15:10:51.768624735Z,69643.72,69643.725,-1.435879541770117e-07,0.00999999999476131,0.0014358795418770766,4.316911159699742e-05,-9.658386784575264e-07,335,5.583333333333333,0.1622388059689938,95.75999999999476,5.596648964316808e-05,1
BTC-USD,2026-04-06T15:10:51.845973865Z,69643.72,69637.965,0.0,0.00999999999476131,0.001435998308503316,4.292229344022275e-05,-1.2493434482774062e-06,334,5.566666666666666,0.1626946107772563,95.75999999999476,5.596648964316809e-05,1
BTC-USD,2026-04-06T15:10:52.013723702Z,69639.92,69637.965,-5.456491517522106e-05,0.00999999999476131,0.001435998308503316,4.295686772336873e-05,-1.4089709085377163e-06,335,5.583333333333333,0.16223880596895035,95.75999999999476,5.5897676744995116e-05,1
BTC-USD,2026-04-06T15:10:52.091151691Z,69639.92,69629.565,0.0,0.010000000009313226,0.0014361715471457024,4.295686772336873e-05,-1.4089709085377163e-06,335,5.583333333333333,0.1622388059689938,95.75999999999476,5.5897676744995116e-05,1
BTC-USD,2026-04-06T15:10:52.238020311Z,69632.15,69629.565,-0.00011158016116320394,0.010000000009313226,0.0014361715471457024,4.335590318790964e-05,-1.8109390700273839e-06,335,5.583333333333333,0.16071641790930793,95.75999999999476,5.56087398682295e-05,1
BTC-USD,2026-04-06T15:10:52.352970685Z,69632.15,69626.975,0.0,0.00999999999476131,0.0014362249680905006,4.328266037673262e-05,-2.0004112317558796e-06,334,5.566666666666666,0.15964071856167525,95.75999999999476,5.56087398682295e-05,1
BTC-USD,2026-04-06T15:10:52.541758063Z,69628.27,69626.975,-5.572293981297077e-05,0.00999999999476131,0.0014362249680905006,4.3317374318507063e-05,-2.161257125711613e-06,335,5.583333333333333,0.1591940298495352,95.75999999999476,5.560692215950412e-05,1
BTC-USD,2026-04-06T15:10:52.592641242Z,69628.27,69621.795,0.0,0.010000000009313226,0.001436331828174385,4.3382204510318096e-05,-2.1677473873503863e-06,334,5.566666666666666,0.15964071856167525,95.75999999999476,5.5535416848785256e-05,1
BTC-USD,2026-04-06T15:10:52.830167725Z,69621.8,69621.795,-9.292634473592555e-05,0.010000000009313226,0.001436331828174385,4.360010432505809e-05,-2.43947971474133e-06,335,5.583333333333333,0.15919402984957864,95.75999999999476,5.53318646730313e-05,1
BTC-USD,2026-04-06T15:10:52.846365095Z,69621.8,69615.32,0.0,2.599999999991269,0.37348100963857794,4.360010432505808e-05,-2.43947971474133e-06,335,5.583333333333333,0.16379104477488923,95.75999999999476,5.53318646730313e-05,1
BTC-USD,2026-04-06T15:10:52.977658234Z,69620.0,69615.32,-2.5854305246060064e-05,2.599999999991269,0.37348100963857794,4.355371690790568e-05,-2.509374716327356e-06,336,5.6,0.17104166666541415,95.75999999999476,5.5386434585534586e-05,1
BTC-USD,2026-04-06T15:10:53.091294791Z,69620.0,69613.16500000001,0.0,0.00999999999476131,0.0014365098892948351,4.333420473350709e-05,-2.740276908830049e-06,336,5.6,0.17104166666541415,95.75999999999476,5.537427659666e-05,1
BTC-USD,2026-04-06T15:10:53.217824953Z,69613.17,69613.16500000001,-9.810880561698803e-05,0.00999999999476131,0.0014365098892948351,4.3645100946140864e-05,-3.0331390151494166e-06,336,5.6,0.17104166666541415,95.75999999999476,5.5217001140820325e-05,1
BTC-USD,2026-04-06T15:10:53.349428868Z,69613.17,69603.66500000001,0.0,0.00999999999476131,0.001436705954314519,4.358041768946817e-05,-3.0241118156995672e-06,337,5.616666666666666,0.17056379821832024,95.75999999999476,5.525068913375334e-05,1
BTC-USD,2026-04-06T15:10:53.521031621Z,69606.25,69603.66500000001,-9.941141840269108e-05,0.00999999999476131,0.001436705954314519,4.3959894206519646e-05,-3.3341732487647235e-06,336,5.6,0.17104166666541415,95.75999999999476,5.508626837638468e-05,1
BTC-USD,2026-04-06T15:10:53.591923701Z,69606.25,69607.60500000001,0.0,0.7899999999935972,0.11349334602068223,4.3959894206519646e-05,-3.3341732487647235e-06,336,5.6,0.17336309523683927,95.75999999999476,5.5015458357090294e-05,1
BTC-USD,2026-04-06T15:10:53.73108483Z,69603.67,69607.60500000001,-3.706632401332563e-05,0.7899999999935972,0.11349334602068223,4.393287261618988e-05,-3.4345665546116308e-06,337,5.616666666666666,0.1751928783370077,95.75999999999476,5.498123678966299e-05,1
BTC-USD,2026-04-06T15:10:53.842769198Z,69603.67,69607.995,0.0,0.00999999999476131,0.001436616583305023,4.386803966970611e-05,-3.4243749624614477e-06,338,5.633333333333334,0.17470414201055134,95.75999999999476,5.4981236789663e-05,1
BTC-USD,2026-04-06T15:10:53.984886632Z,69607.04,69607.995,4.841581514320665e-05,0.00999999999476131,0.001436616583305023,4.402320752054223e-05,-3.2904718666854206e-06,337,5.616666666666666,0.1751928783370077,95.75999999999476,5.499984786028722e-05,1
BTC-USD,2026-04-06T15:10:54.090099795Z,69607.04,69607.995,0.0,0.00999999999476131,0.001436616583305023,4.402320752054223e-05,-3.2904718666854206e-06,337,5.616666666666666,0.1751928783370077,95.75999999999476,5.4929131898656706e-05,1
BTC-USD,2026-04-06T15:10:54.2660134Z,69607.99,69607.995,1.3647951661928431e-05,0.00999999999476131,0.001436616583305023,4.396749675384498e-05,-3.240209482327516e-06,338,5.633333333333334,0.17470414201055134,95.75999999999476,5.494180302941001e-05,1
BTC-USD,2026-04-06T15:10:54.349081073Z,69607.99,69607.995,0.0,0.00999999999476131,0.001436616583305023,4.3537918624020195e-05,-3.5642488093628774e-06,338,5.633333333333334,0.17470414201055134,95.75999999999476,5.494180302941001e-05,1
BTC-USD,2026-04-06T15:10:54.589597116Z,69607.99,69601.07500000001,0.0,0.00999999999476131,0.0014367594171155126,4.3588811375482376e-05,-3.5043924058407244e-06,337,5.616666666666666,0.1751928783370077,94.11000000000058,5.4905364360886816e-05,1
BTC-USD,2026-04-06T15:10:54.769232142Z,69601.08,69601.07500000001,-9.927514070280282e-05,0.00999999999476131,0.0014367594171155126,4.383471802025515e-05,-3.7885786025676147e-06,338,5.633333333333334,0.17470414201055134,94.11000000000058,5.4669104642361157e-05,1
BTC-USD,2026-04-06T15:10:55.025937113Z,69594.6,69601.07500000001,-9.310633785014182e-05,0.00999999999476131,0.0014367594171155126,4.416758591625295e-05,-4.07695633010544e-06,337,5.616666666666666,0.1751928783370077,95.39999999999418,5.445905200268842e-05,1
BTC-USD,2026-04-06T15:10:55.180802166Z,69594.6,69593.955,0.0,1.3099999999976717,0.18823473964048623,4.416758591625295e-05,-4.07695633010544e-06,337,5.616666666666666,0.17905044510259496,95.39999999999418,5.445905200268842e-05,1
BTC-USD,2026-04-06T15:10:55.234043678Z,69595.501,69593.955,1.2946322957304277e-05,1.3099999999976717,0.18823473964048623,4.411172587017279e-05,-4.026442148243691e-06,338,5.633333333333334,0.18239644970287625,95.39999999999418,5.4525949903549344e-05,1
BTC-USD,2026-04-06T15:10:55.493414115Z,69590.71,69593.955,-6.884302643877502e-05,1.3099999999976717,0.18823473964048623,4.425179045611699e-05,-4.230724125806821e-06,338,5.633333333333334,0.1862426035490387,99.2899999999936,5.434934168152443e-05,1
BTC-USD,2026-04-06T15:10:55.750107804Z,69590.71,69588.125,0.0,0.010000000009313226,0.0014370267929065808,4.425179045611699e-05,-4.230724125806821e-06,338,5.633333333333334,0.18624260354908176,99.2899999999936,5.428741367611902e-05,1
BTC-USD,2026-04-06T15:10:55.756011502Z,69588.12,69588.125,-3.7218303966356915e-05,0.010000000009313226,0.0014370267929065808,4.422258867472736e-05,-4.328320515867621e-06,339,5.65,0.18572271386312375,101.88000000000466,5.432111355130734e-05,1
BTC-USD,2026-04-06T15:10:55.82451141Z,69588.12,69588.125,0.0,0.010000000009313226,0.0014370267929065808,4.4157939353318035e-05,-4.315552608741167e-06,340,5.666666666666667,0.185205882351789,101.88000000000466,5.47039673956716e-05,1
BTC-USD,2026-04-06T15:10:55.961401516Z,69588.12,69587.055,0.0,0.00999999999476131,0.001437048887147374,4.415793935331804e-05,-4.315552608741167e-06,340,5.666666666666667,0.185205882351789,101.88000000000466,5.47039673956716e-05,1
BTC-USD,2026-04-06T15:10:56.021001192Z,69587.05,69587.055,-1.5376305989261062e-05,0.00999999999476131,0.001437048887147374,4.409702149237803e-05,-4.348084236330932e-06,341,5.683333333333334,0.1846920821102728,102.94999999999709,5.469959792694505e-05,1
BTC-USD,2026-04-06T15:10:56.087962053Z,69587.05,69587.055,0.0,0.00999999999476131,0.001437048887147374,4.4032943343406816e-05,-4.335333256165738e-06,342,5.7,0.18418128654853153,102.94999999999709,5.476980345237807e-05,1
BTC-USD,2026-04-06T15:10:56.342502847Z,69587.05,69585.535,0.0,0.00999999999476131,0.0014370802774975157,4.407825747734563e-05,-4.264519705680553e-06,341,5.683333333333334,0.1846920821102728,100.97000000000116,5.4769803452378064e-05,1
BTC-USD,2026-04-06T15:10:56.590445102Z,69587.05,69585.535,0.0,0.00999999999476131,0.0014370802774975157,4.414261234611342e-05,-4.277099409827103e-06,340,5.666666666666667,0.1852058823517462,100.97000000000116,5.4693067975713796e-05,1
BTC-USD,2026-04-06T15:10:56.728971993Z,69585.54,69585.535,-2.169967520284715e-05,0.00999999999476131,0.0014370802774975157,4.408774538119752e-05,-4.328342279806574e-06,341,5.683333333333334,0.1846920821102301,102.48000000001048,5.475029599301298e-05,1
BTC-USD,2026-04-06T15:10:56.841049623Z,69585.54,69585.535,0.0,0.00999999999476131,0.0014370802774975157,4.402367528728675e-05,-4.3156491939420386e-06,342,5.7,0.18418128654848898,102.48000000001048,5.4839109424792e-05,1
BTC-USD,2026-04-06T15:10:57.004531801Z,69585.53,69585.535,-1.437080277009531e-07,0.00999999999476131,0.0014370802774975157,4.406796177737629e-05,-4.243509800757373e-06,341,5.683333333333334,0.1846920821102301,102.47999999999593,5.483979416865462e-05,1
BTC-USD,2026-04-06T15:10:57.089850238Z,69585.53,69583.465,0.0,0.00999999999476131,0.0014371230284035599,4.406792044589374e-05,-4.24393186204044e-06,341,5.683333333333334,0.1846920821102301,102.47999999999593,5.483979416865462e-05,1
BTC-USD,2026-04-06T15:10:57.256156569Z,69582.0,69583.465,-5.0730224223336e-05,0.00999999999476131,0.0014371230284035599,4.413912308103162e-05,-4.3931384038737805e-06,341,5.683333333333334,0.1846920821102301,106.00999999999476,5.484517467192632e-05,1
BTC-USD,2026-04-06T15:10:57.343966853Z,69582.0,69583.985,0.0,0.010000000009313226,0.0014371122908975716,4.410318385753329e-05,-4.4775494431988704e-06,341,5.683333333333334,0.1846920821102728,106.00999999999476,5.491570780423875e-05,1
BTC-USD,2026-04-06T15:10:57.49181448Z,69583.99,69583.985,2.8598941453152534e-05,0.010000000009313226,0.0014371122908975716,4.407477406891569e-05,-4.380550936171447e-06,342,5.7,0.18418128654857407,106.00999999999476,5.497000321104039e-05,1
BTC-USD,2026-04-06T15:10:57.589306303Z,69583.99,69583.985,0.0,0.010000000009313226,0.0014371122908975716,4.4138901115770764e-05,-4.393434909513128e-06,341,5.683333333333334,0.18469208211035815,106.00999999999476,5.504106938823187e-05,1
BTC-USD,2026-04-06T15:10:57.839196915Z,69583.98,69583.985,-1.43711229140527e-07,0.010000000009313226,0.0014371122908975716,4.407473286737511e-05,-4.380972376726111e-06,342,5.7,0.18418128654865917,106.00999999999476,5.504105547810674e-05,1
BTC-USD,2026-04-06T15:10:57.84465191Z,69583.98,69580.35500000001,0.0,0.00999999999476131,0.0014371872628073411,4.407477400844318e-05,-4.3805515652366004e-06,342,5.7,0.18418128654865917,106.00999999999476,5.511239794305052e-05,1
BTC-USD,2026-04-06T15:10:58.090185189Z,69583.98,69575.88,0.0,1.4199999999982538,0.20409371753519376,4.4074774008443186e-05,-4.3805515652366004e-06,342,5.7,0.18830409356621325,106.00999999999476,5.511239794305052e-05,1
BTC-USD,2026-04-06T15:10:58.265481869Z,69577.76,69575.88,-8.93923862139147e-05,1.4199999999982538,0.20409371753519376,4.424901642427948e-05,-4.629124181168409e-06,343,5.716666666666667,0.19189504373073815,110.25,5.491486669965668e-05,1
BTC-USD,2026-04-06T15:10:58.397077423Z,69577.76,69589.07,0.0,1.8400000000110595,0.2644093389969228,4.418517131044653e-05,-4.615628192302028e-06,344,5.733333333333333,0.1966860465106228,110.25,5.491486669965668e-05,1
BTC-USD,2026-04-06T15:10:58.573653385Z,69593.29,69589.07,0.0002231786002112047,1.8400000000110595,0.2644093389969228,4.579365811871291e-05,-3.95343566787323e-06,345,5.75,0.2014492753613487,110.25,5.3814725631552665e-05,1
BTC-USD,2026-04-06T15:10:58.673039296Z,69593.29,69593.875,0.0,3.709999999991851,0.5330928907165826,4.572773626236138e-05,-3.9419764340533076e-06,346,5.766666666666667,0.21158959537473165,110.25,5.381472563155266e-05,1
BTC-USD,2026-04-06T15:10:58.794005894Z,69565.0,69593.875,-0.00040658735300243715,3.709999999991851,0.5330928907165826,5.051923052244785e-05,-5.105691395233608e-06,347,5.783333333333333,0.2216714697396225,123.00999999999476,4.9672118441265355e-05,1
BTC-USD,2026-04-06T15:10:58.890561466Z,69565.0,69573.45999999999,0.0,0.8799999999901047,0.1264850131055872,5.0519188017276216e-05,-5.106106125632398e-06,347,5.783333333333333,0.2241786743505601,123.00999999999476,4.967211844126535e-05,1
BTC-USD,2026-04-06T15:10:59.025426111Z,69574.0,69573.45999999999,0.00012936703602227728,0.8799999999901047,0.1264850131055872,5.103171846122233e-05,-4.732212957937956e-06,347,5.783333333333333,0.22668587896149767,123.00999999999476,4.925899764597162e-05,1
BTC-USD,2026-04-06T15:10:59.092132696Z,69574.0,69583.125,0.0,0.010000000009313226,0.0014371300526260105,5.103171846122233e-05,-4.732212957937956e-06,347,5.783333333333333,0.2266858789615396,123.00999999999476,4.932328658277218e-05,1
BTC-USD,2026-04-06T15:10:59.267811266Z,69580.86,69583.125,9.85951910779615e-05,0.010000000009313226,0.0014371300526260105,5.1258275224020674e-05,-4.434439459275422e-06,348,5.8,0.2260632183898378,123.00999999999476,4.90673023737031e-05,1
BTC-USD,2026-04-06T15:10:59.343455664Z,69580.86,69584.035,0.0,0.00999999999476131,0.0014371112561611741,5.1258310419123304e-05,-4.434025924065269e-06,348,5.8,0.2260632183898378,123.0,4.9131382445119066e-05,1
BTC-USD,2026-04-06T15:10:59.589438722Z,69580.86,69584.035,0.0,0.00999999999476131,0.0014371112561611741,5.1258310419123304e-05,-4.434025924065269e-06,348,5.8,0.2260632183898378,123.0,5.139357569467104e-05,1
BTC-USD,2026-04-06T15:10:59.765934889Z,69584.03,69584.035,4.555746784330972e-05,0.00999999999476131,0.0014371112561611741,5.125451368635482e-05,-4.290372206342926e-06,349,5.816666666666666,0.22544412607351955,123.0,5.128035793958085e-05,1
BTC-USD,2026-04-06T15:10:59.841799996Z,69584.03,69584.035,0.0,0.00999999999476131,0.0014371112561611741,5.118154425474709e-05,-4.278078876238792e-06,350,5.833333333333333,0.22482857142758023,123.0,5.134708541558475e-05,1
BTC-USD,2026-04-06T15:11:00.088608257Z,69584.03,69585.985,0.0,0.010000000009313226,0.0014370709862500655,5.118154425474709e-05,-4.278078876238792e-06,350,5.833333333333333,0.2248285714276218,123.0,5.29989145301292e-05,1
BTC-USD,2026-04-06T15:11:00.238519475Z,69584.34,69585.985,4.455035292827055e-06,0.010000000009313226,0.0014370709862500655,5.118316519233578e-05,-4.26531373213327e-06,350,5.833333333333333,0.22482857142766338,123.0,5.3067720636448415e-05,1
BTC-USD,2026-04-06T15:11:00.34242628Z,69584.34,69585.985,0.0,0.010000000009313226,0.0014370709862500655,5.1110501135410564e-05,-4.2531271214700326e-06,351,5.85,0.2242165242156453,123.0,5.464066052744939e-05,1
BTC-USD,2026-04-06T15:11:00.515541283Z,69585.99,69585.985,2.3711950673560575e-05,0.010000000009313226,0.0014370709862500655,5.105940291490938e-05,-4.173454535159404e-06,352,5.866666666666666,0.22360795454460458,123.0,5.4630146297003e-05,1
BTC-USD,2026-04-06T15:11:00.588673936Z,69585.99,69585.985,0.0,0.010000000009313226,0.0014370709862500655,5.098730763341764e-05,-4.1615981302299736e-06,353,5.883333333333334,0.22300283286036862,123.0,5.4630146297003006e-05,1
BTC-USD,2026-04-06T15:11:00.763999868Z,69565.0,69585.985,-0.0003016866809098228,0.010000000009313226,0.0014370709862500655,5.3389159848283095e-05,-5.018662564632879e-06,353,5.883333333333334,0.22300283286040984,123.0,5.2440322946033155e-05,1
BTC-USD,2026-04-06T15:11:00.85122782Z,69565.0,69590.695,0.0,0.00999999999476131,0.0014369737210932164,5.3314151442881115e-05,-5.0044453902288205e-06,354,5.9,0.22240112994271027,123.0,5.2440322946033155e-05,1
BTC-USD,2026-04-06T15:11:00.991788123Z,69588.12,69590.695,0.00033229582222423534,0.00999999999476131,0.0014369737210932164,5.354387773101079e-05,-3.132379156536706e-06,353,5.883333333333334,0.19218130311535417,99.88999999999942,4.973054395187629e-05,1
BTC-USD,2026-04-06T15:11:01.088877445Z,69588.12,69590.695,0.0,0.00999999999476131,0.0014369737210932164,5.346824194561262e-05,-3.1235055611924094e-06,354,5.9,0.19166666666586096,99.88999999999942,4.973054395187629e-05,1
BTC-USD,2026-04-06T15:11:01.265880153Z,69565.0,69590.695,-0.0003322958222243204,0.00999999999476131,0.0014369737210932164,5.61758257208629e-05,-3.892025733331734e-06,354,5.9,0.19166666666586096,99.24000000000524,4.668015856735906e-05,0
BTC-USD,2026-04-06T15:11:01.341173242Z,69565.0,69590.695,0.0,0.00999999999476131,0.0014369737210932164,5.61758257208629e-05,-3.892025733331734e-06,354,5.9,0.19166666666586096,99.24000000000524,4.674106714264798e-05,0
BTC-USD,2026-04-06T15:11:01.519919509Z,69590.69,69590.695,0.00036922673146684354,0.00999999999476131,0.0014369737210932164,5.9586771245856704e-05,-3.0009549114840096e-06,353,5.883333333333334,0.1921813031152717,99.24000000000524,4.2863048797097046e-05,0
BTC-USD,2026-04-06T15:11:01.58811692Z,69590.69,69593.005,0.0,0.00999999999476131,0.0014369260236371901,5.9502524631861073e-05,-2.9924536227829217e-06,354,5.9,0.19166666666577875,99.24000000000524,4.291938578339283e-05,0
BTC-USD,2026-04-06T15:11:01.772179614Z,69590.71,69593.005,2.873947237993366e-07,0.00999999999476131,0.0014369260236371901,5.950258749017498e-05,-2.9912328284369745e-06,354,5.9,0.19166666666573764,99.22999999999593,4.2863109625446246e-05,0
BTC-USD,2026-04-06T15:11:01.845466884Z,69590.71,69586.705,0.0,2.709999999991851,0.38944220738600155,5.950258749017498e-05,-2.9912328284369745e-06,354,5.9,0.1992937853097561,99.22999999999593,4.291944685791977e-05,0
BTC-USD,2026-04-06T15:11:02.004682526Z,69593.0,69586.705,3.290614972402984e-05,2.709999999991851,0.38944220738600155,5.953296875545303e-05,-2.898014273977966e-06,354,5.9,0.20692090395377458,99.22999999999593,4.2947408135769756e-05,0
BTC-USD,2026-04-06T15:11:02.092114834Z,69593.0,69582.715,0.0,1.429999999993015,0.2055108082507294,5.947668254713048e-05,-2.75202495170367e-06,354,5.9,0.2109322033887979,95.64999999999418,4.2947408135769756e-05,0
BTC-USD,2026-04-06T15:11:02.223359349Z,69583.86,69582.715,-0.00013134367326780082,1.429999999993015,0.2055108082507294,5.9783461574883566e-05,-3.1152781955344535e-06,355,5.916666666666667,0.21436619718204922,95.64999999999418,4.244848669204561e-05,0
BTC-USD,2026-04-06T15:11:02.340942362Z,69583.86,69581.975,0.0,0.00999999999476131,0.0014371538023692644,5.9783461574883566e-05,-3.1152781955344535e-06,355,5.916666666666667,0.21436619718204922,95.64999999999418,4.244848669204561e-05,0
BTC-USD,2026-04-06T15:11:02.479144971Z,69581.99,69581.975,-2.687440920468584e-05,0.00999999999476131,0.0014371538023692644,5.971247899736519e-05,-3.1822053251376966e-06,356,5.933333333333334,0.21379213483039952,95.64999999999418,4.247754351863649e-05,0
BTC-USD,2026-04-06T15:11:02.58932994Z,69581.99,69581.985,0.0,0.010000000009313226,0.0014371535979195227,5.97124569599199e-05,-3.1826097000046814e-06,356,5.933333333333334,0.2137921348304404,95.64999999999418,4.247754351863649e-05,0
BTC-USD,2026-04-06T15:11:02.844182691Z,69581.99,69588.11499999999,0.0,0.00999999999476131,0.0014370269973200613,5.97124569599199e-05,-3.1826097000046814e-06,356,5.933333333333334,0.2137921348304404,95.64999999999418,4.247754351863649e-05,0
BTC-USD,2026-04-06T15:11:03.073046429Z,69581.98,69588.11499999999,-1.4371535983690603e-07,0.00999999999476131,0.0014370269973200613,5.9291790896104005e-05,-2.7714535206613976e-06,355,5.916666666666667,0.2143661971820902,95.63999999999942,4.253388318568304e-05,0
BTC-USD,2026-04-06T15:11:03.088143004Z,69581.98,69588.11499999999,0.0,0.00999999999476131,0.0014370269973200613,5.92084046392244e-05,-2.763646609335591e-06,356,5.933333333333334,0.2137921348304404,95.63999999999942,4.259047302476176e-05,0
BTC-USD,2026-04-06T15:11:03.244180623Z,69587.85,69588.11499999999,8.435736399896517e-05,0.00999999999476131,0.0014370269973200613,5.94382440834809e-05,-2.6321150628517996e-06,355,5.916666666666667,0.2143661971820902,95.63999999999942,4.23805153944501e-05,0
BTC-USD,2026-04-06T15:11:03.342459356Z,69587.85,69593.035,0.0,0.5099999999947613,0.07328319565237545,5.935463314397062e-05,-2.624700654224048e-06,356,5.933333333333334,0.21519662921246288,95.63999999999942,4.23805153944501e-05,0
BTC-USD,2026-04-06T15:11:03.472116874Z,69588.12,69593.035,3.879980142908584e-06,0.5099999999947613,0.07328319565237545,5.9296836551714656e-05,-2.746418057042488e-06,356,5.933333333333334,0.21660112359444447,95.63999999999942,4.243722897968798e-05,0
BTC-USD,2026-04-06T15:11:03.590192872Z,69588.12,69593.295,0.0,0.010000000009313226,0.0014369200379595803,5.9380350160855705e-05,-2.754176300141478e-06,355,5.916666666666667,0.21718309859045892,95.63999999999942,4.243722897968798e-05,0
BTC-USD,2026-04-06T15:11:03.773428074Z,69593.29,69593.295,7.429153077801647e-05,0.010000000009313226,0.0014369200379595803,5.952082822109923e-05,-2.544313218847646e-06,355,5.916666666666667,0.21718309859045892,95.63999999999942,4.227391085904959e-05,0
BTC-USD,2026-04-06T15:11:03.845287822Z,69593.29,69595.875,0.0,0.010000000009313226,0.0014368667696631771,5.952082822109924e-05,-2.544313218847646e-06,355,5.916666666666667,0.21718309859045892,95.63999999999942,4.227391085904959e-05,0
BTC-USD,2026-04-06T15:11:03.972145539Z,69593.3,69595.875,1.4369200374147006e-07,0.010000000009313226,0.0014368667696631771,5.943710768254002e-05,-2.536741373150212e-06,356,5.933333333333334,0.21660112359444447,95.63999999999942,4.233054234107815e-05,0
BTC-USD,2026-04-06T15:11:04.089931857Z,69593.3,69596.775,0.0,0.00999999999476131,0.0014368481865375674,5.932506432798868e-05,-2.33615092213164e-06,356,5.933333333333334,0.2166011235944036,95.63999999999942,4.2313244279901394e-05,0
BTC-USD,2026-04-06T15:11:04.272914753Z,69596.0,69596.775,3.87960856235426e-05,0.00999999999476131,0.0014368481865375674,5.936498754438012e-05,-2.2268661738963093e-06,356,5.933333333333334,0.21660112359436273,95.63999999999942,4.227074749808374e-05,0
BTC-USD,2026-04-06T15:11:04.344797967Z,69596.0,69596.765,0.0,0.010000000009313226,0.0014368483950817578,5.923667922517124e-05,-2.4274566249151275e-06,356,5.933333333333334,0.21660112359436273,95.63999999999942,4.227074749808374e-05,0
BTC-USD,2026-04-06T15:11:04.519086257Z,69596.76,69596.765,1.0920108200958009e-05,0.010000000009313226,0.0014368483950817578,5.9240766983134815e-05,-2.3966957567434147e-06,356,5.933333333333334,0.21660112359436273,95.63999999999942,4.232506306085943e-05,0
BTC-USD,2026-04-06T15:11:04.592897431Z,69596.76,69593.01000000001,0.0,2.2400000000052387,0.32187140633883177,5.912787647952106e-05,-2.1961053057248418e-06,356,5.933333333333334,0.2228651685381715,95.63999999999942,4.232506306085943e-05,0
BTC-USD,2026-04-06T15:11:04.773241551Z,69598.0,69593.01000000001,1.7816762643031975e-05,2.2400000000052387,0.32187140633883177,5.913727998058416e-05,-2.145917241941653e-06,356,5.933333333333334,0.2291292134819803,95.63999999999942,4.23741932162756e-05,0
BTC-USD,2026-04-06T15:11:04.848492326Z,69598.0,69588.51000000001,0.0,0.9600000000064028,0.1379538087546928,5.9008751708106556e-05,-2.346507692960473e-06,356,5.933333333333334,0.2317977528078148,95.63999999999942,4.23741932162756e-05,0
BTC-USD,2026-04-06T15:11:05.02245123Z,69586.0,69588.51000000001,-0.00017243361348622145,0.9600000000064028,0.1379538087546928,5.969315901501653e-05,-2.8322361816540543e-06,356,5.933333333333334,0.23446629213364933,95.63999999999942,4.139196296463734e-05,0
BTC-USD,2026-04-06T15:11:05.087989632Z,69586.0,69588.045,0.0,0.010000000009313226,0.0014370284449452813,5.960944982047936e-05,-2.8242804620426666e-06,357,5.95,0.23383753501285287,95.63999999999942,4.1447651664687366e-05,0
BTC-USD,2026-04-06T15:11:05.342253906Z,69586.0,69585.58499999999,0.0,0.00999999999476131,0.0014370792448983954,5.958259198725764e-05,-2.6316457306354814e-06,356,5.933333333333334,0.23446629213360845,95.63999999999942,4.144765166468736e-05,0
BTC-USD,2026-04-06T15:11:05.478174259Z,69585.53,69585.58499999999,-6.754254983040607e-06,0.00999999999476131,0.0014370792448983954,5.949924978937261e-05,-2.643226093704035e-06,357,5.95,0.23383753501277135,95.63999999999942,4.1500952015780424e-05,0
BTC-USD,2026-04-06T15:11:05.5872098Z,69585.53,69586.67499999999,0.0,0.00999999999476131,0.001437056734606347,5.949924978937261e-05,-2.643226093704035e-06,357,5.95,0.23383753501273058,95.63999999999942,4.150097667164934e-05,0
BTC-USD,2026-04-06T15:11:05.755706753Z,69586.68,69586.67499999999,1.65262878273618e-05,0.00999999999476131,0.001437056734606347,5.950774037819879e-05,-2.596803936885603e-06,357,5.95,0.2338375350126898,95.63999999999942,4.1494795091006197e-05,0
BTC-USD,2026-04-06T15:11:05.839988632Z,69586.68,69586.67499999999,0.0,0.00999999999476131,0.001437056734606347,5.942449624605654e-05,-2.5895299762780808e-06,358,5.966666666666667,0.23321229050146655,95.63999999999942,4.1550928559787255e-05,0
BTC-USD,2026-04-06T15:11:05.998000971Z,69586.67,69586.67499999999,-1.4370567347269106e-07,0.00999999999476131,0.001437056734606347,5.9424401283945206e-05,-2.5915411723715522e-06,358,5.966666666666667,0.23321229050146655,95.63999999999942,4.1550904199828537e-05,0
BTC-USD,2026-04-06T15:11:06.08690346Z,69586.67,69586.67499999999,0.0,0.00999999999476131,0.001437056734606347,5.942440128394521e-05,-2.5915411723715522e-06,358,5.966666666666667,0.23321229050146655,95.63999999999942,4.1607265993894984e-05,0
BTC-USD,2026-04-06T15:11:06.339838738Z,69586.67,69586.67499999999,0.0,0.00999999999476131,0.001437056734606347,5.9444527004181975e-05,-2.7367440669575512e-06,357,5.95,0.2338375350126898,95.63999999999942,4.1585135091046086e-05,0
BTC-USD,2026-04-06T15:11:06.587472932Z,69586.67,69586.67499999999,0.0,0.00999999999476131,0.001437056734606347,5.9444527004181975e-05,-2.7367440669575512e-06,357,5.95,0.2338375350126898,95.63999999999942,4.2384413777810524e-05,0
BTC-USD,2026-04-06T15:11:06.841832902Z,69586.67,69584.44,0.0,0.3000000000029104,0.04311308677671479,5.944452700418197e-05,-2.7367440669575512e-06,357,5.95,0.23464985994268464,95.63999999999942,4.237640812764273e-05,0
BTC-USD,2026-04-06T15:11:07.088408114Z,69586.67,69584.235,0.0,0.010000000009313226,0.0014371071276867852,5.952801510287558e-05,-2.744453205174333e-06,356,5.933333333333334,0.23528089887516349,95.63999999999942,4.237640812764273e-05,0
BTC-USD,2026-04-06T15:11:07.222129494Z,69584.23,69584.235,-3.506480162524794e-05,0.010000000009313226,0.0014371071276867852,5.946895605214586e-05,-2.8352407007363374e-06,357,5.95,0.23464985994276616,95.63999999999942,4.233244674697675e-05,0
BTC-USD,2026-04-06T15:11:07.340208651Z,69584.23,69582.945,0.0,0.00999999999476131,0.0014371337681613374,5.938579684178569e-05,-2.8272988500339947e-06,358,5.966666666666667,0.2340223463674924,95.63999999999942,4.247822174715509e-05,0
BTC-USD,2026-04-06T15:11:07.508498466Z,69582.95,69582.945,-1.8395141728553118e-05,0.00999999999476131,0.0014371337681613374,5.9391301497869735e-05,-2.8788258576770008e-06,358,5.966666666666667,0.2340223463674924,95.63999999999942,4.246467381976717e-05,0
BTC-USD,2026-04-06T15:11:07.589281125Z,69582.95,69577.765,0.0,0.010000000009313226,0.0014372407635274323,5.9391301497869735e-05,-2.8788258576770008e-06,358,5.966666666666667,0.23402234636753305,95.63999999999942,4.2464652533209045e-05,0
BTC-USD,2026-04-06T15:11:07.840589004Z,69582.95,69577.765,0.0,0.010000000009313226,0.0014372407635274323,5.9391301497869735e-05,-2.8788258576770008e-06,358,5.966666666666667,0.23402234636757369,95.63999999999942,4.243821980997841e-05,0
BTC-USD,2026-04-06T15:11:07.981621856Z,69577.76,69577.765,-7.459001901337395e-05,0.010000000009313226,0.0014372407635274323,5.942893414167336e-05,-3.0791364530839756e-06,359,5.983333333333333,0.23339832868969554,95.63999999999942,4.224886139739144e-05,0
BTC-USD,2026-04-06T15:11:08.087718684Z,69577.76,69577.765,0.0,0.010000000009313226,0.0014372407635274323,5.9346328204166844e-05,-3.0705594713205104e-06,360,6.0,0.23277777777669448,95.63999999999942,4.2287414804258376e-05,0
BTC-USD,2026-04-06T15:11:08.345550681Z,69577.76,69593.025,0.0,0.00999999999476131,0.0014369256106860297,5.942893414167336e-05,-3.0791364530839756e-06,359,5.983333333333333,0.23339832868973606,95.63999999999942,4.225475809086202e-05,0
BTC-USD,2026-04-06T15:11:08.547003873Z,69593.06,69593.025,0.0002198736784283307,0.00999999999476131,0.0014369256106860297,6.049823901571722e-05,-2.4580979715201466e-06,360,6.0,0.23277777777669448,95.63999999999942,4.072302546642937e-05,0
BTC-USD,2026-04-06T15:11:08.608348568Z,69593.06,69598.475,0.0,0.00999999999476131,0.0014368130903387336,6.047343540016464e-05,-2.3597197088950076e-06,360,6.0,0.23277777777665404,95.63999999999942,4.1618398416706284e-05,0
BTC-USD,2026-04-06T15:11:08.769061164Z,69595.89,69598.475,4.0664147554633966e-05,0.00999999999476131,0.0014368130903387336,6.051581764519591e-05,-2.246449102893242e-06,360,6.0,0.23277777777661363,95.63999999999942,4.1571586391597726e-05,0
BTC-USD,2026-04-06T15:11:08.846516107Z,69595.89,69598.475,0.0,0.00999999999476131,0.0014368130903387336,6.051580232382401e-05,-2.2468490215637416e-06,360,6.0,0.2327777777765732,95.63999999999942,4.158882706045217e-05,0
BTC-USD,2026-04-06T15:11:09.009976376Z,69598.47,69598.475,3.707046751464577e-05,0.00999999999476131,0.0014368130903387336,6.04671130574233e-05,-2.1376342534076043e-06,361,6.016666666666667,0.23216066481872885,95.63999999999942,4.160620104358698e-05,0
BTC-USD,2026-04-06T15:11:09.088290303Z,69598.47,69599.25,0.0,1.3999999999941792,0.2011515928683397,6.046711305742331e-05,-2.1376342534076043e-06,361,6.016666666666667,0.2360110803311523,95.63999999999942,4.166203367513209e-05,0
BTC-USD,2026-04-06T15:11:09.26981493Z,69600.0,69599.25,2.1983000245159862e-05,1.3999999999941792,0.2011515928683397,6.04803527074092e-05,-2.0761715560525163e-06,361,6.016666666666667,0.23986149584357574,95.63999999999942,4.1649922051589723e-05,0
BTC-USD,2026-04-06T15:11:09.342870908Z,69600.0,69598.60500000001,0.0,0.00999999999476131,0.0014368104065823316,6.04803527074092e-05,-2.0761715560525163e-06,361,6.016666666666667,0.23986149584353544,95.63999999999942,4.1705973175708294e-05,0
BTC-USD,2026-04-06T15:11:09.474542432Z,69598.55,69598.60500000001,-2.083355035015079e-05,0.00999999999476131,0.0014368104065823316,6.048830525200733e-05,-2.1340425292473796e-06,361,6.016666666666667,0.23986149584349514,95.63999999999942,4.1744800277338496e-05,0
BTC-USD,2026-04-06T15:11:09.590748506Z,69598.55,69598.60500000001,0.0,0.00999999999476131,0.0014368104065823316,6.040457247134009e-05,-2.12813105409711e-06,362,6.033333333333333,0.2392265193356257,95.63999999999942,4.1744800277338496e-05,0
BTC-USD,2026-04-06T15:11:09.840387936Z,69598.55,69598.60500000001,0.0,0.00999999999476131,0.0014368104065823316,6.0404572471340094e-05,-2.12813105409711e-06,362,6.033333333333333,0.2392265193356257,95.63999999999942,4.1801273805519885e-05,0
BTC-USD,2026-04-06T15:11:10.019506312Z,69598.6,69598.60500000001,7.184055132627971e-07,0.00999999999476131,0.0014368104065823316,6.042667742476517e-05,-2.270031034660677e-06,361,6.016666666666667,0.23986149584349514,95.63999999999942,4.180137484961555e-05,0
BTC-USD,2026-04-06T15:11:10.08998666Z,69598.6,69594.045,0.0,0.010000000009313226,0.0014369045525825129,6.040321731825197e-05,-2.3525789248257202e-06,361,6.016666666666667,0.23836565096816661,95.63999999999942,4.185807865198691e-05,0
BTC-USD,2026-04-06T15:11:10.273662205Z,69598.58,69594.045,-2.8736214351329423e-07,0.010000000009313226,0.0014369045525825129,6.040318812239781e-05,-2.353377153002146e-06,361,6.016666666666667,0.2368698060928381,95.63999999999942,4.196867913709403e-05,0
BTC-USD,2026-04-06T15:11:10.340996079Z,69598.58,69594.045,0.0,0.010000000009313226,0.0014369045525825129,6.039495244188412e-05,-2.293958870743914e-06,361,6.016666666666667,0.2368698060928784,95.63999999999942,4.202557688541116e-05,0
BTC-USD,2026-04-06T15:11:10.519624266Z,69588.0,69594.045,-0.00015202615108986036,0.010000000009313226,0.0014369045525825129,6.090676773746777e-05,-2.716253734882415e-06,361,6.016666666666667,0.23686980609291872,95.63999999999942,4.1185440808736924e-05,0
BTC-USD,2026-04-06T15:11:10.596011783Z,69588.0,69598.015,0.0,0.010000000009313226,0.001436822588878896,6.082251837874851e-05,-2.7087294863093335e-06,362,6.033333333333333,0.23624309392141704,95.63999999999942,4.1185440808736924e-05,0
BTC-USD,2026-04-06T15:11:10.843663356Z,69588.0,69598.015,0.0,0.010000000009313226,0.001436822588878896,6.073861766784803e-05,-2.7012468081703574e-06,363,6.05,0.23561983470953796,95.63999999999942,4.119693822849796e-05,0
BTC-USD,2026-04-06T15:11:11.021192766Z,69598.01,69598.015,0.00014383629528935695,0.010000000009313226,0.001436822588878896,6.122352501878319e-05,-2.303908975879316e-06,363,6.05,0.23561983470957804,95.63999999999942,4.068214447427322e-05,0
BTC-USD,2026-04-06T15:11:11.089846093Z,69598.01,69598.015,0.0,0.010000000009313226,0.001436822588878896,6.11392561908183e-05,-2.297562119196453e-06,364,6.066666666666666,0.23499999999886304,95.63999999999942,4.073709228952415e-05,0
BTC-USD,2026-04-06T15:11:11.34138433Z,69598.01,69598.015,0.0,0.010000000009313226,0.001436822588878896,6.122352501878319e-05,-2.303908975879316e-06,363,6.05,0.23561983470965822,95.63999999999942,4.1070472068349354e-05,0
BTC-USD,2026-04-06T15:11:11.586803575Z,69598.01,69598.015,0.0,0.010000000009313226,0.001436822588878896,6.11392561908183e-05,-2.297562119196453e-06,364,6.066666666666666,0.234999999998943,95.63999999999942,4.1016390882605074e-05,0
BTC-USD,2026-04-06T15:11:11.841179258Z,69598.01,69598.015,0.0,0.010000000009313226,0.001436822588878896,6.11392561908183e-05,-2.297562119196453e-06,364,6.066666666666666,0.23499999999898297,95.63999999999942,4.097997977950879e-05,0
BTC-USD,2026-04-06T15:11:12.090587862Z,69598.01,69588.32500000001,0.0,0.00999999999476131,0.0014370226607353042,6.11392561908183e-05,-2.297562119196453e-06,364,6.066666666666666,0.23499999999898297,95.63999999999942,4.097997977950879e-05,0
BTC-USD,2026-04-06T15:11:12.22889429Z,69588.33,69588.32500000001,-0.00013909410960298525,0.00999999999476131,0.0014370226607353042,6.147363913553296e-05,-2.6733768100859824e-06,365,6.083333333333333,0.23438356164280702,95.63999999999942,4.0306024573062806e-05,0
BTC-USD,2026-04-06T15:11:12.340957044Z,69588.33,69588.32500000001,0.0,0.00999999999476131,0.0014370226607353042,6.138952995557663e-05,-2.6660524900583496e-06,366,6.1,0.23377049180223858,95.63999999999942,4.1650366878613565e-05,0
BTC-USD,2026-04-06T15:11:12.538669656Z,69588.32,69588.32500000001,-1.4370226608671652e-07,0.00999999999476131,0.0014370226607353042,6.130574850136183e-05,-2.6591608227797386e-06,367,6.116666666666666,0.23316076294172774,95.63999999999942,4.165032662353631e-05,0
BTC-USD,2026-04-06T15:11:12.589261447Z,69588.32,69588.32500000001,0.0,0.00999999999476131,0.0014370226607353042,6.130574850136183e-05,-2.6591608227797386e-06,367,6.116666666666666,0.23316076294172774,95.63999999999942,4.175950601229059e-05,0
BTC-USD,2026-04-06T15:11:12.844549619Z,69588.32,69588.32500000001,0.0,0.00999999999476131,0.0014370226607353042,6.130574850136183e-05,-2.6591608227797386e-06,367,6.116666666666666,0.23316076294172774,95.63999999999942,4.1714069936097956e-05,0
BTC-USD,2026-04-06T15:11:13.166674099Z,69588.32,69592.125,0.0,0.010000000009313226,0.001436944195814286,6.122232563738521e-05,-2.6519151529629e-06,368,6.133333333333334,0.23255434782506357,95.63999999999942,4.1655402907071686e-05,0
BTC-USD,2026-04-06T15:11:13.343268661Z,69588.32,69594.045,0.0,0.010000000009313226,0.0014369045525825129,6.122232563738521e-05,-2.6519151529629e-06,368,6.133333333333334,0.23255434782506357,95.63999999999942,4.1704530781564736e-05,0
BTC-USD,2026-04-06T15:11:13.481790482Z,69592.12,69594.045,5.460537415940021e-05,0.010000000009313226,0.0014369045525825129,6.1211701356062e-05,-2.496324692874957e-06,369,6.15,0.23195121951119976,95.63999999999942,4.16231872336518e-05,0
BTC-USD,2026-04-06T15:11:13.587434003Z,69592.12,69594.045,0.0,0.010000000009313226,0.0014369045525825129,6.1211667701938e-05,-2.497104923664571e-06,369,6.15,0.23195121951119976,95.63999999999942,4.179511599768307e-05,0
BTC-USD,2026-04-06T15:11:13.786316916Z,69592.12,69594.045,0.0,0.010000000009313226,0.0014369045525825129,6.1211667701938e-05,-2.497104923664571e-06,369,6.15,0.23195121951119976,95.63999999999942,4.174651962284295e-05,0
BTC-USD,2026-04-06T15:11:13.840208436Z,69592.12,69594.045,0.0,0.010000000009313226,0.0014369045525825129,6.112880663800935e-05,-2.49033770164922e-06,370,6.166666666666667,0.23135135135038384,95.63999999999942,4.180171004704714e-05,0
BTC-USD,2026-04-06T15:11:14.010897003Z,69594.04,69594.045,2.758894993758528e-05,0.010000000009313226,0.0014369045525825129,6.114869059293937e-05,-2.415181841506372e-06,370,6.166666666666667,0.23135135135038384,95.63999999999942,4.1784844191967285e-05,0
BTC-USD,2026-04-06T15:11:14.089645512Z,69594.04,69595.17,0.0,0.6600000000034925,0.09483416737159957,6.123158690267515e-05,-2.4217448356409e-06,369,6.15,0.23371273712636012,95.63999999999942,4.269737206062365e-05,0
BTC-USD,2026-04-06T15:11:14.342567399Z,69594.04,69595.88500000001,0.0,0.00999999999476131,0.0014368665611136791,6.123158690267515e-05,-2.4217448356409e-06,369,6.15,0.2337127371263207,95.63999999999942,4.269016033454205e-05,0
BTC-USD,2026-04-06T15:11:14.503862975Z,69595.88,69595.88500000001,2.6438696137183166e-05,0.00999999999476131,0.0014368665611136791,6.11669652890028e-05,-2.3435322584787752e-06,370,6.166666666666667,0.2331081081070462,95.63999999999942,4.267580138647226e-05,0
BTC-USD,2026-04-06T15:11:14.589553423Z,69595.88,69598.475,0.0,0.00999999999476131,0.0014368130903387336,6.108437247494944e-05,-2.3371983875099134e-06,371,6.183333333333334,0.23250673854340123,95.63999999999942,4.2864086666125924e-05,0
BTC-USD,2026-04-06T15:11:14.759148579Z,69595.89,69598.475,1.4368665601997344e-07,0.00999999999476131,0.0014368130903387336,6.108438778913345e-05,-2.3368100451963458e-06,371,6.183333333333334,0.232506738543362,95.63999999999942,4.286412441775669e-05,0
BTC-USD,2026-04-06T15:11:14.842298622Z,69595.89,69598.475,0.0,0.00999999999476131,0.0014368130903387336,6.1002128583878676e-05,-2.3305113658292398e-06,372,6.2,0.23190860214941417,95.63999999999942,4.292081505464349e-05,0
BTC-USD,2026-04-06T15:11:14.995995368Z,69598.48,69598.475,3.7214148823583956e-05,0.00999999999476131,0.0014368130903387336,6.103654138282644e-05,-2.2274949599393044e-06,372,6.2,0.23190860214941417,95.63999999999942,4.2887533553730865e-05,0
BTC-USD,2026-04-06T15:11:15.087695467Z,69598.48,69598.475,0.0,0.00999999999476131,0.0014368130903387336,6.107878722119328e-05,-2.112454304854824e-06,371,6.183333333333334,0.232506738543362,95.63999999999942,4.3329131154499246e-05,0
BTC-USD,2026-04-06T15:11:15.342329799Z,69598.48,69600.35500000001,0.0,0.00999999999476131,0.0014367742800681562,6.116136589566616e-05,-2.1189572651368147e-06,370,6.166666666666667,0.23310810810700688,95.63999999999942,4.3329131154499246e-05,0
BTC-USD,2026-04-06T15:11:15.494869814Z,69600.16,69600.35500000001,2.413816686837167e-05,0.00999999999476131,0.0014367742800681562,6.109386998687721e-05,-2.047992064775981e-06,371,6.183333333333334,0.232506738543362,95.63999999999942,4.331691086250718e-05,0
BTC-USD,2026-04-06T15:11:15.586950326Z,69600.16,69600.35500000001,0.0,0.00999999999476131,0.0014367742800681562,6.109386998687721e-05,-2.047992064775981e-06,371,6.183333333333334,0.232506738543362,95.63999999999942,4.3374482079061425e-05,0
BTC-USD,2026-04-06T15:11:15.722856231Z,69600.35,69600.35500000001,2.7298750558029175e-06,0.00999999999476131,0.0014367742800681562,6.109428170463085e-05,-2.0406140240846216e-06,371,6.183333333333334,0.232506738543362,95.63999999999942,4.337489979053128e-05,0
BTC-USD,2026-04-06T15:11:15.845228837Z,69600.35,69593.305,0.0,0.00999999999476131,0.001436919829394697,6.103570039751723e-05,-2.174091094660426e-06,371,6.183333333333334,0.232506738543362,95.63999999999942,4.383886677982128e-05,0
BTC-USD,2026-04-06T15:11:16.031203155Z,69595.2,69593.305,-7.399661846024546e-05,0.00999999999476131,0.001436919829394697,6.114937266552777e-05,-2.374081955363792e-06,371,6.183333333333334,0.232506738543362,95.63999999999942,4.361946830017782e-05,0
BTC-USD,2026-04-06T15:11:16.203365004Z,69595.2,69588.13500000001,0.0,0.00999999999476131,0.0014370265843108613,6.114937266552777e-05,-2.374081955363792e-06,371,6.183333333333334,0.232506738543362,95.63999999999942,4.361946830017783e-05,0
BTC-USD,2026-04-06T15:11:16.273710747Z,69588.13,69588.13500000001,-0.00010159262615822519,0.00999999999476131,0.0014370265843108613,6.12831949235318e-05,-2.6415173844820172e-06,372,6.2,0.23190860214941417,95.63999999999942,4.327824236662731e-05,0
BTC-USD,2026-04-06T15:11:16.520342295Z,69588.13,69595.565,0.0,0.010000000009313226,0.001436873169908632,6.13657828982063e-05,-2.6490446257873755e-06,371,6.183333333333334,0.23250673854340123,95.63999999999942,4.32210060471175e-05,0
BTC-USD,2026-04-06T15:11:16.521205726Z,69594.75,69595.565,9.512664208402699e-05,0.010000000009313226,0.001436873169908632,6.149234084297343e-05,-2.3854983004239947e-06,372,6.2,0.2319086021494924,95.63999999999942,4.302022871259127e-05,0
BTC-USD,2026-04-06T15:11:16.663475364Z,69594.75,69597.29000000001,0.0,1.4399999999877764,0.20690460792191426,6.149235540152552e-05,-2.3851113411292528e-06,372,6.2,0.235752688170979,95.63999999999942,4.302022871259127e-05,0
BTC-USD,2026-04-06T15:11:16.801350443Z,69595.56,69597.29000000001,1.1638741231521985e-05,1.4399999999877764,0.20690460792191426,6.149653289992073e-05,-2.353740070963425e-06,372,6.2,0.2395967741924656,95.63999999999942,4.3018623144091666e-05,0
BTC-USD,2026-04-06T15:11:16.85080006Z,69595.56,69598.7,0.0,1.3999999999941792,0.20115318245803143,6.141394156896292e-05,-2.347412812708147e-06,373,6.216666666666667,0.24270777479783212,95.63999999999942,4.301862314409167e-05,0
BTC-USD,2026-04-06T15:11:17.091427175Z,69595.56,69595.78,0.0,0.4400000000023283,0.06322222410645133,6.13316821121935e-05,-2.341119480770592e-06,374,6.233333333333333,0.24323529411656072,95.63999999999942,4.296154326037347e-05,0
BTC-USD,2026-04-06T15:11:17.255656451Z,69598.0,69595.78,3.5059093254827096e-05,0.4400000000023283,0.06322222410645133,6.128007494579277e-05,-2.2411189119588334e-06,375,6.25,0.24375999999892278,95.63999999999942,4.2988129969213223e-05,0
BTC-USD,2026-04-06T15:11:17.348737083Z,69598.0,69597.005,0.0,1.9700000000011642,0.2830581574596729,6.119842277152167e-05,-2.2351425948602764e-06,376,6.266666666666667,0.24835106382871597,95.63999999999942,4.301464558409869e-05,0
BTC-USD,2026-04-06T15:11:17.5882262Z,69598.0,69596.32,0.0,0.46000000000640284,0.06609544872579509,6.119842277152167e-05,-2.2351425948602764e-06,376,6.266666666666667,0.24954787233938522,95.63999999999942,4.301464558409869e-05,0
BTC-USD,2026-04-06T15:11:17.718260619Z,69596.09,69596.32,-2.7443693911451213e-05,0.46000000000640284,0.06609544872579509,6.113077599918255e-05,-2.3021866143192947e-06,377,6.283333333333333,0.2501061007947354,95.63999999999942,4.304213723649717e-05,0
BTC-USD,2026-04-06T15:11:17.841058151Z,69596.09,69596.54999999999,0.0,1.9799999999959255,0.2844968608351888,6.113077599918255e-05,-2.3021866143192947e-06,377,6.283333333333333,0.2553315649857199,95.63999999999942,4.2985015756246076e-05,0
BTC-USD,2026-04-06T15:11:18.089285533Z,69596.09,69595.565,0.0,0.010000000009313226,0.001436873169908632,6.113076117054683e-05,-2.3025684278791356e-06,377,6.283333333333333,0.25533156498575854,95.63999999999942,4.304217101114942e-05,0
BTC-USD,2026-04-06T15:11:18.247784025Z,69595.56,69595.565,-7.615399343294483e-06,0.010000000009313226,0.001436873169908632,6.105024361960724e-05,-2.316660817575198e-06,378,6.3,0.25468253968158805,95.63999999999942,4.303860145942249e-05,0
BTC-USD,2026-04-06T15:11:18.341787155Z,69595.56,69595.565,0.0,0.010000000009313226,0.001436873169908632,6.113127054876276e-05,-2.3224403359773946e-06,377,6.283333333333333,0.2553315649858357,95.63999999999942,4.38459711162339e-05,0
BTC-USD,2026-04-06T15:11:18.587024222Z,69595.56,69595.565,0.0,0.010000000009313226,0.001436873169908632,6.113127054876276e-05,-2.3224403359773946e-06,377,6.283333333333333,0.25533156498587434,95.63999999999942,4.388057964891737e-05,0
BTC-USD,2026-04-06T15:11:18.84170506Z,69595.56,69595.565,0.0,0.010000000009313226,0.001436873169908632,6.105025762085239e-05,-2.3162800167838207e-06,378,6.3,0.2546825396817035,95.63999999999942,4.3938834348170074e-05,0
BTC-USD,2026-04-06T15:11:19.087568726Z,69595.56,69595.565,0.0,0.010000000009313226,0.001436873169908632,6.0969565922766594e-05,-2.310152291871694e-06,379,6.316666666666666,0.2540369393131748,95.63999999999942,4.399732166478037e-05,0
BTC-USD,2026-04-06T15:11:19.338520586Z,69595.56,69595.565,0.0,0.010000000009313226,0.001436873169908632,6.105024272414011e-05,-2.3166608175755994e-06,378,6.3,0.2546825396817805,95.63999999999942,4.399732166478037e-05,0
BTC-USD,2026-04-06T15:11:19.582015407Z,69595.57,69595.565,1.4368731704666733e-07,0.010000000009313226,0.001436873169908632,6.096956593612017e-05,-2.3101519600765986e-06,379,6.316666666666666,0.2540369393132516,95.63999999999942,4.398449559289588e-05,0
BTC-USD,2026-04-06T15:11:19.587165213Z,69595.57,69595.565,0.0,0.010000000009313226,0.001436873169908632,6.088919335052705e-05,-2.3040565723191405e-06,380,6.333333333333333,0.2533947368413991,95.63999999999942,4.404306446775252e-05,0
BTC-USD,2026-04-06T15:11:19.802913563Z,69595.56,69595.565,-1.4368731704256414e-07,0.010000000009313226,0.001436873169908632,6.095447898874124e-05,-2.3743365994555273e-06,379,6.316666666666666,0.2540369393133284,95.63999999999942,4.404303404827834e-05,0
BTC-USD,2026-04-06T15:11:19.851103846Z,69595.56,69598.83499999999,0.0,0.00999999999476131,0.0014368056584224882,6.020538326939089e-05,-1.8786717934830142e-06,379,6.316666666666666,0.2516094986800876,95.63999999999942,4.4101837382727304e-05,0
BTC-USD,2026-04-06T15:11:19.971908475Z,69602.78,69598.83499999999,0.00010373686936881896,0.00999999999476131,0.0014368056584224882,6.036951607951337e-05,-1.6000028194400009e-06,380,6.333333333333333,0.25097368420986305,95.63999999999942,4.3852180222827974e-05,0
BTC-USD,2026-04-06T15:11:20.090804401Z,69602.78,69595.565,0.0,0.010000000009313226,0.001436873169908632,6.044926102679497e-05,-1.604235631131641e-06,379,6.316666666666666,0.24918205804688523,95.63999999999942,4.3852180222827974e-05,0
BTC-USD,2026-04-06T15:11:20.264922878Z,69595.57,69595.565,-0.00010359318205198228,0.010000000009313226,0.001436873169908632,6.059574673408855e-05,-1.8733357536140965e-06,380,6.333333333333333,0.2485526315783653,95.63999999999942,4.355276253600994e-05,0
BTC-USD,2026-04-06T15:11:20.365375346Z,69595.57,69595.565,0.0,0.010000000009313226,0.001436873169908632,5.981865044730668e-05,-2.364662478130814e-06,380,6.333333333333333,0.2485526315784036,95.63999999999942,4.3552762536009934e-05,0
BTC-USD,2026-04-06T15:11:20.589852475Z,69595.57,69590.725,0.0,0.00999999999476131,0.0014369731016254407,5.9638718316698393e-05,-2.0788476954008975e-06,379,6.316666666666666,0.249182058046962,95.63999999999942,4.4136648075454865e-05,0
BTC-USD,2026-04-06T15:11:20.765938076Z,69594.51,69590.725,-1.5230970483373587e-05,0.00999999999476131,0.0014369731016254407,5.9642445294450614e-05,-2.119141268108235e-06,379,6.316666666666666,0.249182058046962,95.63999999999942,4.41257387150551e-05,0
BTC-USD,2026-04-06T15:11:20.842491467Z,69594.51,69590.725,0.0,0.00999999999476131,0.0014369731016254407,5.964243134054558e-05,-2.1195210946438813e-06,379,6.316666666666666,0.249182058046962,95.63999999999942,4.41257387150551e-05,0
BTC-USD,2026-04-06T15:11:20.982801556Z,69590.73,69590.725,-5.4316104220964364e-05,0.00999999999476131,0.0014369731016254407,5.962384971997045e-05,-2.257242949858447e-06,380,6.333333333333333,0.2485526315784036,95.63999999999942,4.408187283080711e-05,0
BTC-USD,2026-04-06T15:11:21.099430537Z,69590.73,69590.725,0.0,0.00999999999476131,0.0014369731016254407,5.970255196886385e-05,-2.2632144920538398e-06,379,6.316666666666666,0.249182058046962,95.63999999999942,4.402301792845299e-05,0
BTC-USD,2026-04-06T15:11:21.268756409Z,69590.72,69590.725,-1.4369731016144475e-07,0.00999999999476131,0.0014369731016254407,5.96238358218222e-05,-2.2576220984340706e-06,380,6.333333333333333,0.2485526315784036,95.63999999999942,4.408180394605194e-05,0
BTC-USD,2026-04-06T15:11:21.341145525Z,69590.72,69590.725,0.0,0.00999999999476131,0.0014369731016254407,5.9545444054973896e-05,-2.251680987648718e-06,381,6.35,0.2479265091857956,95.63999999999942,4.414086131434382e-05,0
BTC-USD,2026-04-06T15:11:21.588807206Z,69590.72,69590.725,0.0,0.00999999999476131,0.0014369731016254407,5.9587468848011864e-05,-2.335380879766862e-06,379,6.316666666666666,0.249182058046962,95.63999999999942,4.4089430501621714e-05,0
BTC-USD,2026-04-06T15:11:21.844948183Z,69590.72,69598.465,0.0,0.00999999999476131,0.0014368132967819494,5.966632343176493e-05,-2.3415755240102757e-06,378,6.3,0.24981481481429588,95.63999999999942,4.405979394481621e-05,0
BTC-USD,2026-04-06T15:11:22.014445788Z,69597.81,69598.465,0.00010187621072128464,0.00999999999476131,0.0014368132967819494,5.9827332247590986e-05,-2.0658670947899186e-06,379,6.316666666666666,0.249182058046962,95.63999999999942,4.378721818439733e-05,0
BTC-USD,2026-04-06T15:11:22.088564776Z,69597.81,69598.465,0.0,0.00999999999476131,0.0014368132967819494,5.974844622231148e-05,-2.060416258128204e-06,380,6.333333333333333,0.2485526315784036,95.63999999999942,4.384565866280149e-05,0
BTC-USD,2026-04-06T15:11:22.343265142Z,69597.81,69595.565,0.0,0.010000000009313226,0.001436873169908632,5.98134867615146e-05,-1.994080858690786e-06,379,6.316666666666666,0.24918205804700042,95.63999999999942,4.4068656561596166e-05,0
BTC-USD,2026-04-06T15:11:22.567979333Z,69596.0,69595.565,-2.600690361297336e-05,0.010000000009313226,0.001436873169908632,5.982610954863089e-05,-2.0628821910002398e-06,379,6.316666666666666,0.2491820580470388,95.63999999999942,4.4042079351528864e-05,0
BTC-USD,2026-04-06T15:11:22.590837643Z,69596.0,69598.465,0.0,0.00999999999476131,0.0014368132967819494,5.982610954863089e-05,-2.0628821910002398e-06,379,6.316666666666666,0.2491820580470388,95.63999999999942,4.407709670061093e-05,0
BTC-USD,2026-04-06T15:11:22.840245278Z,69596.0,69596.195,0.0,2.430000000007567,0.3491570192892825,5.982612218857189e-05,-2.0625023644649845e-06,379,6.316666666666666,0.25556728232144055,95.63999999999942,4.404684522891484e-05,0
BTC-USD,2026-04-06T15:11:22.845493349Z,69598.48,69596.195,3.5633596968219746e-05,2.430000000007567,0.3491570192892825,5.977842943860455e-05,-1.963040360948666e-06,380,6.333333333333333,0.2612894736837724,95.63999999999942,4.4075361208352434e-05,0
BTC-USD,2026-04-06T15:11:22.996011268Z,69598.46,69596.195,-2.873626386729055e-07,2.430000000007567,0.3491570192892825,5.9699783518430826e-05,-1.9586306827321506e-06,381,6.35,0.26698162729617086,95.63999999999942,4.4075290102793256e-05,0
BTC-USD,2026-04-06T15:11:23.089716733Z,69598.46,69590.725,0.0,0.00999999999476131,0.0014369731016254407,5.977840635755389e-05,-1.9637985737156128e-06,380,6.333333333333333,0.26765789473636115,95.63999999999942,4.4134020971925126e-05,0
BTC-USD,2026-04-06T15:11:23.291874276Z,69590.73,69590.725,-0.00011107184412750052,0.00999999999476131,0.0014369731016254407,5.996081547802799e-05,-2.250925009383468e-06,381,6.35,0.2669816272960945,95.63999999999942,4.370628732167982e-05,0
BTC-USD,2026-04-06T15:11:23.343893451Z,69590.73,69590.725,0.0,0.00999999999476131,0.0014369731016254407,5.996081547802799e-05,-2.250925009383468e-06,381,6.35,0.2669816272960563,95.63999999999942,4.370628732167982e-05,0
BTC-USD,2026-04-06T15:11:23.771340673Z,69590.72,69590.725,-1.4369731016144475e-07,0.00999999999476131,0.0014369731016254407,5.996080173420062e-05,-2.251303160199682e-06,381,6.35,0.2669816272960181,95.63999999999942,4.3663449705573465e-05,0
BTC-USD,2026-04-06T15:11:23.84064377Z,69590.72,69590.725,0.0,0.00999999999476131,0.0014369731016254407,5.988217210047042e-05,-2.2453942280206803e-06,382,6.366666666666666,0.2663089005229781,95.63999999999942,4.3663449705573465e-05,0
BTC-USD,2026-04-06T15:11:24.088403807Z,69590.72,69590.725,0.0,0.00999999999476131,0.0014369731016254407,5.98769403545159e-05,-2.28043972368537e-06,382,6.366666666666666,0.26630890052294004,95.63999999999942,4.366344970557347e-05,0
BTC-USD,2026-04-06T15:11:24.341309628Z,69590.72,69590.725,0.0,0.00999999999476131,0.0014369731016254407,5.995557356408617e-05,-2.2860630583946048e-06,381,6.35,0.26698162729590347,95.63999999999942,4.372298642040251e-05,0
BTC-USD,2026-04-06T15:11:24.590176308Z,69590.72,69588.125,0.0,0.010000000009313226,0.0014370267929065808,6.003450337434049e-05,-2.2920948870447227e-06,380,6.333333333333333,0.2676578947361314,95.63999999999942,4.366523763042936e-05,0
BTC-USD,2026-04-06T15:11:24.766168564Z,69588.12,69588.125,-3.736200129718421e-05,0.010000000009313226,0.0014370267929065808,5.998237299010262e-05,-2.3843841144398267e-06,381,6.35,0.26698162729590347,95.63999999999942,4.361369478298166e-05,0
BTC-USD,2026-04-06T15:11:24.842107395Z,69588.12,69588.125,0.0,0.010000000009313226,0.0014370267929065808,5.9903728468886584e-05,-2.378125888417675e-06,382,6.366666666666666,0.26630890052290196,95.63999999999942,4.367131663993764e-05,0
BTC-USD,2026-04-06T15:11:25.032757879Z,69588.13,69588.125,1.437026792004516e-07,0.010000000009313226,0.0014370267929065808,5.998237300453702e-05,-2.3843837719530185e-06,381,6.35,0.26698162729590347,95.63999999999942,4.3719380010698364e-05,0
BTC-USD,2026-04-06T15:11:25.087679556Z,69588.13,69588.125,0.0,0.010000000009313226,0.0014370267929065808,5.990372848326655e-05,-2.378125546829782e-06,382,6.366666666666666,0.26630890052290196,95.63999999999942,4.377717915508035e-05,0
BTC-USD,2026-04-06T15:11:25.34137323Z,69588.13,69588.125,0.0,0.010000000009313226,0.0014370267929065808,5.997302208918068e-05,-2.4327445987326096e-06,381,6.35,0.26698162729590347,95.63999999999942,4.374833974034924e-05,0
BTC-USD,2026-04-06T15:11:25.49914216Z,69588.12,69588.125,-1.4370267931178568e-07,0.010000000009313226,0.0014370267929065808,5.997300720117489e-05,-2.4331227636781665e-06,381,6.35,0.26698162729590347,95.63999999999942,4.38061202943018e-05,0
BTC-USD,2026-04-06T15:11:25.588034248Z,69588.12,69588.125,0.0,0.010000000009313226,0.0014370267929065808,5.997302207584296e-05,-2.4327449481630848e-06,381,6.35,0.26698162729594166,95.63999999999942,4.38061202943018e-05,0
BTC-USD,2026-04-06T15:11:25.840532874Z,69588.12,69588.125,0.0,0.010000000009313226,0.0014370267929065808,6.00519270885978e-05,-2.4399214249938665e-06,380,6.333333333333333,0.26765789473624624,95.63999999999942,4.3809914243569434e-05,0
BTC-USD,2026-04-06T15:11:26.088863917Z,69588.12,69585.535,0.0,0.00999999999476131,0.0014370802774975157,6.0051927088597804e-05,-2.4399214249938665e-06,380,6.333333333333333,0.26765789473624624,95.63999999999942,4.4542210885189805e-05,0
BTC-USD,2026-04-06T15:11:26.339956205Z,69588.12,69585.535,0.0,0.00999999999476131,0.0014370802774975157,6.00519270885978e-05,-2.4399214249938665e-06,380,6.333333333333333,0.26749999999941027,95.63999999999942,4.5004640511350465e-05,0
BTC-USD,2026-04-06T15:11:26.587900034Z,69588.12,69583.265,0.0,0.6499999999941792,0.09341326538704087,6.011238417332428e-05,-2.3624359169407053e-06,379,6.316666666666666,0.26986807387804895,95.63999999999942,4.498978773242387e-05,0
BTC-USD,2026-04-06T15:11:26.745921328Z,69583.61,69583.265,-6.481201320947467e-05,0.6499999999941792,0.09341326538704087,6.0197773171307644e-05,-2.5338962693467227e-06,379,6.316666666666666,0.2715567282316094,95.63999999999942,4.4854114948475076e-05,0
BTC-USD,2026-04-06T15:11:26.839993524Z,69583.61,69583.565,0.0,0.010000000009313226,0.0014371209651752141,6.0118444654247283e-05,-2.5272105272112435e-06,380,6.333333333333333,0.2708684210520771,95.63999999999942,4.529624856464654e-05,0
BTC-USD,2026-04-06T15:11:27.0121316Z,69583.56,69583.565,-7.185602754298189e-07,0.010000000009313226,0.0014371209651752141,6.0039360828960155e-05,-2.5224509212855028e-06,381,6.35,0.2701837270335921,95.63999999999942,4.5296111374380755e-05,0
BTC-USD,2026-04-06T15:11:27.087841197Z,69583.56,69583.565,0.0,0.010000000009313226,0.0014371209651752141,6.0039360828960155e-05,-2.5224509212855028e-06,381,6.35,0.2701837270336303,95.63999999999942,4.529613637819548e-05,0
BTC-USD,2026-04-06T15:11:27.239273043Z,69583.57,69583.565,1.4371209655488235e-07,0.010000000009313226,0.0014371209651752141,5.996067241942358e-05,-2.5154531180890713e-06,382,6.366666666666666,0.2695026178005824,95.63999999999942,4.529616020075247e-05,0
BTC-USD,2026-04-06T15:11:27.339702689Z,69583.57,69584.285,0.0,0.00999999999476131,0.0014371060929578151,5.988227637766234e-05,-2.5088681622825555e-06,383,6.383333333333334,0.2688250652736742,95.63999999999942,4.532701280954526e-05,0
BTC-USD,2026-04-06T15:11:27.513424225Z,69583.56,69584.285,-1.4371209655790078e-07,0.00999999999476131,0.0014371060929578151,5.99606724051312e-05,-2.515453479417763e-06,382,6.366666666666666,0.26950261780050616,95.63999999999942,4.532698700781134e-05,0
BTC-USD,2026-04-06T15:11:27.591584906Z,69583.56,69587.965,0.0,0.00999999999476131,0.0014370300948966263,5.99606724051312e-05,-2.515453479417763e-06,382,6.366666666666666,0.2695026178004681,95.63999999999942,4.526772757559777e-05,0
BTC-USD,2026-04-06T15:11:27.766617281Z,69584.29,69587.965,1.049092875970493e-05,0.00999999999476131,0.0014370300948966263,5.9885826246930365e-05,-2.481405358372939e-06,383,6.383333333333334,0.26882506527356026,95.63999999999942,4.5266535674249705e-05,0
BTC-USD,2026-04-06T15:11:27.842359067Z,69584.29,69590.705,0.0,0.010000000009313226,0.0014369735166949703,5.980772927143617e-05,-2.4749264932074745e-06,384,6.4,0.26815104166610126,95.63999999999942,4.532610797203899e-05,0
BTC-USD,2026-04-06T15:11:28.009150159Z,69589.95,69590.705,8.133689112475139e-05,0.010000000009313226,0.0014369735166949703,5.9847275845354735e-05,-2.068744686333948e-06,384,6.4,0.2681510416661392,95.63999999999942,4.5123409823493367e-05,0
BTC-USD,2026-04-06T15:11:28.091954712Z,69589.95,69601.04000000001,0.0,0.06000000001222361,0.00862056084395055,5.992546505469338e-05,-2.074160248340058e-06,383,6.383333333333334,0.2522715404695058,95.63999999999942,4.5123409823493367e-05,0
BTC-USD,2026-04-06T15:11:28.244165181Z,69598.48,69601.04000000001,0.00012256765897395146,0.06000000001222361,0.00862056084395055,6.0184235432094344e-05,-1.7487246890129261e-06,384,6.4,0.2517708333328983,95.63999999999942,4.476069043000613e-05,0
BTC-USD,2026-04-06T15:11:28.341904203Z,69598.48,69599.68,0.0,1.4199999999982538,0.20402392654653786,6.0105885531142874e-05,-1.7441707184686217e-06,385,6.416666666666667,0.2548051948047564,95.63999999999942,4.525507491477914e-05,0
BTC-USD,2026-04-06T15:11:28.533116235Z,69598.35,69599.68,-1.8678586284992853e-06,1.4199999999982538,0.20402392654653786,5.902815743042643e-05,-1.1499495589855023e-06,384,6.4,0.2591145833329165,95.63999999999942,4.51961023919843e-05,0
BTC-USD,2026-04-06T15:11:28.588117083Z,69598.35,69598.975,0.0,0.00999999999476131,0.0014368027682535999,5.8951276878422606e-05,-1.1469548986756442e-06,385,6.416666666666667,0.2584675324671031,95.63999999999942,4.525559132481232e-05,0
BTC-USD,2026-04-06T15:11:28.754454508Z,69598.97,69598.975,8.908217485865792e-06,0.00999999999476131,0.0014368027682535999,5.889321975611613e-05,-9.849964973920615e-07,385,6.416666666666667,0.2584675324671031,95.63999999999942,4.5314532714192935e-05,0
BTC-USD,2026-04-06T15:11:28.845540549Z,69598.97,69598.975,0.0,0.00999999999476131,0.0014368027682535999,5.889321975611613e-05,-9.849964973920615e-07,385,6.416666666666667,0.2584675324671031,95.63999999999942,4.537449729899092e-05,0
BTC-USD,2026-04-06T15:11:29.010476501Z,69598.98,69598.975,1.4368027690143514e-07,0.00999999999476131,0.0014368027682535999,5.789784424908958e-05,-4.1337629243855836e-07,384,6.4,0.23755208333291952,95.63999999999942,4.537452152274315e-05,0
BTC-USD,2026-04-06T15:11:29.0871729Z,69598.98,69598.975,0.0,0.00999999999476131,0.0014368027682535999,5.782241112440212e-05,-4.122997916769996e-07,385,6.416666666666667,0.2369610389606126,95.63999999999942,4.611843525688282e-05,0
BTC-USD,2026-04-06T15:11:29.258537194Z,69598.97,69598.975,-1.4368027678428652e-07,0.00999999999476131,0.0014368027682535999,5.689083708112992e-05,1.1524611375002562e-07,385,6.416666666666667,0.2307272727268615,95.63999999999942,4.611840663762791e-05,0
BTC-USD,2026-04-06T15:11:29.342500644Z,69598.97,69599.015,0.0,0.010000000009313226,0.0014368019445840183,5.689083708112992e-05,1.1524611375002562e-07,385,6.416666666666667,0.22449350649314817,95.63999999999942,4.612143925379061e-05,0
BTC-USD,2026-04-06T15:11:29.588120977Z,69598.97,69600.095,0.0,0.010000000009313226,0.0014367796494118618,5.675096489997023e-05,-1.365489738175326e-07,384,6.4,0.22505208333302562,95.63999999999942,4.6060397200251506e-05,0
BTC-USD,2026-04-06T15:11:29.762523389Z,69600.09,69600.095,1.609206269086863e-05,0.010000000009313226,0.0014367796494118618,5.6757007034784e-05,-9.453314433745784e-08,384,6.4,0.2250520833330635,95.63999999999942,4.6056084435985765e-05,0
BTC-USD,2026-04-06T15:11:29.840638794Z,69600.09,69600.59,0.0,0.9600000000064028,0.13792986525062545,5.6683056710361524e-05,-9.428696427407905e-08,385,6.416666666666667,0.22696103896078648,95.63999999999942,4.611696001012468e-05,0
BTC-USD,2026-04-06T15:11:30.11231056Z,69600.09,69601.655,0.0,0.010000000009313226,0.001436747446495809,5.674210020787795e-05,-5.2656319939119885e-08,383,6.383333333333334,0.22809399477780345,95.63999999999942,4.599547762938312e-05,0
BTC-USD,2026-04-06T15:11:30.261315757Z,69601.65,69601.655,2.241351293538623e-05,0.010000000009313226,0.001436747446495809,5.667957203773097e-05,6.002085427264842e-09,384,6.4,0.22752604166642718,95.63999999999942,4.604595805335596e-05,0
BTC-USD,2026-04-06T15:11:30.345459185Z,69601.65,69606.395,0.0,0.75,0.10774872050190215,5.667957203773097e-05,6.002085427264842e-09,384,6.4,0.22945312499977413,95.63999999999942,4.604595805335596e-05,0
BTC-USD,2026-04-06T15:11:30.513762961Z,69606.0,69606.395,6.24965654031317e-05,0.75,0.10774872050190215,5.6720813459347136e-05,4.913940926787028e-08,384,6.4,0.23138020833312112,95.63999999999942,4.600574038257613e-05,0
BTC-USD,2026-04-06T15:11:30.589922452Z,69606.0,69611.42499999999,0.0,0.00999999999476131,0.0014365457961478755,5.672081345934713e-05,4.913940926787028e-08,384,6.4,0.23138020833312112,95.63999999999942,4.606675187644974e-05,0
BTC-USD,2026-04-06T15:11:30.768256935Z,69608.84,69611.42499999999,4.0800248025086637e-05,0.00999999999476131,0.0014365457961478755,5.67408595017238e-05,-9.777881678662946e-09,383,6.383333333333334,0.23195822454288184,95.63999999999942,4.596489164201701e-05,0
BTC-USD,2026-04-06T15:11:30.845898726Z,69608.84,69611.42499999999,0.0,0.00999999999476131,0.0014365457961478755,5.67009617465664e-05,-1.1846033815493716e-07,383,6.383333333333334,0.23195822454288184,95.63999999999942,4.596489164201701e-05,0
BTC-USD,2026-04-06T15:11:31.032207925Z,69611.42,69611.42499999999,3.706357106773884e-05,0.00999999999476131,0.0014365457961478755,5.673278356817033e-05,-2.143528300378837e-08,383,6.383333333333334,0.23195822454288184,95.63999999999942,4.599230523048711e-05,0
BTC-USD,2026-04-06T15:11:31.090472171Z,69611.42,69623.985,0.0,0.010000000009313226,0.0014362866488198322,5.668392478012101e-05,9.890542119709205e-08,383,6.383333333333334,0.2254308093993167,95.63999999999942,4.59923052304871e-05,0
BTC-USD,2026-04-06T15:11:31.258430643Z,69623.59,69623.985,0.00017481235546983216,0.010000000009313226,0.0014362866488198322,5.7382625501331524e-05,5.565293883956055e-07,383,6.383333333333334,0.21890339425575156,95.63999999999942,4.5129375508963335e-05,0
BTC-USD,2026-04-06T15:11:31.344898314Z,69623.59,69626.215,0.0,0.00999999999476131,0.001436240645102037,5.7307671532645055e-05,5.550763090525361e-07,384,6.4,0.21835937499986358,95.63999999999942,4.5129375508963335e-05,0
BTC-USD,2026-04-06T15:11:31.52143552Z,69624.38,69626.215,1.134666451527557e-05,0.00999999999476131,0.001436240645102037,5.639519630279942e-05,6.262699372650792e-08,384,6.4,0.2183593749998257,95.63999999999942,4.512734121788681e-05,0
BTC-USD,2026-04-06T15:11:31.589041614Z,69624.38,69620.515,0.0,0.010000000009313226,0.001436358235688608,5.639519630279942e-05,6.262699372650792e-08,384,6.4,0.2183593749998257,95.63999999999942,4.51872736873263e-05,0
BTC-USD,2026-04-06T15:11:31.755905674Z,69623.77,69620.515,-8.761337224265232e-06,0.010000000009313226,0.001436358235688608,5.617274574185585e-05,-2.1674720316703966e-07,384,6.4,0.21835937499986358,95.63999999999942,4.5183663903341974e-05,0
BTC-USD,2026-04-06T15:11:31.843163856Z,69623.77,69620.505,0.0,0.00999999999476131,0.0014363584399109588,5.617274574185585e-05,-2.1674720316703966e-07,384,6.4,0.21835937499986358,95.63999999999942,4.518364238639593e-05,0
BTC-USD,2026-04-06T15:11:32.007036477Z,69620.51,69620.505,-4.682418553355193e-05,0.00999999999476131,0.0014363584399109588,5.585518497665102e-05,-6.985334403413998e-07,383,6.383333333333334,0.20887728459518629,95.63999999999942,4.5111492833152945e-05,0
BTC-USD,2026-04-06T15:11:32.089275601Z,69620.51,69620.505,0.0,0.00999999999476131,0.0014363584399109588,5.578223071151185e-05,-6.967095932386808e-07,384,6.4,0.20835937499987267,95.63999999999942,4.517153965140731e-05,0
BTC-USD,2026-04-06T15:11:32.34179757Z,69620.51,69624.025,0.0,0.00999999999476131,0.0014362858215625012,5.573499495847251e-05,-8.838503702650652e-07,383,6.383333333333334,0.2088772845951103,95.63999999999942,4.51823825029071e-05,0
BTC-USD,2026-04-06T15:11:32.503958173Z,69625.63,69624.025,7.353884283345373e-05,0.00999999999476131,0.0014362858215625012,5.579160045811622e-05,-6.895352444067915e-07,384,6.4,0.20835937499979687,95.63999999999942,4.509347095054299e-05,0
BTC-USD,2026-04-06T15:11:32.588597238Z,69625.63,69624.025,0.0,0.00999999999476131,0.0014362858215625012,5.579160045811622e-05,-6.895352444067915e-07,384,6.4,0.20583333333312717,95.63999999999942,4.503361241355626e-05,0
BTC-USD,2026-04-06T15:11:32.836581641Z,69624.03,69624.025,-2.2980307457522353e-05,0.00999999999476131,0.0014362858215625012,5.585637116066134e-05,-8.255461077897001e-07,383,6.383333333333334,0.20634464751931325,95.63999999999942,4.5014784577851356e-05,0
BTC-USD,2026-04-06T15:11:32.843133379Z,69624.03,69624.025,0.0,0.00999999999476131,0.0014362858215625012,5.578341986413204e-05,-8.233906349234084e-07,384,6.4,0.2058333333330514,95.63999999999942,4.5014784577851356e-05,0
BTC-USD,2026-04-06T15:11:33.088025591Z,69624.03,69624.025,0.0,0.00999999999476131,0.0014362858215625012,5.578341986413204e-05,-8.233906349234084e-07,384,6.4,0.20583333333301349,95.63999999999942,4.495519687859402e-05,0
BTC-USD,2026-04-06T15:11:33.338492676Z,69624.03,69624.025,0.0,0.00999999999476131,0.0014362858215625012,5.585637623161199e-05,-8.251702352896633e-07,383,6.383333333333334,0.20634464751919926,95.63999999999942,4.5014764619206844e-05,0
BTC-USD,2026-04-06T15:11:33.588463885Z,69624.03,69624.025,0.0,0.00999999999476131,0.0014362858215625012,5.585637623161199e-05,-8.251702352896633e-07,383,6.383333333333334,0.20634464751916126,95.63999999999942,4.5014764619206844e-05,0
BTC-USD,2026-04-06T15:11:33.769335697Z,69624.03,69624.025,0.0,0.00999999999476131,0.0014362858215625012,5.5929608448572585e-05,-8.27712895473986e-07,382,6.366666666666666,0.20685863874297095,95.63999999999942,4.495521797116888e-05,0
BTC-USD,2026-04-06T15:11:33.841254695Z,69624.03,69624.025,0.0,0.00999999999476131,0.0014362858215625012,5.5856370194450854e-05,-8.255461077894991e-07,383,6.383333333333334,0.20634464751908527,95.63999999999942,4.495521797116888e-05,0
BTC-USD,2026-04-06T15:11:34.088139179Z,69624.03,69624.025,0.0,0.00999999999476131,0.0014362858215625012,5.5856370194450854e-05,-8.255461077894991e-07,383,6.383333333333334,0.20634464751908527,95.63999999999942,4.495519809357129e-05,0
BTC-USD,2026-04-06T15:11:34.344791668Z,69624.03,69628.86,0.0,1.3999999999941792,0.20106605220797513,5.581695654838943e-05,-1.0070916566004647e-06,382,6.366666666666666,0.2104973821984668,95.63999999999942,4.566337738451078e-05,0
BTC-USD,2026-04-06T15:11:34.513210086Z,69628.16,69628.86,5.931684092321424e-05,1.3999999999941792,0.20106605220797513,5.5902207989448595e-05,-8.51404410082842e-07,382,6.366666666666666,0.21413612565396264,95.63999999999942,4.804595843600913e-05,1
BTC-USD,2026-04-06T15:11:34.591156795Z,69628.16,69627.57,0.0,1.1999999999970896,0.17234552347541204,5.5829006561365014e-05,-8.491756027266042e-07,383,6.383333333333334,0.21671018276713008,95.63999999999942,4.810936706945551e-05,1
BTC-USD,2026-04-06T15:11:34.768446753Z,69628.17,69627.57,1.4362004220397602e-07,1.1999999999970896,0.17234552347541204,5.5879399087342395e-05,-9.305380680379964e-07,382,6.366666666666666,0.22036649214612145,95.63999999999942,4.8173042158205855e-05,1
BTC-USD,2026-04-06T15:11:34.846013582Z,69628.17,69619.205,0.0,0.010000000009313226,0.001436385263134393,5.5879399087342395e-05,-9.305380680379964e-07,382,6.366666666666666,0.22036649214615953,95.63999999999942,4.8236955950144554e-05,1
BTC-USD,2026-04-06T15:11:35.011236056Z,69619.21,69619.205,-0.00012869182906505096,0.010000000009313226,0.001436385263134393,5.6186755640395634e-05,-1.2649917093914335e-06,383,6.383333333333334,0.21981723237556725,95.63999999999942,4.7826572088209446e-05,0
BTC-USD,2026-04-06T15:11:35.089727781Z,69619.21,69619.205,0.0,0.010000000009313226,0.001436385263134393,5.6186763620547804e-05,-1.2646158739650033e-06,383,6.383333333333334,0.21981723237560524,95.63999999999942,4.7890321991825825e-05,0
BTC-USD,2026-04-06T15:11:35.341964811Z,69619.21,69619.205,0.0,0.010000000009313226,0.001436385263134393,5.6260413808819025e-05,-1.2679350757339401e-06,382,6.366666666666666,0.22036649214627382,95.63999999999942,4.795432749931784e-05,0
BTC-USD,2026-04-06T15:11:35.514608329Z,69619.2,69619.205,-1.4363852628633613e-07,0.010000000009313226,0.001436385263134393,5.61867556367699e-05,-1.2649918910495225e-06,383,6.383333333333334,0.21981723237568124,95.63999999999942,4.8018571188064207e-05,1
BTC-USD,2026-04-06T15:11:35.589464251Z,69619.2,69616.625,0.0,0.010000000009313226,0.0014364384957347796,5.618626177998891e-05,-1.2492067544083313e-06,383,6.383333333333334,0.21981723237568124,95.63999999999942,4.80830929813862e-05,1
BTC-USD,2026-04-06T15:11:35.841616286Z,69619.2,69616.695,0.0,0.00999999999476131,0.0014364370492970558,5.618626177998891e-05,-1.2492067544083313e-06,383,6.383333333333334,0.21981723237564324,95.63999999999942,4.814787556448196e-05,1
BTC-USD,2026-04-06T15:11:36.037565277Z,69616.63,69616.695,-3.691578525848083e-05,0.00999999999476131,0.0014364370492970558,5.621576919408435e-05,-1.3458449357132548e-06,383,6.383333333333334,0.21981723237560524,95.63999999999942,4.8169668845222485e-05,1
BTC-USD,2026-04-06T15:11:36.087636773Z,69616.63,69616.685,0.0,0.010000000009313226,0.0014364372577225165,5.614237450325668e-05,-1.3423309802675284e-06,384,6.4,0.2192708333329847,95.63999999999942,4.823490601342216e-05,1
BTC-USD,2026-04-06T15:11:36.256552067Z,69616.69,69616.685,8.618626633141816e-07,0.010000000009313226,0.0014364372577225165,5.621582056839461e-05,-1.3443404260625897e-06,383,6.383333333333334,0.21981723237568124,95.63999999999942,4.830050658389066e-05,1
BTC-USD,2026-04-06T15:11:36.341385938Z,69616.69,69616.685,0.0,0.010000000009313226,0.0014364372577225165,5.621581109946189e-05,-1.3447162636479517e-06,383,6.383333333333334,0.21981723237571923,95.63999999999942,4.83662775671369e-05,1
